entry_date,exit_date,exit_year,symbol,shares,entry_price,exit_price,entry_value,exit_value,total_fees,pnl_egp,return_pct,hold_days,exit_reason
2015-06-24,2015-06-29,2015,MCQE,1801.0,29.6,29.68,53309.600000000006,53453.68,10.0,134.07999999999447,0.002514883352777559,5,stop
2015-06-09,2015-07-02,2015,COMI,2906.0,18.35,18.01,53325.100000000006,52337.060000000005,10.0,-998.0400000000009,-0.018714384559563937,23,stop
2015-08-03,2015-08-04,2015,MCQE,2011.0,29.68,29.68,59686.48,59686.48,10.0,-10.0,-0.00016752809613700313,1,stop
2015-08-10,2015-08-12,2015,VLMR,62855.0,0.95,0.95,59712.25,59712.25,10.0,-10.0,-0.0001674558021342242,2,signal_fail
2015-08-04,2015-08-12,2015,MCQE,2011.0,29.68,30.02,59686.48,60370.22,10.0,673.739999999998,0.011287037949134415,8,stop
2015-10-18,2015-10-19,2015,RAYA,620558.0,0.11,0.11,68261.38,68261.38,10.0,-10.0,-0.0001464849901225171,1,stop
2015-10-19,2015-11-10,2015,RAYA,620512.0,0.11,0.1,68256.32,62051.2,10.0,-6215.12000000001,-0.09104892785548256,22,stop
2015-09-09,2015-12-03,2015,EFID,4016.0,15.75,16.04,63252.0,64416.64,10.0,1154.6399999999994,0.018253157753292115,85,signal_fail
2015-12-09,2015-12-10,2015,EFID,4229.0,16.5,16.15,69778.5,68298.34999999999,10.0,-1490.1500000000087,-0.021353901710289808,1,signal_fail
2015-12-02,2015-12-10,2015,BFTH,67097.0,1.12,1.13,75148.64000000001,75819.60999999999,10.0,660.9699999999721,0.008794916653404572,8,stop
2015-12-07,2015-12-17,2015,EMFD,24312.0,2.87,2.77,69775.44,67344.24,10.0,-2441.199999999997,-0.03498401557800434,10,stop
2015-12-30,2015-12-31,2015,EFID,4334.0,16.26,16.09,70470.84000000001,69734.06,10.0,-746.7800000000134,-0.010596255397594598,1,signal_fail
2015-12-21,2016-01-03,2016,BFTH,57300.0,1.23,1.17,70479.0,67041.0,10.0,-3448.0,-0.04891890358095454,13,stop
2015-12-20,2016-01-06,2016,EMFD,25260.0,2.79,2.64,70475.4,66686.40000000001,10.0,-3798.9999999999854,-0.053901510207092836,17,stop
2016-01-11,2016-01-17,2016,BFTH,58798.0,1.21,1.03,71145.58,60561.94,10.0,-10593.64,-0.1488904236620418,6,stop
2016-02-09,2016-02-15,2016,PHDC,33463.0,2.17,2.01,72614.70999999999,67260.62999999999,10.0,-5364.080000000002,-0.07386534592330378,6,stop
2016-01-28,2016-02-16,2016,BFTH,58289.0,1.16,1.69,67615.23999999999,98508.41,10.0,30883.170000000013,0.4567148829995282,19,target
2016-02-16,2016-02-22,2016,BFTH,47014.0,1.69,2.4,79453.66,112833.6,10.0,33369.94,0.4199660553047333,6,target
2016-02-22,2016-03-03,2016,PHDC,41360.0,2.19,2.11,90578.4,87269.59999999999,10.0,-3318.800000000003,-0.036638059512007756,10,stop
2016-03-13,2016-03-20,2016,HELI,25219.0,3.68,4.21,92805.92,106171.99,10.0,13356.070000000007,0.14390623430949728,7,target
2016-03-13,2016-03-20,2016,PHDC,41993.0,2.21,2.5,92804.53,104982.5,10.0,12167.970000000001,0.13110690249158682,7,target
2016-04-06,2016-04-27,2016,COMI,6711.0,15.84,17.99,106302.24,120730.88999999998,10.0,14418.64999999998,0.13563187229769091,21,target
2016-03-28,2016-05-03,2016,BFTH,20303.0,4.99,5.6,101311.97,113696.8,10.0,12374.830000000002,0.1221397560546866,36,target
2016-04-28,2016-05-09,2016,EFID,7316.0,16.5,19.48,120714.0,142515.68,10.0,21791.679999999993,0.18051574317216007,11,stop
2016-05-10,2016-05-17,2016,OIH,46540.0,2.86,2.71,133104.4,126123.4,10.0,-6991.0,-0.0525207085299761,7,stop
2016-04-17,2016-06-02,2016,HRHO,24165.0,4.4,5.12,106326.0,123724.8,10.0,17388.800000000003,0.16353462301680605,46,target
2016-06-01,2016-06-08,2016,EFID,7625.0,17.85,16.7,136106.25,127337.5,10.0,-8778.75,-0.06449687296237452,7,stop
2016-05-10,2016-07-10,2016,ETEL,16391.0,8.12,8.55,133094.91999999998,140143.05000000002,10.0,7038.130000000034,0.05287854417944079,61,target
2016-06-02,2016-07-17,2016,COMI,7197.0,17.19,17.04,123716.43,122636.88,10.0,-1089.5499999999884,-0.00880647758436019,45,stop
2016-07-27,2016-07-28,2016,MCQE,4390.0,30.38,30.38,133368.19999999998,133368.19999999998,10.0,-10.0,-7.497758170307079e-05,1,stop
2016-07-17,2016-08-10,2016,AMOC,58750.0,2.27,2.53,133362.5,148637.5,10.0,15265.0,0.11445817009391343,24,target
2016-07-28,2016-08-14,2016,MCQE,4389.0,30.38,29.64,133337.82,130089.96,10.0,-3257.8600000000006,-0.024432211648141237,17,stop
2016-08-18,2016-09-01,2016,MCQE,4751.0,30.38,28.63,144335.38,136021.13,10.0,-8324.25,-0.05767097190682192,14,stop
2016-08-21,2016-09-20,2016,ETEL,15103.0,9.56,9.29,144384.68,140306.87,10.0,-4087.8099999999977,-0.02831095684954768,30,stop
2016-09-01,2016-10-09,2016,AMOC,57715.0,2.53,2.73,146018.94999999998,157561.95,10.0,11533.00000000003,0.07898019468724159,38,target
2016-07-17,2016-10-16,2016,HRHO,24974.0,5.34,6.32,133361.16,157835.68,10.0,24464.51999999999,0.18343873738285627,91,target
2016-10-04,2016-11-06,2016,COMI,7610.0,19.75,22.0,150297.5,167420.0,10.0,17112.5,0.11385372831456562,33,target
2016-11-03,2016-11-06,2016,ORWE,24612.0,6.61,6.13,162685.32,150871.56,10.0,-11823.76000000001,-0.07267648130509552,3,stop
2016-11-06,2016-11-07,2016,EGAL,43923.0,3.65,3.47,160318.94999999998,152412.81,10.0,-7916.139999999985,-0.04937590422391655,1,stop
2016-11-08,2016-11-10,2016,EAST,43800.0,3.6,4.31,157680.0,188777.99999999997,10.0,31087.99999999997,0.19715255097187412,2,target
2016-11-10,2016-12-28,2016,ORAS,1864.0,90.13,103.28,168002.31999999998,192513.92,10.0,24501.600000000035,0.14583650283809085,48,target
2016-12-28,2017-01-08,2017,HRHO,19323.0,10.48,12.89,202505.04,249073.47,10.0,46558.42999999999,0.22990677400488385,11,target
2016-11-10,2017-01-18,2017,EAST,38994.0,4.31,5.16,168064.13999999998,201209.04,10.0,33134.90000000002,0.1971504108368736,69,target
2016-11-13,2017-02-07,2017,EGAL,45795.0,3.67,5.33,168067.65,244087.35,10.0,76009.70000000001,0.45224312224505303,86,target
2017-01-08,2017-02-07,2017,TMGH,27530.0,9.41,7.87,259057.3,216661.1,10.0,-42406.19999999998,-0.1636911275781925,30,stop
2017-02-21,2017-03-01,2017,ADIB,42331.0,5.56,4.8,235360.36,203188.8,10.0,-32181.559999999998,-0.1367302308207121,8,stop
2017-02-23,2017-03-01,2017,AMOC,33011.0,7.13,6.42,235368.43,211930.62,10.0,-23447.809999999998,-0.09961961296990914,6,stop
2017-03-06,2017-03-07,2017,RAYA,1180855.0,0.18,0.19,212553.9,224362.45,10.0,11798.550000000017,0.05550720294468977,1,stop
2017-03-07,2017-03-09,2017,RAYA,1180802.0,0.19,0.18,224352.38,212544.36,10.0,-11818.020000000019,-0.05267497775201341,2,stop
2017-03-09,2017-04-05,2017,RAYA,1180747.0,0.18,0.34,212534.46,401453.98,10.0,188909.52,0.8888209276526815,27,target
2017-04-05,2017-04-06,2017,EAST,57868.0,7.11,7.08,411441.48,409705.44,10.0,-1746.039999999979,-0.004243662505023689,1,stop
2017-03-01,2017-05-24,2017,AMOC,33107.0,6.42,6.18,212546.94,204601.26,10.0,-7955.679999999993,-0.03742934550491514,84,stop
2017-01-29,2017-06-22,2017,ORWE,17790.0,11.31,12.26,201204.9,218105.4,10.0,16890.5,0.08394467667843382,144,signal_fail
2017-06-21,2017-07-09,2017,ADIB,29888.0,7.18,7.11,214595.84,212503.68,10.0,-2102.1600000000035,-0.009795674611525302,18,stop
2017-05-07,2017-07-10,2017,EGAL,36400.0,11.53,20.11,419692.0,732004.0,10.0,312302.0,0.7441130148654863,64,target
2017-06-22,2017-07-30,2017,ORHD,93603.0,2.33,2.32,218094.99,217158.96,10.0,-946.0299999999988,-0.004337597631251606,38,stop
2017-08-14,2017-08-21,2017,BFTH,48954.0,4.64,4.14,227146.56,202669.56,10.0,-24487.0,-0.10780027220592278,7,stop
2017-07-10,2017-08-21,2017,EAST,49764.0,9.59,9.58,477236.76,476739.12,10.0,-507.64000000001397,-0.0010636956832948022,42,stop
2017-07-19,2017-08-23,2017,RAYA,1539524.0,0.31,0.27,477252.44,415671.48,10.0,-61590.96000000002,-0.1290518593067926,35,stop
2017-08-30,2017-09-26,2017,EGAL,11547.0,31.61,45.07,365000.67,520423.29,10.0,155412.62,0.4257813858069657,27,target
2017-10-11,2017-10-23,2017,CCAP,303685.0,1.4,1.3,425159.0,394790.5,10.0,-30378.5,-0.07145125175226501,12,stop
2017-10-11,2017-11-14,2017,BFTH,97290.0,4.37,4.08,425157.3,396943.2,10.0,-28224.099999999977,-0.06638429606764282,34,stop
2017-10-23,2017-12-14,2017,ORHD,108456.0,3.64,4.43,394779.84,480460.08,10.0,85670.23999999999,0.21700488802964163,52,target
2017-12-17,2017-12-25,2017,EGCH,73311.0,6.69,6.41,490450.59,469923.51,10.0,-20537.080000000016,-0.041873475231467984,8,stop
2017-11-22,2018-01-04,2018,VLMR,330841.0,1.23,1.35,406934.43,446635.35,10.0,39690.919999999984,0.09753520321193743,43,target
2017-12-26,2018-01-22,2018,ORHD,107286.0,4.38,5.37,469912.68,576125.8200000001,10.0,106203.14000000007,0.22600371196929656,27,target
2017-09-28,2018-02-15,2018,ETEL,33187.0,12.66,12.08,420147.42,400898.96,10.0,-19258.459999999963,-0.045836841782322627,140,signal_fail
2018-02-21,2018-02-22,2018,ABUK,12417.0,33.1,31.95,411002.7,396723.15,10.0,-14289.549999999988,-0.03476711020255822,1,stop
2018-02-22,2018-03-06,2018,EAST,24044.0,16.5,18.47,396726.0,444092.68,10.0,47356.67999999999,0.11936722867635752,12,target
2018-01-22,2018-03-13,2018,ORAS,3950.0,145.82,160.18,575989.0,632711.0,10.0,56712.0,0.09845935895165575,50,target
2018-01-08,2018-03-15,2018,JUFO,42476.0,10.75,12.11,456617.0,514384.36,10.0,57757.359999999986,0.12648834265541298,66,target
2018-03-06,2018-03-27,2018,HELI,35310.0,12.86,12.08,454086.6,426544.8,10.0,-27551.79999999999,-0.06067454231701267,21,stop
2018-03-13,2018-04-11,2018,EFID,36279.0,17.44,20.0,632705.76,725580.0,10.0,92864.23999999999,0.14677202581476564,29,target
2018-04-26,2018-05-06,2018,EAST,28237.0,19.79,19.79,558810.23,558810.23,10.0,-10.0,-1.7895002611149307e-05,10,stop
2018-05-02,2018-05-06,2018,PHDC,110669.0,5.14,4.84,568838.6599999999,535637.96,10.0,-33210.69999999995,-0.05838282525641572,4,stop
2018-04-26,2018-05-31,2018,ORHD,85448.0,6.54,6.5,558829.92,555412.0,10.0,-3427.920000000042,-0.006134047600318251,35,stop
2018-05-13,2018-06-14,2018,GBCO,88403.0,6.19,5.5,547214.5700000001,486216.5,10.0,-61008.070000000065,-0.11148736877228287,32,stop
2018-05-16,2018-06-14,2018,CCAP,180599.0,3.03,2.89,547214.97,521931.11,10.0,-25293.859999999986,-0.046222472472998356,29,stop
2018-06-14,2018-08-07,2018,AMOC,44563.0,11.77,10.54,524506.51,469694.02,10.0,-54822.48999999999,-0.10452104282706778,54,stop
2018-08-29,2018-09-04,2018,RAYA,1748625.0,0.29,0.29,507101.24999999994,507101.24999999994,10.0,-10.0,-1.9719733290607247e-05,6,signal_fail
2018-08-07,2018-09-23,2018,ISPH,71422.0,7.1,5.48,507096.1999999999,391392.56000000006,10.0,-115713.63999999984,-0.22818648427572222,47,signal_fail
2018-06-27,2018-09-24,2018,CCAP,162387.0,3.23,2.74,524510.01,444940.38000000006,10.0,-79579.62999999995,-0.15172040548467802,89,stop
2018-12-23,2018-12-25,2018,ISPH,68316.0,6.75,6.55,461133.0,447469.8,10.0,-13673.200000000012,-0.02965099384566011,2,stop
2018-12-25,2018-12-26,2018,ISPH,69706.0,6.55,6.39,456574.3,445421.34,10.0,-11162.959999999963,-0.024449115411057758,1,signal_fail
2019-01-06,2019-01-08,2019,ORWE,62236.0,7.33,7.39,456189.88,459924.04,10.0,3724.1599999999744,0.008163528709484802,2,stop
2019-01-08,2019-02-28,2019,ISPH,69160.0,6.65,8.29,459914.0,573336.3999999999,10.0,113412.3999999999,0.24659211730761266,51,target
2019-01-06,2019-05-21,2019,ORHD,62235.0,7.33,5.93,456182.55,369053.55,10.0,-87139.0,-0.19101573464685742,135,stop
2019-01-06,2019-05-21,2019,EGCH,80174.0,5.69,4.04,456190.06000000006,323902.96,10.0,-132297.10000000003,-0.29000116748304994,135,stop
2019-04-17,2019-07-11,2019,VLMR,278559.0,2.13,2.05,593330.6699999999,571045.95,10.0,-22294.719999999972,-0.03757522280768991,85,stop
2019-05-21,2019-08-21,2019,EFID,17564.0,20.01,19.69,351455.64,345835.16000000003,10.0,-5630.479999999981,-0.01602022917843654,92,stop
2019-07-11,2019-08-21,2019,COMI,12622.0,36.94,37.84,466256.68,477616.48,10.0,11349.799999999988,0.02434212479138322,41,stop
2019-09-17,2019-09-23,2019,EGCH,84769.0,5.15,4.43,436560.35,375526.67,10.0,-61043.67999999999,-0.13982713011923645,6,stop
2019-09-02,2019-10-24,2019,ORHD,60718.0,7.19,6.59,436562.42,400131.62,10.0,-36440.79999999999,-0.08347118527534646,52,stop
2019-10-31,2019-11-04,2019,ORAS,3841.0,106.04,104.0,407299.64,399464.0,10.0,-7845.640000000014,-0.019262338872446955,4,stop
2019-10-31,2019-11-21,2019,AMOC,93452.0,4.36,4.2,407450.72,392498.4,10.0,-14962.319999999949,-0.03672133992866746,21,stop
2019-11-04,2019-12-03,2019,ORAS,3927.0,104.0,98.09,408408.0,385199.43,10.0,-23218.570000000007,-0.056850712391623204,29,stop
2020-02-12,2020-03-03,2020,ADIB,45093.0,8.99,8.43,405386.07,380133.99,10.0,-25262.080000000016,-0.06231533417842681,20,stop
2020-06-04,2020-06-17,2020,FWRY,150848.0,2.72,2.72,410306.56000000006,410306.56000000006,10.0,-10.0,-2.437172377010289e-05,13,stop
2020-06-18,2020-06-22,2020,FWRY,143462.0,2.86,2.98,410301.32,427516.76,10.0,17205.440000000002,0.0419331586215879,4,stop
2020-06-22,2020-07-06,2020,FWRY,143460.0,2.98,3.88,427510.8,556624.7999999999,10.0,129103.99999999994,0.3019864996802456,14,target
2020-06-07,2020-07-08,2020,BFTH,500374.0,0.82,1.04,410306.68,520388.96,10.0,110072.28000000003,0.26826504183356426,31,target
2020-06-21,2020-07-19,2020,ISPH,64818.0,6.33,6.16,410297.94,399278.88,10.0,-11029.059999999998,-0.026880285088866283,28,stop
2020-07-08,2020-07-19,2020,ORHD,129404.0,4.2,3.95,543496.8,511145.8000000001,10.0,-32360.99999999994,-0.05954166113157296,11,stop
2020-07-08,2020-07-19,2020,MCQE,104922.0,5.18,4.82,543495.96,505724.04,10.0,-37781.919999999984,-0.069515829374064,11,stop
2020-09-03,2020-10-04,2020,HELI,77046.0,6.17,5.95,475373.82,458423.7,10.0,-16960.119999999995,-0.03567706276859368,31,stop
2020-09-03,2020-10-04,2020,MCQE,73587.0,6.46,6.22,475372.02,457711.14,10.0,-17670.880000000005,-0.0371723479607828,31,stop
2020-11-17,2020-11-18,2020,RAYA,1094182.0,0.43,0.4,470498.26,437672.8000000001,10.0,-32835.459999999905,-0.06978795428537499,1,stop
2020-11-16,2020-11-22,2020,FWRY,64275.0,7.32,7.04,470493.0,452496.0,10.0,-18007.0,-0.03827221369697639,6,stop
2020-11-19,2020-11-22,2020,ETEL,34299.0,12.76,12.55,437655.24,430452.45,10.0,-7212.789999999979,-0.016480341006073523,3,signal_fail
2020-11-16,2020-12-27,2020,ORWE,66174.0,7.11,6.8,470497.14,449983.2,10.0,-20523.940000000002,-0.043621353135609546,41,stop
2020-12-21,2020-12-27,2020,GBCO,139521.0,3.2,3.22,446467.2,449257.62000000005,10.0,2780.420000000042,0.006227532195733669,6,stop
2020-12-21,2020-12-27,2020,ORHD,89472.0,4.99,4.51,446465.28,403518.72,10.0,-42956.560000000056,-0.09621370542290084,6,stop
2021-01-04,2021-01-21,2021,MCQE,63880.0,6.85,8.43,437578.0,538508.4,10.0,100920.40000000002,0.2306314459199741,17,target
2021-02-28,2021-03-01,2021,RAYA,389008.0,1.41,1.3,548501.2799999999,505710.4,10.0,-42800.87999999989,-0.07803170457774868,1,stop
2021-03-03,2021-03-04,2021,PHDC,301579.0,1.71,1.7,515700.09,512684.3,10.0,-3025.7900000000373,-0.0058672874452335485,1,stop
2021-01-04,2021-03-17,2021,ORHD,90036.0,4.86,5.99,437574.96,539315.64,10.0,101730.68,0.23248477832485745,72,target
2021-03-07,2021-03-17,2021,PHDC,298067.0,1.72,1.63,512675.24,485849.21,10.0,-26836.02999999997,-0.05234457641667635,10,stop
2021-01-04,2021-03-25,2021,GBCO,122228.0,3.58,3.87,437576.24,473022.36,10.0,35436.119999999995,0.0809818080866538,80,max_hold
2021-04-13,2021-05-19,2021,FWRY,46505.0,10.81,12.41,502719.0500000001,577127.05,10.0,74397.99999999994,0.14798973711323324,36,target
2021-04-01,2021-05-24,2021,RAYA,380847.0,1.32,1.89,502718.04,719800.83,10.0,217072.78999999998,0.431793995357762,53,target
2021-05-24,2021-05-25,2021,RAYA,380844.0,1.89,1.81,719795.1599999999,689327.64,10.0,-30477.519999999902,-0.042341641046592576,1,stop
2021-05-19,2021-05-26,2021,FWRY,47310.0,12.41,11.86,587117.1,561096.6,10.0,-26030.5,-0.044335752307739736,7,stop
2021-04-26,2021-06-01,2021,ORHD,86526.0,5.81,5.69,502716.05999999994,492332.94000000006,10.0,-10393.119999999879,-0.02067373107464382,36,stop
2021-06-08,2021-06-10,2021,ARCC,120464.0,4.68,4.64,563771.52,558952.96,10.0,-4828.560000000056,-0.008564670270411502,2,stop
2021-06-13,2021-06-16,2021,ARCC,118924.0,4.7,4.36,558942.8,518508.64,10.0,-40444.16000000003,-0.07235766917769429,3,stop
2021-05-30,2021-06-20,2021,PHDC,376627.0,1.66,1.65,625200.82,621434.5499999999,10.0,-3776.2700000000186,-0.006040042941378919,21,signal_fail
2021-06-23,2021-06-28,2021,ORHD,98952.0,5.76,5.59,569963.52,553141.6799999999,10.0,-16831.840000000084,-0.02953117480944401,5,stop
2021-06-02,2021-07-26,2021,EGAL,34821.0,16.19,20.44,563751.99,711741.24,10.0,147979.25,0.2624876544767986,54,target
2021-07-05,2021-08-03,2021,AMOC,175431.0,3.21,3.8,563133.51,666637.7999999999,10.0,103494.28999999992,0.18378123350150555,29,target
2021-06-20,2021-08-09,2021,ARCC,125266.0,4.55,5.73,569960.2999999999,717774.18,10.0,147803.88000000012,0.2593208393563611,50,target
2021-08-09,2021-08-19,2021,ARCC,121675.0,5.73,5.74,697197.75,698414.5,10.0,1206.75,0.0017308451522889145,10,stop
2021-08-09,2021-08-24,2021,TMGH,98475.0,7.08,6.92,697203.0,681447.0,10.0,-15766.0,-0.022613050911636127,15,stop
2021-07-26,2021-09-01,2021,EGAL,34820.0,20.44,25.23,711720.8,878508.6,10.0,166777.79999999993,0.23432872603466098,37,target
2021-08-26,2021-09-07,2021,AMOC,189020.0,3.65,3.55,689923.0,671021.0,10.0,-18912.0,-0.027411555988450968,12,stop
2021-08-26,2021-09-15,2021,PHDC,370925.0,1.86,2.08,689920.5,771524.0,10.0,81593.5,0.11826421838299932,20,target
2021-09-14,2021-09-20,2021,MCQE,47726.0,14.06,13.03,671027.56,621869.7799999999,10.0,-49167.780000000144,-0.07327182454454988,6,stop
2021-09-15,2021-09-21,2021,AMOC,211956.0,3.64,3.46,771519.8400000001,733367.76,10.0,-38162.080000000075,-0.049463190323204724,6,stop
2021-09-20,2021-09-21,2021,ETEL,42418.0,14.66,14.49,621847.88,614636.8200000001,10.0,-7221.0599999999395,-0.011612167816927919,1,stop
2021-09-01,2021-09-22,2021,EGAL,35215.0,25.23,24.24,888474.4500000001,853611.6,10.0,-34872.85000000009,-0.03925003555231366,21,stop
2021-09-26,2021-10-20,2021,ADIB,68393.0,10.73,10.42,733856.89,712655.0599999999,10.0,-21211.830000000075,-0.02890438962568294,24,stop
2021-10-17,2021-10-28,2021,COMI,24162.0,30.58,33.24,738873.96,803144.88,10.0,64260.92000000004,0.08697083484418076,11,target
2021-11-03,2021-11-07,2021,PHDC,387259.0,1.97,1.91,762900.23,739664.69,10.0,-23245.540000000037,-0.030469760968869015,4,stop
2021-10-12,2021-11-08,2021,EGAL,28986.0,25.49,24.1,738853.1399999999,698562.6000000001,10.0,-40300.539999999804,-0.054544354075871465,27,stop
2021-11-07,2021-11-08,2021,GBCO,168486.0,4.39,4.19,739653.5399999999,705956.3400000001,10.0,-33707.19999999984,-0.045571298345314634,1,stop
2021-11-01,2021-11-09,2021,AMOC,183830.0,4.15,4.07,762894.5000000001,748188.1000000001,10.0,-14716.400000000023,-0.019290089979086395,8,stop
2021-11-15,2021-11-18,2021,ABUK,35020.0,20.49,20.0,717559.7999999999,700400.0,10.0,-17169.79999999993,-0.023927873831046245,3,stop
2021-12-01,2021-12-12,2021,ORHD,123946.0,5.77,5.8,715168.4199999999,718886.7999999999,10.0,3708.3800000000047,0.005185287786562321,11,stop
2021-12-13,2021-12-15,2021,ABUK,34376.0,20.84,19.97,716395.84,686488.72,10.0,-29917.119999999995,-0.04176030837708118,2,stop
2021-12-13,2021-12-23,2021,ORHD,123096.0,5.82,5.75,716418.7200000001,707802.0,10.0,-8626.720000000088,-0.012041365687892198,10,stop
2021-12-26,2022-01-19,2022,ORHD,120196.0,5.8,5.53,697136.7999999999,664683.88,10.0,-32462.919999999925,-0.046565734546400644,24,stop
2022-01-04,2022-01-19,2022,HRHO,71140.0,9.94,9.71,707131.6,690769.4,10.0,-16372.199999999953,-0.02315281092790269,15,stop
2022-01-19,2022-02-01,2022,GBCO,140024.0,4.84,4.81,677716.16,673515.44,10.0,-4210.7200000000885,-0.0062130567090454844,13,stop
2021-12-12,2022-02-13,2022,COMI,20929.0,34.23,33.88,716399.6699999999,709074.52,10.0,-7335.149999999907,-0.010238836103622702,63,max_hold
2022-02-03,2022-02-13,2022,HELI,103752.0,6.56,6.28,680613.12,651562.56,10.0,-29060.55999999994,-0.04269730579609009,10,stop
2022-02-17,2022-02-21,2022,ABUK,32074.0,21.21,20.71,680289.54,664252.54,10.0,-16047.0,-0.023588312203711055,4,stop
2022-02-03,2022-02-27,2022,ARCC,157550.0,4.32,4.3,680616.0,677465.0,10.0,-3161.0,-0.004644288083970374,24,stop
2022-03-06,2022-03-09,2022,CCAP,454591.0,1.49,1.42,677340.59,645519.22,10.0,-31831.369999999995,-0.04699428249027206,3,stop
2022-03-01,2022-03-09,2022,GBCO,117594.0,5.76,5.4,677341.44,635007.6000000001,10.0,-42343.83999999985,-0.06251430213466518,8,stop
2022-03-13,2022-03-15,2022,HRHO,55400.0,11.78,11.45,652612.0,634330.0,10.0,-18292.0,-0.0280286906409119,2,stop
2022-03-22,2022-03-24,2022,GBCO,118846.0,5.44,5.37,646522.24,638203.02,10.0,-8329.219999999972,-0.01288301479764406,2,stop
2022-03-24,2022-03-27,2022,ORAS,8627.0,73.97,71.8,638139.19,619418.6,10.0,-18730.589999999967,-0.029351657969337572,3,signal_fail
2022-03-22,2022-03-28,2022,CCAP,468496.0,1.38,1.31,646524.48,613729.76,10.0,-32804.71999999997,-0.05073971259593603,6,stop
2022-04-04,2022-04-06,2022,VLMRA,20044.0,31.01,29.46,621564.4400000001,590496.24,10.0,-31078.20000000007,-0.04999956239804851,2,stop
2022-03-21,2022-04-07,2022,HRHO,54882.0,11.78,13.13,646509.96,720600.66,10.0,74080.70000000007,0.11458466483126713,17,target
2022-04-04,2022-04-10,2022,ABUK,24472.0,25.4,24.41,621588.7999999999,597361.52,10.0,-24237.27999999991,-0.03899215210962515,6,stop
2022-04-07,2022-04-10,2022,HRHO,49927.0,13.13,12.66,655541.51,632075.8200000001,10.0,-23475.689999999944,-0.03581086870556285,3,stop
2022-04-11,2022-04-12,2022,EGCH,200104.0,3.14,2.95,628326.56,590306.8,10.0,-38029.76000000001,-0.06052498779466052,1,stop
2022-04-14,2022-04-18,2022,ABUK,24635.0,24.99,24.21,615628.6499999999,596413.35,10.0,-19225.29999999993,-0.03122847492173297,4,stop
2022-04-18,2022-04-20,2022,VLMRA,20027.0,30.42,28.89,609221.3400000001,578580.03,10.0,-30651.310000000056,-0.05031185946425109,2,stop
2022-04-28,2022-05-29,2022,ABUK,22776.0,26.3,25.25,599008.8,575094.0,10.0,-23924.800000000047,-0.03994031523146887,31,stop
2022-06-09,2022-06-13,2022,EGCH,199024.0,3.0,2.93,597072.0,583140.3200000001,10.0,-13941.679999999935,-0.023349886195582707,4,signal_fail
2022-06-12,2022-06-13,2022,EAST,69997.0,8.53,8.18,597074.4099999999,572575.46,10.0,-24508.949999999953,-0.041048057577466886,1,stop
2022-04-28,2022-06-14,2022,VLMRA,19205.0,31.19,29.83,599003.9500000001,572885.15,10.0,-26128.800000000047,-0.04362004941662398,47,stop
2022-07-04,2022-07-05,2022,RMDA,396934.0,1.46,1.39,579523.64,551738.26,10.0,-27795.380000000005,-0.047962047225138006,1,stop
2022-07-07,2022-07-21,2022,RMDA,390588.0,1.46,1.49,570258.48,581976.12,10.0,11707.640000000014,0.020530229289801295,14,stop
2022-08-31,2022-09-05,2022,AMOC,140852.0,4.1,4.04,577493.2,569042.08,10.0,-8461.119999999995,-0.01465133570979095,5,stop
2022-09-12,2022-09-13,2022,RMDA,310898.0,1.86,1.77,578270.28,550289.46,10.0,-27990.820000000065,-0.04840397120208919,1,stop
2022-08-18,2022-09-19,2022,HELI,98380.0,5.87,5.64,577490.6,554863.2,10.0,-22637.400000000023,-0.03919925969998737,32,stop
2022-09-11,2022-09-20,2022,MCQE,53892.0,10.73,10.62,578261.16,572333.0399999999,10.0,-5938.120000000112,-0.010268835375046175,9,stop
2022-09-18,2022-10-03,2022,RMDA,300699.0,1.83,1.73,550279.17,520209.27,10.0,-30079.900000000023,-0.05466248465769971,15,stop
2022-10-18,2022-10-20,2022,EGAL,27222.0,20.09,25.5,546889.98,694161.0,10.0,147261.02000000002,0.26926745606624514,2,target
2022-10-20,2022-10-23,2022,EGAL,27222.0,25.5,25.0,694161.0,680550.0,10.0,-13621.0,-0.01962210768029549,3,stop
2022-10-23,2022-10-25,2022,EGAL,27221.0,25.0,23.5,680525.0,639693.5,10.0,-40841.5,-0.06001425359646158,2,stop
2022-10-30,2022-11-10,2022,RMDA,355390.0,1.8,1.74,639702.0,618378.6,10.0,-21333.400000000023,-0.033348704953986785,11,stop
2022-09-22,2022-11-16,2022,MCQE,51800.0,10.88,11.76,563584.0,609168.0,10.0,45574.0,0.08086389194962997,55,max_hold
2022-11-13,2022-11-27,2022,EGCH,177005.0,3.55,4.38,628367.75,775281.9,10.0,146904.15000000002,0.23378504239720774,14,target
2022-10-18,2022-11-28,2022,HRHO,55130.0,9.92,11.42,546889.6,629584.6,10.0,82685.0,0.151190009921473,41,target
2022-11-27,2022-11-30,2022,GBCO,161852.0,4.79,4.72,775271.08,763941.44,10.0,-11339.640000000014,-0.014626583087666028,3,stop
2022-11-28,2022-12-01,2022,EGCH,129276.0,4.87,4.49,629574.12,580449.24,10.0,-49134.880000000005,-0.07804401137064394,3,stop
2022-11-16,2022-12-04,2022,CCAP,465006.0,1.31,1.5,609157.86,697509.0,10.0,88341.14000000001,0.14502056149647735,18,target
2022-12-08,2023-01-10,2023,EAST,62400.0,10.32,12.15,643968.0,758160.0,10.0,114182.0,0.17730867598486272,33,target
2023-01-10,2023-01-11,2023,COMI,16484.0,46.6,43.7,768154.4,720350.8,10.0,-47813.59999999998,-0.062244372717433355,1,stop
2022-11-30,2023-01-16,2023,EGAL,26198.0,29.16,35.38,763933.68,926885.24,10.0,162941.55999999994,0.21329141234215282,47,target
2023-01-18,2023-01-24,2023,GBCO,143736.0,5.73,5.4,823607.28,776174.4,10.0,-47442.880000000005,-0.057603415043787354,6,stop
2023-01-24,2023-01-31,2023,COMI,16716.0,46.43,52.5,776123.88,877590.0,10.0,101456.12,0.13072071226108736,7,target
2023-01-16,2023-02-02,2023,MCQE,49615.0,16.6,15.8,823609.0000000001,783917.0,10.0,-39702.00000000012,-0.048204620125447246,17,stop
2022-12-19,2023-02-14,2023,ETEL,26610.0,24.2,26.98,643962.0,717937.8,10.0,73965.80000000005,0.11485961237144146,57,max_hold
2023-02-14,2023-02-22,2023,EGCH,130771.0,5.49,5.35,717932.79,699624.85,10.0,-18317.94000000006,-0.025514661931920396,8,stop
2023-02-13,2023-03-06,2023,HELI,83996.0,9.95,9.2,835760.2,772763.2,10.0,-63007.0,-0.07538839855978689,21,stop
2023-02-07,2023-03-16,2023,AMOC,108965.0,7.67,7.19,835761.55,783458.3500000001,10.0,-52313.19999999995,-0.06259307697825421,37,stop
2023-04-10,2023-04-13,2023,VLMRA,16599.0,45.8,42.07,760234.2,698319.93,10.0,-61924.2699999999,-0.08145366616191313,3,stop
2023-04-18,2023-04-19,2023,COMI,12466.0,58.5,54.6,729261.0,680643.6,10.0,-48627.40000000002,-0.06667992200376821,1,stop
2023-04-19,2023-04-27,2023,COMI,12912.0,54.6,52.4,704995.2000000001,676588.7999999999,10.0,-28416.40000000014,-0.04030693892001752,8,stop
2023-03-27,2023-04-27,2023,AMOC,93243.0,8.1,10.18,755268.2999999999,949213.74,10.0,193935.44000000006,0.256775183234996,31,target
2023-04-19,2023-05-02,2023,VLMRA,15389.0,45.81,42.6,704970.0900000001,655571.4,10.0,-49408.69000000006,-0.07008572458921924,13,stop
2023-05-09,2023-05-15,2023,VLMRA,16954.0,45.05,42.36,763777.7,718171.44,10.0,-45616.26000000001,-0.059724133578830746,6,stop
2023-05-09,2023-05-17,2023,ORWE,45599.0,16.75,15.52,763783.25,707696.48,10.0,-56096.77000000002,-0.0734454477402605,8,stop
2023-05-28,2023-06-15,2023,ARCC,91470.0,7.98,7.26,729930.6000000001,664072.2,10.0,-65868.40000000014,-0.09023864571066287,18,stop
2023-05-25,2023-06-21,2023,COMI,13902.0,52.5,51.96,729855.0,722347.92,10.0,-7517.079999999958,-0.010299345079878276,27,signal_fail
2023-06-15,2023-06-26,2023,EGAL,15527.0,43.41,42.57,674027.07,660984.39,10.0,-13052.679999999935,-0.019365072644095312,11,stop
2023-05-24,2023-06-26,2023,ORWE,46787.0,15.6,14.62,729877.2,684025.94,10.0,-45861.26000000001,-0.06283378331462257,33,stop
2023-07-04,2023-07-09,2023,ISPH,267357.0,2.59,2.4,692454.63,641656.7999999999,10.0,-50807.830000000075,-0.07337298493487639,5,stop
2023-07-04,2023-07-10,2023,CCAP,237957.0,2.91,2.45,692454.87,582994.65,10.0,-109470.21999999997,-0.15808890123842118,6,stop
2023-07-04,2023-07-10,2023,EGCH,97255.0,7.12,6.58,692455.6,639937.9,10.0,-52527.69999999995,-0.07585659025221067,6,stop
2023-07-16,2023-08-02,2023,EGCH,89298.0,6.96,6.69,621514.08,597403.62,10.0,-24120.459999999963,-0.03880888097594681,17,stop
2023-08-01,2023-08-02,2023,ORHD,57991.0,10.89,10.69,631521.99,619923.7899999999,10.0,-11608.20000000007,-0.018381162141621325,1,stop
2023-08-02,2023-08-03,2023,GBCO,89643.0,6.79,6.39,608675.97,572818.77,10.0,-35867.19999999995,-0.05892610705407786,1,stop
2023-08-02,2023-08-06,2023,ORAS,5030.0,121.0,118.05,608630.0,593791.5,10.0,-14848.5,-0.02439639521223722,4,stop
2023-08-07,2023-08-20,2023,GBCO,88379.0,6.6,6.41,583301.4,566509.39,10.0,-16802.01000000001,-0.02880477567192818,13,stop
2023-07-17,2023-08-22,2023,HELI,57816.0,10.75,12.84,621522.0,742357.44,10.0,120825.43999999994,0.1944009512056595,36,target
2023-08-07,2023-08-30,2023,ORHD,53464.0,10.91,10.34,583292.24,552817.76,10.0,-30484.47999999998,-0.052262342266526034,23,stop
2023-08-28,2023-08-31,2023,ORAS,5320.0,123.0,119.0,654360.0,633080.0,10.0,-21290.0,-0.032535358706532284,3,stop
2023-09-11,2023-09-25,2023,HELI,50350.0,12.25,11.75,616787.5,591612.5,10.0,-25185.0,-0.04083220856284731,14,stop
2023-09-11,2023-09-26,2023,ORAS,5182.0,119.01,131.98,616709.8200000001,683920.36,10.0,67200.53999999992,0.10896533992810471,15,target
2023-10-02,2023-10-03,2023,EAST,34203.0,18.54,18.06,634123.62,617706.1799999999,10.0,-16427.44000000006,-0.02590553317085745,1,stop
2023-10-16,2023-10-18,2023,ORWE,39538.0,15.9,18.52,628654.2000000001,732243.76,10.0,103579.55999999994,0.16476265677810797,2,target
2023-10-11,2023-10-19,2023,EAST,34655.0,18.14,20.29,628641.7000000001,703149.95,10.0,74498.24999999988,0.11850575211800185,8,target
2023-10-18,2023-10-19,2023,ORWE,39537.0,18.52,17.6,732225.24,695851.2000000001,10.0,-36384.03999999992,-0.049689343614106846,1,stop
2023-10-11,2023-10-22,2023,TMGH,47625.0,13.2,15.73,628650.0,749141.25,10.0,120481.25,0.1916492352721286,11,target
2023-10-31,2023-11-01,2023,EAST,34839.0,20.79,19.55,724302.8099999999,681102.4500000001,10.0,-43210.35999999987,-0.059657454197546034,1,stop
2023-10-29,2023-11-02,2023,HELI,60969.0,11.88,11.64,724311.7200000001,709679.16,10.0,-14642.560000000056,-0.020215686861405124,4,stop
2023-11-07,2023-11-13,2023,ORAS,3951.0,177.25,168.02,700314.75,663847.02,10.0,-36477.72999999998,-0.052087250145379994,6,stop
2023-11-06,2023-12-03,2023,EAST,35552.0,19.7,19.25,700374.4,684376.0,10.0,-16008.400000000023,-0.022856754496205944,27,stop
2023-11-13,2023-12-04,2023,ABUK,8132.0,81.64,77.21,663896.48,627871.72,10.0,-36034.76000000001,-0.054277270175689334,21,stop
2023-12-05,2023-12-10,2023,TMGH,27207.0,24.3,23.18,661130.1,630658.26,10.0,-30481.839999999967,-0.04610531190977452,5,stop
2023-10-19,2023-12-12,2023,ORWE,39744.0,17.6,17.1,699494.4,679622.4,10.0,-19882.0,-0.028423183779714464,54,max_hold
2023-12-04,2023-12-24,2023,PHDC,222602.0,2.97,2.81,661127.9400000001,625511.62,10.0,-35626.320000000065,-0.05388677200080223,20,stop
2023-12-19,2023-12-25,2023,ORAS,3628.0,180.54,171.87,654999.12,623544.36,10.0,-31464.76000000001,-0.04803749936717957,6,stop
2023-12-14,2024-01-17,2024,TMGH,28129.0,23.29,28.3,655124.41,796050.7000000001,10.0,140916.29000000004,0.21509687681400233,34,target
2023-12-28,2024-01-23,2024,ABUK,7560.0,82.63,94.0,624682.7999999999,710640.0,10.0,85947.20000000007,0.1375842460826033,26,target
2024-01-17,2024-01-28,2024,TMGH,28484.0,28.3,34.75,806097.2000000001,989819.0,10.0,183711.79999999993,0.22790137528467225,11,target
2023-12-26,2024-01-30,2024,ORAS,3471.0,179.9,214.5,624432.9,744529.5,10.0,120086.59999999998,0.19231151728618645,35,target
2024-01-31,2024-02-01,2024,PHDC,232853.0,3.5,3.13,814985.5,728829.89,10.0,-86165.60999999999,-0.1057259072345015,1,stop
2024-02-05,2024-02-25,2024,PHDC,228207.0,3.46,4.48,789596.22,1022367.36,10.0,232761.14,0.2947831564900571,20,target
2024-02-19,2024-02-25,2024,MCQE,35281.0,22.38,25.95,789588.7799999999,915541.95,10.0,125943.17000000004,0.15950375140999726,6,target
2024-02-13,2024-02-26,2024,ORWE,32334.0,24.42,20.94,789596.28,677073.9600000001,10.0,-112532.31999999995,-0.14251790473287979,13,stop
2024-03-13,2024-03-14,2024,JUFO,38043.0,23.0,22.7,874989.0,863576.1,10.0,-11422.900000000023,-0.013054832375993463,1,stop
2024-03-14,2024-03-17,2024,JUFO,38378.0,22.7,22.23,871180.6,853142.9400000001,10.0,-18047.659999999916,-0.020716205593848104,3,stop
2024-03-17,2024-03-19,2024,JUFO,38918.0,22.23,20.99,865147.14,816888.82,10.0,-48268.320000000065,-0.05579171311996069,2,stop
2024-04-16,2024-04-21,2024,GBCO,70752.0,12.05,10.97,852561.6000000001,776149.4400000001,10.0,-76422.16000000003,-0.0896377596776604,5,stop
2024-04-02,2024-04-24,2024,TMGH,13071.0,65.21,58.5,852359.9099999999,764653.5,10.0,-87716.40999999992,-0.10290945693670088,22,stop
2024-04-02,2024-04-24,2024,ORAS,3122.0,273.0,249.0,852306.0,777378.0,10.0,-74938.0,-0.08792330499078388,22,stop
2024-05-07,2024-05-12,2024,EFIH,37096.0,20.92,19.44,776048.3200000001,721146.24,10.0,-54912.080000000075,-0.07075812780492978,5,stop
2024-05-20,2024-05-23,2024,GBCO,63410.0,11.95,11.21,757749.5,710826.1000000001,10.0,-46933.39999999991,-0.06193747447227289,3,stop
2024-05-19,2024-06-09,2024,EFIH,37906.0,19.99,18.5,757740.94,701261.0,10.0,-56489.939999999944,-0.07454997383423782,21,stop
2024-05-21,2024-06-10,2024,ORAS,2735.0,277.0,251.55,757595.0,687989.25,10.0,-69615.75,-0.0918898495248152,20,stop
2024-06-12,2024-06-26,2024,GBCO,61647.0,11.41,14.8,703392.27,912375.6,10.0,208973.32999999996,0.2970914715094074,14,target
2024-06-13,2024-07-15,2024,ORAS,2606.0,269.89,259.73,703333.34,676856.38,10.0,-26486.959999999963,-0.03765891675974889,32,signal_fail
2024-06-23,2024-07-15,2024,EFIH,35909.0,19.59,23.0,703457.3099999999,825907.0,10.0,122439.69000000006,0.1740529496171587,22,target
2024-07-10,2024-07-15,2024,GBCO,62918.0,14.66,13.5,922377.88,849393.0,10.0,-72994.88,-0.07913728841107719,5,stop
2024-07-21,2024-07-24,2024,ORWE,33363.0,23.5,25.01,784030.5,834408.63,10.0,50368.130000000005,0.06424215485140661,3,stop
2024-07-21,2024-07-24,2024,ORAS,2914.0,269.0,265.1,783866.0,772501.4,10.0,-11374.599999999977,-0.0145108059872096,3,signal_fail
2024-07-21,2024-07-28,2024,GBCO,53192.0,14.74,13.63,784050.08,725006.9600000001,10.0,-59053.11999999988,-0.0753175656995933,7,stop
2024-07-31,2024-08-04,2024,PHDC,161921.0,4.72,4.42,764267.12,715690.82,10.0,-48586.30000000005,-0.06357199056273313,4,stop
2024-07-24,2024-08-05,2024,AMOC,88495.0,9.08,8.8,803534.6,778756.0000000001,10.0,-24788.59999999986,-0.030849257460366434,12,stop
2024-08-01,2024-08-05,2024,EFIH,31823.0,24.33,23.19,774253.59,737975.37,10.0,-36288.21999999997,-0.046868346659221405,4,stop
2024-08-04,2024-08-05,2024,JUFO,33585.0,21.31,20.57,715696.35,690843.45,10.0,-24862.900000000023,-0.03473921070569452,1,stop
2024-08-05,2024-08-06,2024,JUFO,35772.0,20.57,20.0,735830.04,715440.0,10.0,-20400.040000000037,-0.027723659368001877,1,stop
2024-08-12,2024-08-20,2024,EFIH,30188.0,24.15,23.04,729040.2,695531.52,10.0,-33518.679999999935,-0.04597613426437749,8,stop
2024-08-12,2024-08-22,2024,PHDC,166450.0,4.38,5.2,729051.0,865540.0,10.0,136479.0,0.18719961155247333,10,target
2024-08-22,2024-08-28,2024,HRHO,40981.0,21.12,24.0,865518.7200000001,983544.0,10.0,118015.27999999991,0.13635129491309597,6,target
2024-08-20,2024-09-02,2024,EMFD,101388.0,6.86,7.98,695521.68,809076.24,10.0,113544.55999999994,0.16324975484765003,13,target
2024-09-08,2024-09-12,2024,MCQE,39828.0,22.63,22.0,901307.64,876216.0,10.0,-25101.640000000014,-0.02785009206128521,4,stop
2024-08-12,2024-10-07,2024,GBCO,51487.0,14.16,14.97,729055.92,770760.39,10.0,41694.46999999997,0.05718928124689494,56,max_hold
2024-09-04,2024-10-09,2024,JUFO,36037.0,25.01,29.13,901285.37,1049757.81,10.0,148462.44000000006,0.16472209727482173,35,target
2024-09-12,2024-10-14,2024,HRHO,37302.0,23.49,21.6,876223.98,805723.2000000001,10.0,-70510.77999999991,-0.08047072353165027,32,stop
2024-10-07,2024-10-16,2024,MCQE,36112.0,21.62,28.3,780741.4400000001,1021969.6,10.0,241218.15999999992,0.3089583860286316,9,target
2024-10-16,2024-10-20,2024,JUFO,32813.0,29.23,31.03,959123.99,1018187.39,10.0,59053.40000000002,0.06156982075997935,4,target
2024-11-06,2024-11-13,2024,EAST,35340.0,27.98,27.0,988813.2,954180.0,10.0,-34643.19999999995,-0.03503495384692551,7,stop
2024-10-22,2024-11-28,2024,EMFD,123903.0,7.9,7.6,978833.7,941662.8,10.0,-37180.89999999991,-0.03798470575386926,37,stop
2024-10-20,2024-12-11,2024,JUFO,31544.0,31.03,31.47,978810.32,992689.68,10.0,13869.360000000102,0.014169537109411103,52,max_hold
2024-12-10,2024-12-15,2024,VLMR,1189573.0,0.8,0.8,951658.4,951658.4,10.0,-10.0,-1.0507916979890158e-05,5,stop
2024-12-15,2024-12-22,2024,VLMR,1215205.0,0.8,0.79,972164.0,960011.95,10.0,-12162.050000000047,-0.012510221988152314,7,stop
2024-12-31,2025-01-02,2025,JUFO,29471.0,32.78,33.5,966059.38,987278.5,10.0,21209.119999999995,0.021954147610742044,2,stop
2024-11-13,2025-01-08,2025,ARCC,63528.0,15.02,17.29,954190.56,1098399.12,10.0,144198.56000000006,0.15112055226918059,56,max_hold
2025-01-02,2025-01-08,2025,EAST,33277.0,29.5,28.02,981671.5,932421.54,10.0,-49259.95999999996,-0.05017942265094454,6,stop
2025-01-08,2025-01-09,2025,ARCC,58727.0,17.29,15.8,1015389.83,927886.6,10.0,-87513.22999999998,-0.08618640494752174,1,stop
2025-01-02,2025-01-14,2025,GBCO,57309.0,17.13,16.5,981703.17,945598.5,10.0,-36114.67000000004,-0.036787582199708124,12,stop
2025-01-19,2025-01-27,2025,ARCC,59077.0,16.3,19.3,962955.1,1140186.1,10.0,177221.00000000012,0.18403773946604862,8,target
2025-01-22,2025-01-28,2025,ORWE,36475.0,26.4,25.84,962940.0,942514.0,10.0,-20436.0,-0.02122239587930775,6,signal_fail
2025-01-27,2025-02-05,2025,GBCO,62631.0,16.79,16.26,1051574.49,1018380.06,10.0,-33204.429999999935,-0.03157576799068222,9,stop
2025-02-18,2025-02-24,2025,ORHD,55114.0,18.28,20.06,1007483.92,1105586.84,10.0,98092.92000000004,0.09736377051173926,6,target
2025-02-10,2025-03-12,2025,ARCC,51825.0,19.44,23.72,1007478.0,1229289.0,10.0,221801.0,0.22015359068093457,30,target
2025-03-12,2025-03-16,2025,ARCC,52250.0,23.72,22.79,1239370.0,1190777.5,10.0,-48602.5,-0.039215330307614725,4,stop
2025-02-24,2025-03-17,2025,EGAL,7273.0,152.0,173.09,1105496.0,1258883.57,10.0,153377.57000000007,0.13874032678396497,21,target
2025-02-18,2025-03-23,2025,GBCO,59898.0,16.82,19.5,1007484.36,1168011.0,10.0,160516.64,0.159323409628862,33,target
2025-03-20,2025-03-25,2025,ARCC,53775.0,23.41,22.51,1258872.75,1210475.25,10.0,-48407.5,-0.038452899814934376,5,stop
2025-03-16,2025-04-07,2025,CCAP,405023.0,2.94,2.8,1190767.62,1134064.4,10.0,-56713.220000000205,-0.047627245577749514,22,stop
2025-04-06,2025-04-07,2025,ORHD,48744.0,24.5,23.0,1194228.0,1121112.0,10.0,-73126.0,-0.06123260703732019,1,stop
2025-04-27,2025-05-11,2025,EGAL,6885.0,167.0,161.0,1149795.0,1108485.0,10.0,-41320.0,-0.0359366846408071,14,stop
2025-04-14,2025-05-26,2025,HRHO,41122.0,27.96,31.11,1149771.12,1279305.42,10.0,129524.29999999981,0.11265175693508037,42,target
2025-04-15,2025-06-02,2025,ARCC,50741.0,22.66,31.01,1149791.06,1573478.41,10.0,423677.34999999986,0.36848043295608424,48,target
2025-05-12,2025-06-16,2025,ISPH,122108.0,9.16,8.89,1118509.28,1085540.12,10.0,-32979.159999999916,-0.02948479119998353,35,stop
2025-06-11,2025-06-16,2025,FWRY,138295.0,11.45,11.0,1583477.75,1521245.0,10.0,-62242.75,-0.03930750113949773,5,stop
2025-06-17,2025-06-29,2025,MCQE,30639.0,42.54,57.68,1303383.06,1767257.52,10.0,463864.45999999996,0.3558912915007062,12,target
2025-06-29,2025-07-02,2025,ISPH,186616.0,9.47,9.09,1767253.52,1696339.44,10.0,-70924.08000000007,-0.040132260898648874,3,stop
2025-05-27,2025-07-30,2025,GBCO,59226.0,21.6,24.5,1279281.6,1451037.0,10.0,171745.3999999999,0.13425091765988942,64,max_hold
2025-07-15,2025-07-31,2025,MCQE,32158.0,53.06,75.7,1706303.48,2434360.6,10.0,728047.1200000001,0.4266796587683841,16,target
2025-07-30,2025-08-19,2025,ARCC,39754.0,36.5,43.8,1451021.0,1741225.2,10.0,290194.19999999995,0.19999241915720323,20,target
2025-06-23,2025-08-21,2025,FWRY,111305.0,11.71,13.66,1303381.55,1520426.3,10.0,217034.75,0.16651602703741264,59,max_hold
2025-08-31,2025-09-01,2025,FWRY,118538.0,13.8,13.32,1635824.4,1578926.16,10.0,-56908.23999999999,-0.03478861548765415,1,stop
2025-07-31,2025-09-08,2025,GBCO,100180.0,24.3,23.6,2434374.0,2364248.0,10.0,-70136.0,-0.028810633019755758,39,stop
2025-09-03,2025-09-08,2025,ETEL,34399.0,46.19,45.0,1588889.8099999998,1547955.0,10.0,-40944.80999999982,-0.025769364807730618,5,stop
2025-08-28,2025-09-16,2025,ORAS,4216.0,388.0,423.95,1635808.0,1787373.2,10.0,151555.19999999995,0.09264824280036896,19,target
2025-09-16,2025-09-17,2025,ARCC,44517.0,40.15,38.9,1787357.55,1731711.3,10.0,-55656.25,-0.031138758054430535,1,stop
2025-09-17,2025-09-23,2025,COMI,17851.0,97.01,96.0,1731725.51,1713696.0,10.0,-18039.51000000001,-0.01041704231451117,6,stop
2025-09-14,2025-10-01,2025,ETEL,42505.0,46.02,51.0,1956080.1,2167755.0,10.0,211664.8999999999,0.1082084312180487,17,target
2025-10-01,2025-10-13,2025,EFID,111341.0,19.56,23.38,2177829.96,2603152.58,10.0,425312.6200000001,0.1952914834281107,12,target
2025-09-25,2025-10-21,2025,COMI,17353.0,98.75,105.31,1713608.75,1827444.43,10.0,113825.67999999993,0.06642435029480823,26,target
2025-10-21,2025-10-22,2025,EAST,42291.0,43.22,43.0,1827817.02,1818513.0,10.0,-9314.020000000019,-0.005095693069722411,1,stop
2025-10-13,2025-10-29,2025,ORAS,5549.0,469.05,460.93,2602758.45,2557700.57,10.0,-45067.880000000354,-0.017315396064901845,16,stop
2025-09-08,2025-11-05,2025,EGCH,174031.0,11.24,11.06,1956108.44,1924782.86,10.0,-31335.57999999984,-0.01601930611958775,58,max_hold
2025-10-22,2025-11-09,2025,EAST,42290.0,43.0,47.01,1818470.0,1988052.9,10.0,169572.8999999999,0.09325005842807842,18,target
2025-11-10,2025-11-13,2025,ARCC,41187.0,47.5,55.02,1956382.5,2266108.74,10.0,309716.2400000002,0.1583102733993139,3,target
2025-11-13,2025-11-17,2025,ARCC,38373.0,55.02,52.5,2111282.46,2014582.5,10.0,-96709.95999999996,-0.045806154695770304,4,stop
2025-11-04,2025-11-17,2025,ETEL,49541.0,51.83,62.68,2567710.03,3105229.88,10.0,537509.8500000001,0.20933391895906772,13,target
2025-11-13,2025-11-18,2025,EFID,88006.0,23.99,23.5,2111263.94,2068141.0,10.0,-43132.939999999944,-0.020429865273345966,5,stop
2025-12-01,2025-12-10,2025,TMGH,31388.0,76.44,75.95,2399298.7199999997,2383918.6,10.0,-15390.119999999646,-0.006414410927516775,9,stop
2025-12-10,2026-01-15,2026,EFID,94370.0,25.37,27.49,2394166.9,2594231.3,10.0,200054.3999999999,0.08355891237383578,36,stop
2025-12-10,2026-01-21,2026,ETEL,37403.0,64.01,80.11,2394166.0300000003,2996354.33,10.0,602178.2999999998,0.25151849740659493,42,target
2025-12-16,2026-01-26,2026,TMGH,31498.0,76.01,86.44,2394162.98,2722687.12,10.0,328514.14000000013,0.13721432361650754,41,target
2026-01-21,2026-02-01,2026,EFID,102967.0,29.1,28.85,2996339.7,2970597.95,10.0,-25751.75,-0.00859438835591913,11,stop
2026-01-19,2026-02-08,2026,MCQE,14967.0,174.0,164.03,2604258.0,2455037.01,10.0,-149230.99000000022,-0.05730258042294508,20,stop
2026-01-26,2026-03-02,2026,TMGH,31498.0,86.44,85.24,2722687.12,2684889.52,10.0,-37807.60000000009,-0.013886109164630811,35,stop
2026-03-01,2026-03-02,2026,ABUK,39137.0,69.7,68.8,2727848.9,2692625.6,10.0,-35233.299999999814,-0.012916124283635503,1,stop
2026-03-04,2026-03-25,2026,ABUK,34520.0,77.89,94.0,2688762.8,3244880.0,10.0,556107.2000000002,0.20682604128180954,21,target
2026-02-10,2026-03-31,2026,MCQE,15468.0,175.7,168.5,2717727.5999999996,2606358.0,10.0,-111379.59999999963,-0.04098254552342627,49,stop
