date,traded_value,fees,turnover_pct,open_positions,cash
2015-01-15,0.0,0.0,0.0,0,110000.0
2015-01-18,0.0,0.0,0.0,0,110000.0
2015-01-19,0.0,0.0,0.0,0,110000.0
2015-01-20,0.0,0.0,0.0,0,110000.0
2015-01-21,0.0,0.0,0.0,0,110000.0
2015-01-22,0.0,0.0,0.0,0,110000.0
2015-01-26,0.0,0.0,0.0,0,110000.0
2015-01-27,0.0,0.0,0.0,0,110000.0
2015-01-28,0.0,0.0,0.0,0,110000.0
2015-01-29,0.0,0.0,0.0,0,110000.0
2015-02-01,0.0,0.0,0.0,0,120000.0
2015-02-02,0.0,0.0,0.0,0,120000.0
2015-02-03,0.0,0.0,0.0,0,120000.0
2015-02-04,0.0,0.0,0.0,0,120000.0
2015-02-05,0.0,0.0,0.0,0,120000.0
2015-02-08,0.0,0.0,0.0,0,120000.0
2015-02-09,0.0,0.0,0.0,0,120000.0
2015-02-10,0.0,0.0,0.0,0,120000.0
2015-02-11,0.0,0.0,0.0,0,120000.0
2015-02-12,0.0,0.0,0.0,0,120000.0
2015-02-15,0.0,0.0,0.0,0,120000.0
2015-02-16,0.0,0.0,0.0,0,120000.0
2015-02-17,0.0,0.0,0.0,0,120000.0
2015-02-18,0.0,0.0,0.0,0,120000.0
2015-02-19,0.0,0.0,0.0,0,120000.0
2015-02-22,0.0,0.0,0.0,0,120000.0
2015-02-23,0.0,0.0,0.0,0,120000.0
2015-02-24,0.0,0.0,0.0,0,120000.0
2015-02-25,0.0,0.0,0.0,0,120000.0
2015-02-26,0.0,0.0,0.0,0,120000.0
2015-03-01,0.0,0.0,0.0,0,130000.0
2015-03-02,0.0,0.0,0.0,0,130000.0
2015-03-03,0.0,0.0,0.0,0,130000.0
2015-03-04,0.0,0.0,0.0,0,130000.0
2015-03-05,0.0,0.0,0.0,0,130000.0
2015-03-08,0.0,0.0,0.0,0,130000.0
2015-03-09,0.0,0.0,0.0,0,130000.0
2015-03-10,0.0,0.0,0.0,0,130000.0
2015-03-11,0.0,0.0,0.0,0,130000.0
2015-03-12,0.0,0.0,0.0,0,130000.0
2015-03-15,0.0,0.0,0.0,0,130000.0
2015-03-16,0.0,0.0,0.0,0,130000.0
2015-03-17,0.0,0.0,0.0,0,130000.0
2015-03-18,0.0,0.0,0.0,0,130000.0
2015-03-19,0.0,0.0,0.0,0,130000.0
2015-03-22,0.0,0.0,0.0,0,130000.0
2015-03-23,0.0,0.0,0.0,0,130000.0
2015-03-24,0.0,0.0,0.0,0,130000.0
2015-03-25,0.0,0.0,0.0,0,130000.0
2015-03-26,0.0,0.0,0.0,0,130000.0
2015-03-30,0.0,0.0,0.0,0,130000.0
2015-03-31,0.0,0.0,0.0,0,130000.0
2015-04-01,0.0,0.0,0.0,0,140000.0
2015-04-02,0.0,0.0,0.0,0,140000.0
2015-04-05,0.0,0.0,0.0,0,140000.0
2015-04-06,0.0,0.0,0.0,0,140000.0
2015-04-07,0.0,0.0,0.0,0,140000.0
2015-04-08,0.0,0.0,0.0,0,140000.0
2015-04-09,0.0,0.0,0.0,0,140000.0
2015-04-14,0.0,0.0,0.0,0,140000.0
2015-04-15,0.0,0.0,0.0,0,140000.0
2015-04-16,0.0,0.0,0.0,0,140000.0
2015-04-19,0.0,0.0,0.0,0,140000.0
2015-04-20,0.0,0.0,0.0,0,140000.0
2015-04-22,0.0,0.0,0.0,0,140000.0
2015-04-23,0.0,0.0,0.0,0,140000.0
2015-04-26,0.0,0.0,0.0,0,140000.0
2015-04-27,0.0,0.0,0.0,0,140000.0
2015-04-28,0.0,0.0,0.0,0,140000.0
2015-04-29,0.0,0.0,0.0,0,140000.0
2015-04-30,0.0,0.0,0.0,0,140000.0
2015-05-03,0.0,0.0,0.0,0,150000.0
2015-05-04,0.0,0.0,0.0,0,150000.0
2015-05-05,0.0,0.0,0.0,0,150000.0
2015-05-07,0.0,0.0,0.0,0,150000.0
2015-05-11,0.0,0.0,0.0,0,150000.0
2015-05-12,0.0,0.0,0.0,0,150000.0
2015-05-13,0.0,0.0,0.0,0,150000.0
2015-05-14,0.0,0.0,0.0,0,150000.0
2015-05-17,0.0,0.0,0.0,0,150000.0
2015-05-18,0.0,0.0,0.0,0,150000.0
2015-05-19,0.0,0.0,0.0,0,150000.0
2015-05-20,0.0,0.0,0.0,0,150000.0
2015-05-21,0.0,0.0,0.0,0,150000.0
2015-05-24,0.0,0.0,0.0,0,150000.0
2015-05-25,0.0,0.0,0.0,0,150000.0
2015-05-27,0.0,0.0,0.0,0,150000.0
2015-05-28,0.0,0.0,0.0,0,150000.0
2015-06-01,0.0,0.0,0.0,0,160000.0
2015-06-02,0.0,0.0,0.0,0,160000.0
2015-06-03,0.0,0.0,0.0,0,160000.0
2015-06-04,0.0,0.0,0.0,0,160000.0
2015-06-08,0.0,0.0,0.0,0,160000.0
2015-06-09,0.0,0.0,0.0,0,160000.0
2015-06-11,0.0,0.0,0.0,0,160000.0
2015-06-15,0.0,0.0,0.0,0,160000.0
2015-06-16,0.0,0.0,0.0,0,160000.0
2015-06-17,0.0,0.0,0.0,0,160000.0
2015-06-21,0.0,0.0,0.0,0,160000.0
2015-06-23,0.0,0.0,0.0,0,160000.0
2015-06-24,0.0,0.0,0.0,0,160000.0
2015-06-25,0.0,0.0,0.0,0,160000.0
2015-06-29,0.0,0.0,0.0,0,160000.0
2015-07-02,0.0,0.0,0.0,0,170000.0
2015-07-05,0.0,0.0,0.0,0,170000.0
2015-07-06,0.0,0.0,0.0,0,170000.0
2015-07-07,0.0,0.0,0.0,0,170000.0
2015-07-08,0.0,0.0,0.0,0,170000.0
2015-07-09,0.0,0.0,0.0,0,170000.0
2015-07-12,0.0,0.0,0.0,0,170000.0
2015-07-14,0.0,0.0,0.0,0,170000.0
2015-07-15,0.0,0.0,0.0,0,170000.0
2015-07-16,0.0,0.0,0.0,0,170000.0
2015-07-22,0.0,0.0,0.0,0,170000.0
2015-07-28,0.0,0.0,0.0,0,170000.0
2015-07-30,0.0,0.0,0.0,0,170000.0
2015-08-03,0.0,0.0,0.0,0,180000.0
2015-08-04,0.0,0.0,0.0,0,180000.0
2015-08-05,0.0,0.0,0.0,0,180000.0
2015-08-10,0.0,0.0,0.0,0,180000.0
2015-08-12,0.0,0.0,0.0,0,180000.0
2015-08-17,0.0,0.0,0.0,0,180000.0
2015-08-19,0.0,0.0,0.0,0,180000.0
2015-08-20,0.0,0.0,0.0,0,180000.0
2015-08-24,0.0,0.0,0.0,0,180000.0
2015-08-25,0.0,0.0,0.0,0,180000.0
2015-08-27,0.0,0.0,0.0,0,180000.0
2015-08-30,0.0,0.0,0.0,0,180000.0
2015-08-31,0.0,0.0,0.0,0,180000.0
2015-09-01,0.0,0.0,0.0,0,190000.0
2015-09-03,0.0,0.0,0.0,0,190000.0
2015-09-09,0.0,0.0,0.0,0,190000.0
2015-09-10,0.0,0.0,0.0,0,190000.0
2015-09-14,0.0,0.0,0.0,0,190000.0
2015-09-17,0.0,0.0,0.0,0,190000.0
2015-09-21,0.0,0.0,0.0,0,190000.0
2015-09-29,0.0,0.0,0.0,0,190000.0
2015-09-30,0.0,0.0,0.0,0,190000.0
2015-10-04,0.0,0.0,0.0,0,200000.0
2015-10-08,0.0,0.0,0.0,0,200000.0
2015-10-12,0.0,0.0,0.0,0,200000.0
2015-10-18,0.0,0.0,0.0,0,200000.0
2015-10-19,0.0,0.0,0.0,0,200000.0
2015-10-20,0.0,0.0,0.0,0,200000.0
2015-10-29,0.0,0.0,0.0,0,200000.0
2015-11-01,0.0,0.0,0.0,0,210000.0
2015-11-08,0.0,0.0,0.0,0,210000.0
2015-11-09,0.0,0.0,0.0,0,210000.0
2015-11-10,0.0,0.0,0.0,0,210000.0
2015-11-11,0.0,0.0,0.0,0,210000.0
2015-11-16,0.0,0.0,0.0,0,210000.0
2015-11-17,0.0,0.0,0.0,0,210000.0
2015-11-18,0.0,0.0,0.0,0,210000.0
2015-11-22,0.0,0.0,0.0,0,210000.0
2015-11-23,0.0,0.0,0.0,0,210000.0
2015-11-29,0.0,0.0,0.0,0,210000.0
2015-12-02,0.0,0.0,0.0,0,220000.0
2015-12-03,0.0,0.0,0.0,0,220000.0
2015-12-07,0.0,0.0,0.0,0,220000.0
2015-12-09,0.0,0.0,0.0,0,220000.0
2015-12-10,0.0,0.0,0.0,0,220000.0
2015-12-17,0.0,0.0,0.0,0,220000.0
2015-12-20,0.0,0.0,0.0,0,220000.0
2015-12-21,0.0,0.0,0.0,0,220000.0
2015-12-24,0.0,0.0,0.0,0,220000.0
2015-12-30,0.0,0.0,0.0,0,220000.0
2015-12-31,0.0,0.0,0.0,0,220000.0
2016-01-03,0.0,0.0,0.0,0,230000.0
2016-01-05,0.0,0.0,0.0,0,230000.0
2016-01-06,0.0,0.0,0.0,0,230000.0
2016-01-10,0.0,0.0,0.0,0,230000.0
2016-01-11,0.0,0.0,0.0,0,230000.0
2016-01-12,0.0,0.0,0.0,0,230000.0
2016-01-13,0.0,0.0,0.0,0,230000.0
2016-01-17,0.0,0.0,0.0,0,230000.0
2016-01-19,0.0,0.0,0.0,0,230000.0
2016-01-21,0.0,0.0,0.0,0,230000.0
2016-01-26,0.0,0.0,0.0,0,230000.0
2016-01-28,0.0,0.0,0.0,0,230000.0
2016-01-31,0.0,0.0,0.0,0,230000.0
2016-02-01,0.0,0.0,0.0,0,240000.0
2016-02-02,0.0,0.0,0.0,0,240000.0
2016-02-04,0.0,0.0,0.0,0,240000.0
2016-02-09,0.0,0.0,0.0,0,240000.0
2016-02-11,0.0,0.0,0.0,0,240000.0
2016-02-15,0.0,0.0,0.0,0,240000.0
2016-02-16,0.0,0.0,0.0,0,240000.0
2016-02-21,0.0,0.0,0.0,0,240000.0
2016-02-22,0.0,0.0,0.0,0,240000.0
2016-02-23,0.0,0.0,0.0,0,240000.0
2016-02-24,0.0,0.0,0.0,0,240000.0
2016-02-28,0.0,0.0,0.0,0,240000.0
2016-03-02,0.0,0.0,0.0,0,250000.0
2016-03-03,0.0,0.0,0.0,0,250000.0
2016-03-06,0.0,0.0,0.0,0,250000.0
2016-03-10,0.0,0.0,0.0,0,250000.0
2016-03-13,0.0,0.0,0.0,0,250000.0
2016-03-14,0.0,0.0,0.0,0,250000.0
2016-03-15,0.0,0.0,0.0,0,250000.0
2016-03-16,0.0,0.0,0.0,0,250000.0
2016-03-17,0.0,0.0,0.0,0,250000.0
2016-03-20,0.0,0.0,0.0,0,250000.0
2016-03-21,0.0,0.0,0.0,0,250000.0
2016-03-22,0.0,0.0,0.0,0,250000.0
2016-03-23,0.0,0.0,0.0,0,250000.0
2016-03-27,0.0,0.0,0.0,0,250000.0
2016-03-28,0.0,0.0,0.0,0,250000.0
2016-03-29,0.0,0.0,0.0,0,250000.0
2016-03-30,0.0,0.0,0.0,0,250000.0
2016-04-04,0.0,0.0,0.0,0,260000.0
2016-04-05,0.0,0.0,0.0,0,260000.0
2016-04-06,0.0,0.0,0.0,0,260000.0
2016-04-12,0.0,0.0,0.0,0,260000.0
2016-04-14,0.0,0.0,0.0,0,260000.0
2016-04-17,0.0,0.0,0.0,0,260000.0
2016-04-18,0.0,0.0,0.0,0,260000.0
2016-04-19,0.0,0.0,0.0,0,260000.0
2016-04-20,0.0,0.0,0.0,0,260000.0
2016-04-21,0.0,0.0,0.0,0,260000.0
2016-04-26,0.0,0.0,0.0,0,260000.0
2016-04-27,0.0,0.0,0.0,0,260000.0
2016-04-28,0.0,0.0,0.0,0,260000.0
2016-05-03,0.0,0.0,0.0,0,270000.0
2016-05-05,0.0,0.0,0.0,0,270000.0
2016-05-09,0.0,0.0,0.0,0,270000.0
2016-05-10,0.0,0.0,0.0,0,270000.0
2016-05-12,0.0,0.0,0.0,0,270000.0
2016-05-17,0.0,0.0,0.0,0,270000.0
2016-05-19,0.0,0.0,0.0,0,270000.0
2016-05-26,0.0,0.0,0.0,0,270000.0
2016-05-29,0.0,0.0,0.0,0,270000.0
2016-06-01,0.0,0.0,0.0,0,280000.0
2016-06-02,0.0,0.0,0.0,0,280000.0
2016-06-05,0.0,0.0,0.0,0,280000.0
2016-06-06,0.0,0.0,0.0,0,280000.0
2016-06-07,0.0,0.0,0.0,0,280000.0
2016-06-08,0.0,0.0,0.0,0,280000.0
2016-06-13,0.0,0.0,0.0,0,280000.0
2016-07-10,0.0,0.0,0.0,0,290000.0
2016-07-17,0.0,0.0,0.0,0,290000.0
2016-07-18,0.0,0.0,0.0,0,290000.0
2016-07-19,0.0,0.0,0.0,0,290000.0
2016-07-24,0.0,0.0,0.0,0,290000.0
2016-07-26,0.0,0.0,0.0,0,290000.0
2016-07-27,0.0,0.0,0.0,0,290000.0
2016-07-28,0.0,0.0,0.0,0,290000.0
2016-08-02,0.0,0.0,0.0,0,300000.0
2016-08-03,0.0,0.0,0.0,0,300000.0
2016-08-04,0.0,0.0,0.0,0,300000.0
2016-08-07,0.0,0.0,0.0,0,300000.0
2016-08-08,0.0,0.0,0.0,0,300000.0
2016-08-10,0.0,0.0,0.0,0,300000.0
2016-08-11,0.0,0.0,0.0,0,300000.0
2016-08-14,0.0,0.0,0.0,0,300000.0
2016-08-15,0.0,0.0,0.0,0,300000.0
2016-08-16,0.0,0.0,0.0,0,300000.0
2016-08-18,0.0,0.0,0.0,0,300000.0
2016-08-21,0.0,0.0,0.0,0,300000.0
2016-08-25,0.0,0.0,0.0,0,300000.0
2016-09-01,0.0,0.0,0.0,0,310000.0
2016-09-04,0.0,0.0,0.0,0,310000.0
2016-09-05,0.0,0.0,0.0,0,310000.0
2016-09-07,0.0,0.0,0.0,0,310000.0
2016-09-08,0.0,0.0,0.0,0,310000.0
2016-09-18,0.0,0.0,0.0,0,310000.0
2016-09-20,0.0,0.0,0.0,0,310000.0
2016-09-25,0.0,0.0,0.0,0,310000.0
2016-10-03,0.0,0.0,0.0,0,320000.0
2016-10-04,0.0,0.0,0.0,0,320000.0
2016-10-05,0.0,0.0,0.0,0,320000.0
2016-10-09,0.0,0.0,0.0,0,320000.0
2016-10-11,0.0,0.0,0.0,0,320000.0
2016-10-12,0.0,0.0,0.0,0,320000.0
2016-10-13,0.0,0.0,0.0,0,320000.0
2016-10-16,0.0,0.0,0.0,0,320000.0
2016-10-17,0.0,0.0,0.0,0,320000.0
2016-10-18,0.0,0.0,0.0,0,320000.0
2016-10-23,0.0,0.0,0.0,0,320000.0
2016-10-24,0.0,0.0,0.0,0,320000.0
2016-10-26,0.0,0.0,0.0,0,320000.0
2016-10-27,0.0,0.0,0.0,0,320000.0
2016-11-02,0.0,0.0,0.0,0,330000.0
2016-11-03,0.0,0.0,0.0,0,330000.0
2016-11-06,0.0,0.0,0.0,0,330000.0
2016-11-07,0.0,0.0,0.0,0,330000.0
2016-11-08,0.0,0.0,0.0,0,330000.0
2016-11-09,0.0,0.0,0.0,0,330000.0
2016-11-10,0.0,0.0,0.0,0,330000.0
2016-11-13,0.0,0.0,0.0,0,330000.0
2016-11-14,0.0,0.0,0.0,0,330000.0
2016-11-15,0.0,0.0,0.0,0,330000.0
2016-11-16,0.0,0.0,0.0,0,330000.0
2016-11-17,0.0,0.0,0.0,0,330000.0
2016-11-20,0.0,0.0,0.0,0,330000.0
2016-11-21,0.0,0.0,0.0,0,330000.0
2016-11-22,0.0,0.0,0.0,0,330000.0
2016-11-23,0.0,0.0,0.0,0,330000.0
2016-11-28,0.0,0.0,0.0,0,330000.0
2016-11-29,0.0,0.0,0.0,0,330000.0
2016-12-01,0.0,0.0,0.0,0,340000.0
2016-12-05,0.0,0.0,0.0,0,340000.0
2016-12-06,0.0,0.0,0.0,0,340000.0
2016-12-07,0.0,0.0,0.0,0,340000.0
2016-12-13,0.0,0.0,0.0,0,340000.0
2016-12-15,0.0,0.0,0.0,0,340000.0
2016-12-18,0.0,0.0,0.0,0,340000.0
2016-12-19,0.0,0.0,0.0,0,340000.0
2016-12-20,0.0,0.0,0.0,0,340000.0
2016-12-21,0.0,0.0,0.0,0,340000.0
2016-12-22,0.0,0.0,0.0,0,340000.0
2016-12-28,0.0,0.0,0.0,0,340000.0
2016-12-29,0.0,0.0,0.0,0,340000.0
2017-01-02,0.0,0.0,0.0,0,350000.0
2017-01-03,0.0,0.0,0.0,0,350000.0
2017-01-04,0.0,0.0,0.0,0,350000.0
2017-01-05,0.0,0.0,0.0,0,350000.0
2017-01-08,0.0,0.0,0.0,0,350000.0
2017-01-09,0.0,0.0,0.0,0,350000.0
2017-01-10,0.0,0.0,0.0,0,350000.0
2017-01-15,0.0,0.0,0.0,0,350000.0
2017-01-18,0.0,0.0,0.0,0,350000.0
2017-01-26,0.0,0.0,0.0,0,350000.0
2017-01-29,0.0,0.0,0.0,0,350000.0
2017-01-31,0.0,0.0,0.0,0,350000.0
2017-02-07,0.0,0.0,0.0,0,360000.0
2017-02-09,0.0,0.0,0.0,0,360000.0
2017-02-21,0.0,0.0,0.0,0,360000.0
2017-02-23,0.0,0.0,0.0,0,360000.0
2017-03-01,0.0,0.0,0.0,0,370000.0
2017-03-06,0.0,0.0,0.0,0,370000.0
2017-03-07,0.0,0.0,0.0,0,370000.0
2017-03-09,0.0,0.0,0.0,0,370000.0
2017-03-12,0.0,0.0,0.0,0,370000.0
2017-03-19,0.0,0.0,0.0,0,370000.0
2017-03-20,0.0,0.0,0.0,0,370000.0
2017-03-21,0.0,0.0,0.0,0,370000.0
2017-03-22,0.0,0.0,0.0,0,370000.0
2017-03-23,0.0,0.0,0.0,0,370000.0
2017-03-26,0.0,0.0,0.0,0,370000.0
2017-03-28,0.0,0.0,0.0,0,370000.0
2017-04-05,0.0,0.0,0.0,0,380000.0
2017-04-06,0.0,0.0,0.0,0,380000.0
2017-04-09,0.0,0.0,0.0,0,380000.0
2017-04-10,0.0,0.0,0.0,0,380000.0
2017-04-12,0.0,0.0,0.0,0,380000.0
2017-04-13,0.0,0.0,0.0,0,380000.0
2017-05-02,0.0,0.0,0.0,0,390000.0
2017-05-07,0.0,0.0,0.0,0,390000.0
2017-05-08,0.0,0.0,0.0,0,390000.0
2017-05-09,0.0,0.0,0.0,0,390000.0
2017-05-11,0.0,0.0,0.0,0,390000.0
2017-05-16,0.0,0.0,0.0,0,390000.0
2017-05-24,0.0,0.0,0.0,0,390000.0
2017-05-31,0.0,0.0,0.0,0,390000.0
2017-06-01,0.0,0.0,0.0,0,400000.0
2017-06-05,0.0,0.0,0.0,0,400000.0
2017-06-06,0.0,0.0,0.0,0,400000.0
2017-06-08,0.0,0.0,0.0,0,400000.0
2017-06-21,0.0,0.0,0.0,0,400000.0
2017-06-22,0.0,0.0,0.0,0,400000.0
2017-07-09,0.0,0.0,0.0,0,410000.0
2017-07-10,0.0,0.0,0.0,0,410000.0
2017-07-17,0.0,0.0,0.0,0,410000.0
2017-07-19,0.0,0.0,0.0,0,410000.0
2017-07-30,0.0,0.0,0.0,0,410000.0
2017-08-14,0.0,0.0,0.0,0,420000.0
2017-08-15,0.0,0.0,0.0,0,420000.0
2017-08-21,0.0,0.0,0.0,0,420000.0
2017-08-23,0.0,0.0,0.0,0,420000.0
2017-08-30,0.0,0.0,0.0,0,420000.0
2017-09-07,0.0,0.0,0.0,0,430000.0
2017-09-12,0.0,0.0,0.0,0,430000.0
2017-09-18,0.0,0.0,0.0,0,430000.0
2017-09-19,0.0,0.0,0.0,0,430000.0
2017-09-26,0.0,0.0,0.0,0,430000.0
2017-09-27,0.0,0.0,0.0,0,430000.0
2017-09-28,0.0,0.0,0.0,0,430000.0
2017-10-02,0.0,0.0,0.0,0,440000.0
2017-10-09,0.0,0.0,0.0,0,440000.0
2017-10-11,0.0,0.0,0.0,0,440000.0
2017-10-22,0.0,0.0,0.0,0,440000.0
2017-10-23,0.0,0.0,0.0,0,440000.0
2017-11-09,0.0,0.0,0.0,0,450000.0
2017-11-14,0.0,0.0,0.0,0,450000.0
2017-11-22,0.0,0.0,0.0,0,450000.0
2017-11-23,0.0,0.0,0.0,0,450000.0
2017-11-28,0.0,0.0,0.0,0,450000.0
2017-12-03,0.0,0.0,0.0,0,460000.0
2017-12-06,0.0,0.0,0.0,0,460000.0
2017-12-11,0.0,0.0,0.0,0,460000.0
2017-12-12,0.0,0.0,0.0,0,460000.0
2017-12-13,0.0,0.0,0.0,0,460000.0
2017-12-14,0.0,0.0,0.0,0,460000.0
2017-12-17,0.0,0.0,0.0,0,460000.0
2017-12-24,0.0,0.0,0.0,0,460000.0
2017-12-25,0.0,0.0,0.0,0,460000.0
2017-12-26,0.0,0.0,0.0,0,460000.0
2018-01-02,0.0,0.0,0.0,0,470000.0
2018-01-04,0.0,0.0,0.0,0,470000.0
2018-01-08,0.0,0.0,0.0,0,470000.0
2018-01-09,0.0,0.0,0.0,0,470000.0
2018-01-14,0.0,0.0,0.0,0,470000.0
2018-01-15,0.0,0.0,0.0,0,470000.0
2018-01-17,0.0,0.0,0.0,0,470000.0
2018-01-21,0.0,0.0,0.0,0,470000.0
2018-01-22,0.0,0.0,0.0,0,470000.0
2018-01-23,0.0,0.0,0.0,0,470000.0
2018-01-28,0.0,0.0,0.0,0,470000.0
2018-02-06,0.0,0.0,0.0,0,480000.0
2018-02-15,0.0,0.0,0.0,0,480000.0
2018-02-18,0.0,0.0,0.0,0,480000.0
2018-02-21,0.0,0.0,0.0,0,480000.0
2018-02-22,0.0,0.0,0.0,0,480000.0
2018-02-26,0.0,0.0,0.0,0,480000.0
2018-03-04,0.0,0.0,0.0,0,490000.0
2018-03-05,0.0,0.0,0.0,0,490000.0
2018-03-06,0.0,0.0,0.0,0,490000.0
2018-03-07,0.0,0.0,0.0,0,490000.0
2018-03-08,0.0,0.0,0.0,0,490000.0
2018-03-12,0.0,0.0,0.0,0,490000.0
2018-03-13,0.0,0.0,0.0,0,490000.0
2018-03-15,0.0,0.0,0.0,0,490000.0
2018-03-27,0.0,0.0,0.0,0,490000.0
2018-04-11,0.0,0.0,0.0,0,500000.0
2018-04-26,0.0,0.0,0.0,0,500000.0
2018-04-29,0.0,0.0,0.0,0,500000.0
2018-05-02,0.0,0.0,0.0,0,510000.0
2018-05-06,0.0,0.0,0.0,0,510000.0
2018-05-13,0.0,0.0,0.0,0,510000.0
2018-05-16,0.0,0.0,0.0,0,510000.0
2018-05-31,0.0,0.0,0.0,0,510000.0
2018-06-14,0.0,0.0,0.0,0,520000.0
2018-06-27,0.0,0.0,0.0,0,520000.0
2018-06-28,0.0,0.0,0.0,0,520000.0
2018-07-09,0.0,0.0,0.0,0,530000.0
2018-08-07,0.0,0.0,0.0,0,540000.0
2018-08-29,0.0,0.0,0.0,0,540000.0
2018-09-04,0.0,0.0,0.0,0,550000.0
2018-09-23,0.0,0.0,0.0,0,550000.0
2018-09-24,0.0,0.0,0.0,0,550000.0
2018-09-25,0.0,0.0,0.0,0,550000.0
2018-09-27,0.0,0.0,0.0,0,550000.0
2018-09-30,0.0,0.0,0.0,0,550000.0
2018-10-03,0.0,0.0,0.0,0,560000.0
2018-10-14,0.0,0.0,0.0,0,560000.0
2018-10-15,0.0,0.0,0.0,0,560000.0
2018-10-16,0.0,0.0,0.0,0,560000.0
2018-10-17,0.0,0.0,0.0,0,560000.0
2018-10-24,0.0,0.0,0.0,0,560000.0
2018-10-31,0.0,0.0,0.0,0,560000.0
2018-11-01,0.0,0.0,0.0,0,570000.0
2018-11-22,0.0,0.0,0.0,0,570000.0
2018-12-03,0.0,0.0,0.0,0,580000.0
2018-12-18,0.0,0.0,0.0,0,580000.0
2018-12-23,0.0,0.0,0.0,0,580000.0
2018-12-25,0.0,0.0,0.0,0,580000.0
2018-12-26,0.0,0.0,0.0,0,580000.0
2018-12-31,0.0,0.0,0.0,0,580000.0
2019-01-06,0.0,0.0,0.0,0,590000.0
2019-01-08,0.0,0.0,0.0,0,590000.0
2019-02-05,0.0,0.0,0.0,0,600000.0
2019-02-14,0.0,0.0,0.0,0,600000.0
2019-02-19,0.0,0.0,0.0,0,600000.0
2019-02-21,0.0,0.0,0.0,0,600000.0
2019-02-28,0.0,0.0,0.0,0,600000.0
2019-04-17,0.0,0.0,0.0,0,610000.0
2019-05-21,0.0,0.0,0.0,0,620000.0
2019-07-09,0.0,0.0,0.0,0,630000.0
2019-07-11,0.0,0.0,0.0,0,630000.0
2019-08-21,0.0,0.0,0.0,0,640000.0
2019-08-22,0.0,0.0,0.0,0,640000.0
2019-08-28,0.0,0.0,0.0,0,640000.0
2019-09-02,0.0,0.0,0.0,0,650000.0
2019-09-04,0.0,0.0,0.0,0,650000.0
2019-09-09,0.0,0.0,0.0,0,650000.0
2019-09-17,0.0,0.0,0.0,0,650000.0
2019-09-23,0.0,0.0,0.0,0,650000.0
2019-10-24,0.0,0.0,0.0,0,660000.0
2019-10-27,0.0,0.0,0.0,0,660000.0
2019-10-28,0.0,0.0,0.0,0,660000.0
2019-10-30,0.0,0.0,0.0,0,660000.0
2019-10-31,0.0,0.0,0.0,0,660000.0
2019-11-03,0.0,0.0,0.0,0,670000.0
2019-11-04,0.0,0.0,0.0,0,670000.0
2019-11-20,0.0,0.0,0.0,0,670000.0
2019-11-21,0.0,0.0,0.0,0,670000.0
2019-11-27,0.0,0.0,0.0,0,670000.0
2019-12-03,0.0,0.0,0.0,0,680000.0
2019-12-25,0.0,0.0,0.0,0,680000.0
2019-12-30,0.0,0.0,0.0,0,680000.0
2019-12-31,0.0,0.0,0.0,0,680000.0
2020-01-02,0.0,0.0,0.0,0,690000.0
2020-01-12,0.0,0.0,0.0,0,690000.0
2020-01-28,0.0,0.0,0.0,0,690000.0
2020-01-30,0.0,0.0,0.0,0,690000.0
2020-02-05,0.0,0.0,0.0,0,700000.0
2020-02-11,0.0,0.0,0.0,0,700000.0
2020-02-12,0.0,0.0,0.0,0,700000.0
2020-02-16,0.0,0.0,0.0,0,700000.0
2020-02-18,0.0,0.0,0.0,0,700000.0
2020-02-23,0.0,0.0,0.0,0,700000.0
2020-02-24,0.0,0.0,0.0,0,700000.0
2020-03-03,0.0,0.0,0.0,0,710000.0
2020-03-08,0.0,0.0,0.0,0,710000.0
2020-03-10,0.0,0.0,0.0,0,710000.0
2020-03-17,0.0,0.0,0.0,0,710000.0
2020-03-19,0.0,0.0,0.0,0,710000.0
2020-04-02,0.0,0.0,0.0,0,720000.0
2020-04-05,0.0,0.0,0.0,0,720000.0
2020-04-06,0.0,0.0,0.0,0,720000.0
2020-04-09,0.0,0.0,0.0,0,720000.0
2020-04-22,0.0,0.0,0.0,0,720000.0
2020-04-23,0.0,0.0,0.0,0,720000.0
2020-04-29,0.0,0.0,0.0,0,720000.0
2020-05-07,0.0,0.0,0.0,0,730000.0
2020-05-13,0.0,0.0,0.0,0,730000.0
2020-06-04,0.0,0.0,0.0,0,740000.0
2020-06-07,0.0,0.0,0.0,0,740000.0
2020-06-09,0.0,0.0,0.0,0,740000.0
2020-06-17,0.0,0.0,0.0,0,740000.0
2020-06-18,0.0,0.0,0.0,0,740000.0
2020-06-21,0.0,0.0,0.0,0,740000.0
2020-06-22,0.0,0.0,0.0,0,740000.0
2020-06-23,0.0,0.0,0.0,0,740000.0
2020-06-29,246659.84000000003,5.0,0.3378510565954169,1,493335.16
2020-07-06,0.0,0.0,0.0,1,503335.16
2020-07-08,238951.72,5.0,0.3219150654735099,0,742281.88
2020-07-13,0.0,0.0,0.0,0,742281.88
2020-07-16,0.0,0.0,0.0,0,742281.88
2020-07-19,0.0,0.0,0.0,0,742281.88
2020-07-21,0.0,0.0,0.0,0,742281.88
2020-09-03,0.0,0.0,0.0,0,752281.88
2020-09-08,0.0,0.0,0.0,0,752281.88
2020-10-04,0.0,0.0,0.0,0,762281.88
2020-10-20,0.0,0.0,0.0,0,762281.88
2020-10-22,0.0,0.0,0.0,0,762281.88
2020-10-27,0.0,0.0,0.0,0,762281.88
2020-11-16,0.0,0.0,0.0,0,772281.88
2020-11-17,0.0,0.0,0.0,0,772281.88
2020-11-18,0.0,0.0,0.0,0,772281.88
2020-11-19,0.0,0.0,0.0,0,772281.88
2020-11-22,0.0,0.0,0.0,0,772281.88
2020-11-23,0.0,0.0,0.0,0,772281.88
2020-11-24,257422.0,5.0,0.32894279511748514,1,514854.88
2020-11-25,0.0,0.0,0.0,1,514854.88
2020-11-26,0.0,0.0,0.0,1,514854.88
2020-12-16,0.0,0.0,0.0,1,524854.88
2020-12-20,236828.24000000002,5.0,0.3109295564378297,0,761678.12
2020-12-21,0.0,0.0,0.0,0,761678.12
2020-12-27,0.0,0.0,0.0,0,761678.12
2020-12-30,0.0,0.0,0.0,0,761678.12
2021-01-04,0.0,0.0,0.0,0,771678.12
2021-01-05,0.0,0.0,0.0,0,771678.12
2021-01-06,0.0,0.0,0.0,0,771678.12
2021-01-10,0.0,0.0,0.0,0,771678.12
2021-01-11,0.0,0.0,0.0,0,771678.12
2021-01-17,0.0,0.0,0.0,0,771678.12
2021-01-20,0.0,0.0,0.0,0,771678.12
2021-01-21,0.0,0.0,0.0,0,771678.12
2021-01-27,0.0,0.0,0.0,0,771678.12
2021-01-31,0.0,0.0,0.0,0,771678.12
2021-02-02,0.0,0.0,0.0,0,781678.12
2021-02-03,0.0,0.0,0.0,0,781678.12
2021-02-07,0.0,0.0,0.0,0,781678.12
2021-02-08,0.0,0.0,0.0,0,781678.12
2021-02-09,0.0,0.0,0.0,0,781678.12
2021-02-10,0.0,0.0,0.0,0,781678.12
2021-02-11,0.0,0.0,0.0,0,781678.12
2021-02-14,0.0,0.0,0.0,0,781678.12
2021-02-15,0.0,0.0,0.0,0,781678.12
2021-02-16,0.0,0.0,0.0,0,781678.12
2021-02-18,0.0,0.0,0.0,0,781678.12
2021-02-21,0.0,0.0,0.0,0,781678.12
2021-02-22,0.0,0.0,0.0,0,781678.12
2021-02-23,0.0,0.0,0.0,0,781678.12
2021-02-24,0.0,0.0,0.0,0,781678.12
2021-02-25,0.0,0.0,0.0,0,781678.12
2021-02-28,0.0,0.0,0.0,0,781678.12
2021-03-01,0.0,0.0,0.0,0,791678.12
2021-03-02,0.0,0.0,0.0,0,791678.12
2021-03-03,0.0,0.0,0.0,0,791678.12
2021-03-04,0.0,0.0,0.0,0,791678.12
2021-03-07,0.0,0.0,0.0,0,791678.12
2021-03-08,0.0,0.0,0.0,0,791678.12
2021-03-15,0.0,0.0,0.0,0,791678.12
2021-03-17,0.0,0.0,0.0,0,791678.12
2021-03-22,0.0,0.0,0.0,0,791678.12
2021-03-23,0.0,0.0,0.0,0,791678.12
2021-03-24,0.0,0.0,0.0,0,791678.12
2021-03-25,0.0,0.0,0.0,0,791678.12
2021-03-28,0.0,0.0,0.0,0,791678.12
2021-03-30,0.0,0.0,0.0,0,791678.12
2021-03-31,0.0,0.0,0.0,0,791678.12
2021-04-01,0.0,0.0,0.0,0,801678.12
2021-04-04,0.0,0.0,0.0,0,801678.12
2021-04-05,0.0,0.0,0.0,0,801678.12
2021-04-06,0.0,0.0,0.0,0,801678.12
2021-04-07,0.0,0.0,0.0,0,801678.12
2021-04-08,0.0,0.0,0.0,0,801678.12
2021-04-11,0.0,0.0,0.0,0,801678.12
2021-04-13,0.0,0.0,0.0,0,801678.12
2021-04-14,0.0,0.0,0.0,0,801678.12
2021-04-15,0.0,0.0,0.0,0,801678.12
2021-04-18,0.0,0.0,0.0,0,801678.12
2021-04-19,0.0,0.0,0.0,0,801678.12
2021-04-21,0.0,0.0,0.0,0,801678.12
2021-04-25,0.0,0.0,0.0,0,801678.12
2021-04-26,0.0,0.0,0.0,0,801678.12
2021-05-05,0.0,0.0,0.0,0,811678.12
2021-05-06,0.0,0.0,0.0,0,811678.12
2021-05-10,0.0,0.0,0.0,0,811678.12
2021-05-17,0.0,0.0,0.0,0,811678.12
2021-05-19,0.0,0.0,0.0,0,811678.12
2021-05-20,0.0,0.0,0.0,0,811678.12
2021-05-23,0.0,0.0,0.0,0,811678.12
2021-05-24,0.0,0.0,0.0,0,811678.12
2021-05-25,0.0,0.0,0.0,0,811678.12
2021-05-26,0.0,0.0,0.0,0,811678.12
2021-05-27,0.0,0.0,0.0,0,811678.12
2021-05-30,0.0,0.0,0.0,0,811678.12
2021-05-31,0.0,0.0,0.0,0,811678.12
2021-06-01,0.0,0.0,0.0,0,821678.12
2021-06-02,0.0,0.0,0.0,0,821678.12
2021-06-03,0.0,0.0,0.0,0,821678.12
2021-06-07,0.0,0.0,0.0,0,821678.12
2021-06-08,0.0,0.0,0.0,0,821678.12
2021-06-10,0.0,0.0,0.0,0,821678.12
2021-06-13,0.0,0.0,0.0,0,821678.12
2021-06-14,0.0,0.0,0.0,0,821678.12
2021-06-16,0.0,0.0,0.0,0,821678.12
2021-06-17,0.0,0.0,0.0,0,821678.12
2021-06-20,0.0,0.0,0.0,0,821678.12
2021-06-21,0.0,0.0,0.0,0,821678.12
2021-06-22,0.0,0.0,0.0,0,821678.12
2021-06-23,0.0,0.0,0.0,0,821678.12
2021-06-24,0.0,0.0,0.0,0,821678.12
2021-06-27,0.0,0.0,0.0,0,821678.12
2021-06-28,0.0,0.0,0.0,0,821678.12
2021-06-29,0.0,0.0,0.0,0,821678.12
2021-06-30,0.0,0.0,0.0,0,821678.12
2021-07-04,277218.86000000004,5.0,0.3225871113293404,1,554454.26
2021-07-05,304906.98,5.0,0.3548085948616606,0,859356.24
2021-07-07,0.0,0.0,0.0,0,859356.24
2021-07-08,0.0,0.0,0.0,0,859356.24
2021-07-11,0.0,0.0,0.0,0,859356.24
2021-07-12,0.0,0.0,0.0,0,859356.24
2021-07-13,0.0,0.0,0.0,0,859356.24
2021-07-14,0.0,0.0,0.0,0,859356.24
2021-07-15,0.0,0.0,0.0,0,859356.24
2021-07-18,0.0,0.0,0.0,0,859356.24
2021-07-25,0.0,0.0,0.0,0,859356.24
2021-07-26,0.0,0.0,0.0,0,859356.24
2021-07-28,0.0,0.0,0.0,0,859356.24
2021-07-29,0.0,0.0,0.0,0,859356.24
2021-08-01,0.0,0.0,0.0,0,869356.24
2021-08-02,0.0,0.0,0.0,0,869356.24
2021-08-03,0.0,0.0,0.0,0,869356.24
2021-08-05,0.0,0.0,0.0,0,869356.24
2021-08-08,0.0,0.0,0.0,0,869356.24
2021-08-09,0.0,0.0,0.0,0,869356.24
2021-08-10,0.0,0.0,0.0,0,869356.24
2021-08-15,0.0,0.0,0.0,0,869356.24
2021-08-16,0.0,0.0,0.0,0,869356.24
2021-08-17,0.0,0.0,0.0,0,869356.24
2021-08-18,0.0,0.0,0.0,0,869356.24
2021-08-19,0.0,0.0,0.0,0,869356.24
2021-08-23,0.0,0.0,0.0,0,869356.24
2021-08-24,0.0,0.0,0.0,0,869356.24
2021-08-25,0.0,0.0,0.0,0,869356.24
2021-08-26,0.0,0.0,0.0,0,869356.24
2021-08-29,0.0,0.0,0.0,0,869356.24
2021-08-30,0.0,0.0,0.0,0,869356.24
2021-08-31,0.0,0.0,0.0,0,869356.24
2021-09-01,0.0,0.0,0.0,0,879356.24
2021-09-02,0.0,0.0,0.0,0,879356.24
2021-09-05,0.0,0.0,0.0,0,879356.24
2021-09-06,0.0,0.0,0.0,0,879356.24
2021-09-07,0.0,0.0,0.0,0,879356.24
2021-09-09,0.0,0.0,0.0,0,879356.24
2021-09-12,293112.36,5.0,0.33332796573983337,1,586238.88
2021-09-14,0.0,0.0,0.0,1,586238.88
2021-09-15,0.0,0.0,0.0,1,586238.88
2021-09-16,0.0,0.0,0.0,1,586238.88
2021-09-19,0.0,0.0,0.0,1,586238.88
2021-09-20,172594.08,5.0,0.22744823477511292,0,758827.96
2021-09-21,0.0,0.0,0.0,0,758827.96
2021-09-22,0.0,0.0,0.0,0,758827.96
2021-09-23,0.0,0.0,0.0,0,758827.96
2021-09-26,0.0,0.0,0.0,0,758827.96
2021-09-27,0.0,0.0,0.0,0,758827.96
2021-09-28,0.0,0.0,0.0,0,758827.96
2021-10-03,0.0,0.0,0.0,0,768827.96
2021-10-04,0.0,0.0,0.0,0,768827.96
2021-10-05,0.0,0.0,0.0,0,768827.96
2021-10-06,0.0,0.0,0.0,0,768827.96
2021-10-10,0.0,0.0,0.0,0,768827.96
2021-10-11,0.0,0.0,0.0,0,768827.96
2021-10-12,0.0,0.0,0.0,0,768827.96
2021-10-13,0.0,0.0,0.0,0,768827.96
2021-10-17,0.0,0.0,0.0,0,768827.96
2021-10-18,0.0,0.0,0.0,0,768827.96
2021-10-19,0.0,0.0,0.0,0,768827.96
2021-10-20,0.0,0.0,0.0,0,768827.96
2021-10-24,0.0,0.0,0.0,0,768827.96
2021-10-25,0.0,0.0,0.0,0,768827.96
2021-10-26,0.0,0.0,0.0,0,768827.96
2021-10-27,0.0,0.0,0.0,0,768827.96
2021-10-28,0.0,0.0,0.0,0,768827.96
2021-10-31,0.0,0.0,0.0,0,768827.96
2021-11-01,0.0,0.0,0.0,0,778827.96
2021-11-02,0.0,0.0,0.0,0,778827.96
2021-11-03,0.0,0.0,0.0,0,778827.96
2021-11-04,0.0,0.0,0.0,0,778827.96
2021-11-07,0.0,0.0,0.0,0,778827.96
2021-11-08,0.0,0.0,0.0,0,778827.96
2021-11-09,0.0,0.0,0.0,0,778827.96
2021-11-10,0.0,0.0,0.0,0,778827.96
2021-11-11,0.0,0.0,0.0,0,778827.96
2021-11-14,0.0,0.0,0.0,0,778827.96
2021-11-15,0.0,0.0,0.0,0,778827.96
2021-11-16,0.0,0.0,0.0,0,778827.96
2021-11-17,0.0,0.0,0.0,0,778827.96
2021-11-18,0.0,0.0,0.0,0,778827.96
2021-11-21,0.0,0.0,0.0,0,778827.96
2021-11-22,0.0,0.0,0.0,0,778827.96
2021-11-23,0.0,0.0,0.0,0,778827.96
2021-11-25,0.0,0.0,0.0,0,778827.96
2021-11-28,0.0,0.0,0.0,0,778827.96
2021-11-29,0.0,0.0,0.0,0,778827.96
2021-11-30,0.0,0.0,0.0,0,778827.96
2021-12-01,262936.62,5.0,0.3304481232758515,1,525886.34
2021-12-02,262935.6,5.0,0.3313793463200485,2,262945.74
2021-12-05,0.0,0.0,0.0,2,262945.74
2021-12-06,0.0,0.0,0.0,2,262945.74
2021-12-08,618666.3,10.0,0.7429381872139774,2,293875.04000000004
2021-12-12,0.0,0.0,0.0,2,293875.04000000004
2021-12-13,0.0,0.0,0.0,2,293875.04000000004
2021-12-14,0.0,0.0,0.0,2,293875.04000000004
2021-12-15,0.0,0.0,0.0,2,293875.04000000004
2021-12-16,0.0,0.0,0.0,2,293875.04000000004
2021-12-21,0.0,0.0,0.0,2,293875.04000000004
2021-12-23,0.0,0.0,0.0,2,293875.04000000004
2021-12-26,0.0,0.0,0.0,2,293875.04000000004
2021-12-27,0.0,0.0,0.0,2,293875.04000000004
2021-12-28,0.0,0.0,0.0,2,293875.04000000004
2021-12-29,0.0,0.0,0.0,2,293875.04000000004
2022-01-02,0.0,0.0,0.0,2,303875.04000000004
2022-01-03,0.0,0.0,0.0,2,303875.04000000004
2022-01-04,0.0,0.0,0.0,2,303875.04000000004
2022-01-05,0.0,0.0,0.0,2,303875.04000000004
2022-01-09,0.0,0.0,0.0,2,303875.04000000004
2022-01-10,316253.10000000003,5.0,0.3486345103971548,1,620123.1400000001
2022-01-11,0.0,0.0,0.0,1,620123.1400000001
2022-01-12,0.0,0.0,0.0,1,620123.1400000001
2022-01-13,0.0,0.0,0.0,1,620123.1400000001
2022-01-16,274107.13,5.0,0.30653028850325376,0,894225.2700000001
2022-01-18,0.0,0.0,0.0,0,894225.2700000001
2022-01-19,0.0,0.0,0.0,0,894225.2700000001
2022-01-20,0.0,0.0,0.0,0,894225.2700000001
2022-01-23,0.0,0.0,0.0,0,894225.2700000001
2022-01-24,0.0,0.0,0.0,0,894225.2700000001
2022-01-25,0.0,0.0,0.0,0,894225.2700000001
2022-01-26,0.0,0.0,0.0,0,894225.2700000001
2022-01-30,0.0,0.0,0.0,0,894225.2700000001
2022-01-31,0.0,0.0,0.0,0,894225.2700000001
2022-02-01,0.0,0.0,0.0,0,904225.2700000001
2022-02-02,0.0,0.0,0.0,0,904225.2700000001
2022-02-03,0.0,0.0,0.0,0,904225.2700000001
2022-02-06,0.0,0.0,0.0,0,904225.2700000001
2022-02-07,0.0,0.0,0.0,0,904225.2700000001
2022-02-08,0.0,0.0,0.0,0,904225.2700000001
2022-02-09,0.0,0.0,0.0,0,904225.2700000001
2022-02-10,0.0,0.0,0.0,0,904225.2700000001
2022-02-13,0.0,0.0,0.0,0,904225.2700000001
2022-02-14,0.0,0.0,0.0,0,904225.2700000001
2022-02-15,0.0,0.0,0.0,0,904225.2700000001
2022-02-16,0.0,0.0,0.0,0,904225.2700000001
2022-02-17,0.0,0.0,0.0,0,904225.2700000001
2022-02-20,0.0,0.0,0.0,0,904225.2700000001
2022-02-21,0.0,0.0,0.0,0,904225.2700000001
2022-02-22,0.0,0.0,0.0,0,904225.2700000001
2022-02-23,0.0,0.0,0.0,0,904225.2700000001
2022-02-24,0.0,0.0,0.0,0,904225.2700000001
2022-02-27,0.0,0.0,0.0,0,904225.2700000001
2022-02-28,0.0,0.0,0.0,0,904225.2700000001
2022-03-01,0.0,0.0,0.0,0,914225.2700000001
2022-03-03,0.0,0.0,0.0,0,914225.2700000001
2022-03-06,0.0,0.0,0.0,0,914225.2700000001
2022-03-07,0.0,0.0,0.0,0,914225.2700000001
2022-03-08,0.0,0.0,0.0,0,914225.2700000001
2022-03-09,0.0,0.0,0.0,0,914225.2700000001
2022-03-10,0.0,0.0,0.0,0,914225.2700000001
2022-03-13,0.0,0.0,0.0,0,914225.2700000001
2022-03-14,0.0,0.0,0.0,0,914225.2700000001
2022-03-15,0.0,0.0,0.0,0,914225.2700000001
2022-03-16,0.0,0.0,0.0,0,914225.2700000001
2022-03-17,0.0,0.0,0.0,0,914225.2700000001
2022-03-20,0.0,0.0,0.0,0,914225.2700000001
2022-03-21,0.0,0.0,0.0,0,914225.2700000001
2022-03-22,0.0,0.0,0.0,0,914225.2700000001
2022-03-23,0.0,0.0,0.0,0,914225.2700000001
2022-03-24,0.0,0.0,0.0,0,914225.2700000001
2022-03-27,0.0,0.0,0.0,0,914225.2700000001
2022-03-28,0.0,0.0,0.0,0,914225.2700000001
2022-03-29,0.0,0.0,0.0,0,914225.2700000001
2022-03-30,0.0,0.0,0.0,0,914225.2700000001
2022-03-31,0.0,0.0,0.0,0,914225.2700000001
2022-04-03,0.0,0.0,0.0,0,924225.2700000001
2022-04-04,0.0,0.0,0.0,0,924225.2700000001
2022-04-05,0.0,0.0,0.0,0,924225.2700000001
2022-04-06,0.0,0.0,0.0,0,924225.2700000001
2022-04-07,0.0,0.0,0.0,0,924225.2700000001
2022-04-10,0.0,0.0,0.0,0,924225.2700000001
2022-04-11,0.0,0.0,0.0,0,924225.2700000001
2022-04-12,0.0,0.0,0.0,0,924225.2700000001
2022-04-13,0.0,0.0,0.0,0,924225.2700000001
2022-04-14,0.0,0.0,0.0,0,924225.2700000001
2022-04-17,0.0,0.0,0.0,0,924225.2700000001
2022-04-18,0.0,0.0,0.0,0,924225.2700000001
2022-04-19,0.0,0.0,0.0,0,924225.2700000001
2022-04-20,0.0,0.0,0.0,0,924225.2700000001
2022-04-27,0.0,0.0,0.0,0,924225.2700000001
2022-04-28,0.0,0.0,0.0,0,924225.2700000001
2022-05-08,0.0,0.0,0.0,0,934225.2700000001
2022-05-09,0.0,0.0,0.0,0,934225.2700000001
2022-05-10,0.0,0.0,0.0,0,934225.2700000001
2022-05-11,0.0,0.0,0.0,0,934225.2700000001
2022-05-15,0.0,0.0,0.0,0,934225.2700000001
2022-05-16,0.0,0.0,0.0,0,934225.2700000001
2022-05-17,0.0,0.0,0.0,0,934225.2700000001
2022-05-18,0.0,0.0,0.0,0,934225.2700000001
2022-05-23,0.0,0.0,0.0,0,934225.2700000001
2022-05-24,0.0,0.0,0.0,0,934225.2700000001
2022-05-26,0.0,0.0,0.0,0,934225.2700000001
2022-05-29,0.0,0.0,0.0,0,934225.2700000001
2022-05-30,0.0,0.0,0.0,0,934225.2700000001
2022-05-31,0.0,0.0,0.0,0,934225.2700000001
2022-06-01,0.0,0.0,0.0,0,944225.2700000001
2022-06-05,0.0,0.0,0.0,0,944225.2700000001
2022-06-06,0.0,0.0,0.0,0,944225.2700000001
2022-06-07,0.0,0.0,0.0,0,944225.2700000001
2022-06-08,0.0,0.0,0.0,0,944225.2700000001
2022-06-09,0.0,0.0,0.0,0,944225.2700000001
2022-06-12,0.0,0.0,0.0,0,944225.2700000001
2022-06-13,0.0,0.0,0.0,0,944225.2700000001
2022-06-14,0.0,0.0,0.0,0,944225.2700000001
2022-06-15,0.0,0.0,0.0,0,944225.2700000001
2022-06-16,0.0,0.0,0.0,0,944225.2700000001
2022-06-19,0.0,0.0,0.0,0,944225.2700000001
2022-06-20,0.0,0.0,0.0,0,944225.2700000001
2022-06-21,0.0,0.0,0.0,0,944225.2700000001
2022-06-22,0.0,0.0,0.0,0,944225.2700000001
2022-06-23,0.0,0.0,0.0,0,944225.2700000001
2022-06-26,0.0,0.0,0.0,0,944225.2700000001
2022-06-29,0.0,0.0,0.0,0,944225.2700000001
2022-07-03,0.0,0.0,0.0,0,954225.2700000001
2022-07-04,0.0,0.0,0.0,0,954225.2700000001
2022-07-05,0.0,0.0,0.0,0,954225.2700000001
2022-07-06,0.0,0.0,0.0,0,954225.2700000001
2022-07-07,0.0,0.0,0.0,0,954225.2700000001
2022-07-17,0.0,0.0,0.0,0,954225.2700000001
2022-07-18,0.0,0.0,0.0,0,954225.2700000001
2022-07-19,0.0,0.0,0.0,0,954225.2700000001
2022-07-20,0.0,0.0,0.0,0,954225.2700000001
2022-07-21,0.0,0.0,0.0,0,954225.2700000001
2022-07-24,0.0,0.0,0.0,0,954225.2700000001
2022-07-26,0.0,0.0,0.0,0,954225.2700000001
2022-07-27,0.0,0.0,0.0,0,954225.2700000001
2022-07-28,0.0,0.0,0.0,0,954225.2700000001
2022-07-31,0.0,0.0,0.0,0,954225.2700000001
2022-08-01,0.0,0.0,0.0,0,964225.2700000001
2022-08-02,0.0,0.0,0.0,0,964225.2700000001
2022-08-03,0.0,0.0,0.0,0,964225.2700000001
2022-08-04,0.0,0.0,0.0,0,964225.2700000001
2022-08-07,0.0,0.0,0.0,0,964225.2700000001
2022-08-08,0.0,0.0,0.0,0,964225.2700000001
2022-08-09,0.0,0.0,0.0,0,964225.2700000001
2022-08-10,0.0,0.0,0.0,0,964225.2700000001
2022-08-11,0.0,0.0,0.0,0,964225.2700000001
2022-08-14,0.0,0.0,0.0,0,964225.2700000001
2022-08-15,321391.95,5.0,0.33525650978257937,1,642828.3200000001
2022-08-16,321406.25,5.0,0.3369801339814927,2,321417.07000000007
2022-08-17,321404.16,5.0,0.3310188473759824,3,7.910000000090804
2022-08-18,0.0,0.0,0.0,3,7.910000000090804
2022-08-21,0.0,0.0,0.0,3,7.910000000090804
2022-08-22,0.0,0.0,0.0,3,7.910000000090804
2022-08-23,0.0,0.0,0.0,3,7.910000000090804
2022-08-24,0.0,0.0,0.0,3,7.910000000090804
2022-08-25,0.0,0.0,0.0,3,7.910000000090804
2022-08-28,0.0,0.0,0.0,3,7.910000000090804
2022-08-29,0.0,0.0,0.0,3,7.910000000090804
2022-08-30,0.0,0.0,0.0,3,7.910000000090804
2022-08-31,0.0,0.0,0.0,3,7.910000000090804
2022-09-01,0.0,0.0,0.0,3,10007.91000000009
2022-09-04,0.0,0.0,0.0,3,10007.91000000009
2022-09-05,0.0,0.0,0.0,3,10007.91000000009
2022-09-06,0.0,0.0,0.0,3,10007.91000000009
2022-09-07,0.0,0.0,0.0,3,10007.91000000009
2022-09-08,745221.65,10.0,0.6878425025250157,3,3.060000000114087
2022-09-11,0.0,0.0,0.0,3,3.060000000114087
2022-09-12,0.0,0.0,0.0,3,3.060000000114087
2022-09-13,0.0,0.0,0.0,3,3.060000000114087
2022-09-14,0.0,0.0,0.0,3,3.060000000114087
2022-09-15,0.0,0.0,0.0,3,3.060000000114087
2022-09-18,0.0,0.0,0.0,3,3.060000000114087
2022-09-19,358061.47000000003,5.0,0.3356299163977863,2,358059.53000000014
2022-09-20,0.0,0.0,0.0,2,358059.53000000014
2022-09-21,0.0,0.0,0.0,2,358059.53000000014
2022-09-22,0.0,0.0,0.0,2,358059.53000000014
2022-09-25,0.0,0.0,0.0,2,358059.53000000014
2022-09-26,0.0,0.0,0.0,2,358059.53000000014
2022-09-27,0.0,0.0,0.0,2,358059.53000000014
2022-09-28,0.0,0.0,0.0,2,358059.53000000014
2022-09-29,0.0,0.0,0.0,2,358059.53000000014
2022-10-02,394762.5,5.0,0.36549319460258956,1,762817.0300000001
2022-10-03,317264.64,5.0,0.29374270254351476,0,1080076.6700000002
2022-10-04,0.0,0.0,0.0,0,1080076.6700000002
2022-10-05,0.0,0.0,0.0,0,1080076.6700000002
2022-10-09,0.0,0.0,0.0,0,1080076.6700000002
2022-10-10,0.0,0.0,0.0,0,1080076.6700000002
2022-10-11,0.0,0.0,0.0,0,1080076.6700000002
2022-10-12,0.0,0.0,0.0,0,1080076.6700000002
2022-10-13,0.0,0.0,0.0,0,1080076.6700000002
2022-10-16,0.0,0.0,0.0,0,1080076.6700000002
2022-10-17,0.0,0.0,0.0,0,1080076.6700000002
2022-10-18,0.0,0.0,0.0,0,1080076.6700000002
2022-10-19,0.0,0.0,0.0,0,1080076.6700000002
2022-10-20,0.0,0.0,0.0,0,1080076.6700000002
2022-10-23,0.0,0.0,0.0,0,1080076.6700000002
2022-10-24,0.0,0.0,0.0,0,1080076.6700000002
2022-10-25,0.0,0.0,0.0,0,1080076.6700000002
2022-10-26,0.0,0.0,0.0,0,1080076.6700000002
2022-10-27,0.0,0.0,0.0,0,1080076.6700000002
2022-10-30,0.0,0.0,0.0,0,1080076.6700000002
2022-10-31,0.0,0.0,0.0,0,1080076.6700000002
2022-11-01,363350.52,5.0,0.3361154202513029,1,726721.1500000001
2022-11-02,0.0,0.0,0.0,1,726721.1500000001
2022-11-03,363338.3,5.0,0.3336514365499879,2,363377.85000000015
2022-11-06,0.0,0.0,0.0,2,363377.85000000015
2022-11-07,0.0,0.0,0.0,2,363377.85000000015
2022-11-08,0.0,0.0,0.0,2,363377.85000000015
2022-11-09,0.0,0.0,0.0,2,363377.85000000015
2022-11-10,796373.6900000001,10.0,0.6945785922497346,2,386587.9800000002
2022-11-13,0.0,0.0,0.0,2,386587.9800000002
2022-11-14,0.0,0.0,0.0,2,386587.9800000002
2022-11-15,0.0,0.0,0.0,2,386587.9800000002
2022-11-16,0.0,0.0,0.0,2,386587.9800000002
2022-11-17,0.0,0.0,0.0,2,386587.9800000002
2022-11-20,0.0,0.0,0.0,2,386587.9800000002
2022-11-21,386576.07999999996,5.0,0.31890087781619325,3,6.900000000256114
2022-11-22,0.0,0.0,0.0,3,6.900000000256114
2022-11-23,0.0,0.0,0.0,3,6.900000000256114
2022-11-24,0.0,0.0,0.0,3,6.900000000256114
2022-11-27,698844.97,10.0,0.580360377114634,3,4.1100000002770685
2022-11-28,0.0,0.0,0.0,3,4.1100000002770685
2022-11-29,0.0,0.0,0.0,3,4.1100000002770685
2022-11-30,0.0,0.0,0.0,3,4.1100000002770685
2022-12-01,0.0,0.0,0.0,3,10004.110000000277
2022-12-04,0.0,0.0,0.0,3,10004.110000000277
2022-12-05,955354.5,10.0,0.761475892182153,3,6.81000000028871
2022-12-06,0.0,0.0,0.0,3,6.81000000028871
2022-12-07,0.0,0.0,0.0,3,6.81000000028871
2022-12-08,0.0,0.0,0.0,3,6.81000000028871
2022-12-11,0.0,0.0,0.0,3,6.81000000028871
2022-12-12,512862.66,5.0,0.39423627495312374,2,512864.47000000026
2022-12-13,0.0,0.0,0.0,2,512864.47000000026
2022-12-14,512849.2,5.0,0.37824696503816213,3,10.270000000251457
2022-12-15,0.0,0.0,0.0,3,10.270000000251457
2022-12-18,0.0,0.0,0.0,3,10.270000000251457
2022-12-19,0.0,0.0,0.0,3,10.270000000251457
2022-12-20,0.0,0.0,0.0,3,10.270000000251457
2022-12-21,0.0,0.0,0.0,3,10.270000000251457
2022-12-22,0.0,0.0,0.0,3,10.270000000251457
2022-12-25,0.0,0.0,0.0,3,10.270000000251457
2022-12-26,0.0,0.0,0.0,3,10.270000000251457
2022-12-27,0.0,0.0,0.0,3,10.270000000251457
2022-12-28,0.0,0.0,0.0,3,10.270000000251457
2022-12-29,0.0,0.0,0.0,3,10.270000000251457
2023-01-02,0.0,0.0,0.0,3,10010.270000000251
2023-01-03,1306375.22,15.0,0.9924069476823351,0,1316370.4900000002
2023-01-04,0.0,0.0,0.0,0,1316370.4900000002
2023-01-05,0.0,0.0,0.0,0,1316370.4900000002
2023-01-09,0.0,0.0,0.0,0,1316370.4900000002
2023-01-10,0.0,0.0,0.0,0,1316370.4900000002
2023-01-11,0.0,0.0,0.0,0,1316370.4900000002
2023-01-12,0.0,0.0,0.0,0,1316370.4900000002
2023-01-15,0.0,0.0,0.0,0,1316370.4900000002
2023-01-16,0.0,0.0,0.0,0,1316370.4900000002
2023-01-17,0.0,0.0,0.0,0,1316370.4900000002
2023-01-18,0.0,0.0,0.0,0,1316370.4900000002
2023-01-19,0.0,0.0,0.0,0,1316370.4900000002
2023-01-22,0.0,0.0,0.0,0,1316370.4900000002
2023-01-23,0.0,0.0,0.0,0,1316370.4900000002
2023-01-24,0.0,0.0,0.0,0,1316370.4900000002
2023-01-25,0.0,0.0,0.0,0,1316370.4900000002
2023-01-29,0.0,0.0,0.0,0,1316370.4900000002
2023-01-30,0.0,0.0,0.0,0,1316370.4900000002
2023-01-31,0.0,0.0,0.0,0,1316370.4900000002
2023-02-01,0.0,0.0,0.0,0,1326370.4900000002
2023-02-02,0.0,0.0,0.0,0,1326370.4900000002
2023-02-05,0.0,0.0,0.0,0,1326370.4900000002
2023-02-06,0.0,0.0,0.0,0,1326370.4900000002
2023-02-07,0.0,0.0,0.0,0,1326370.4900000002
2023-02-08,0.0,0.0,0.0,0,1326370.4900000002
2023-02-09,0.0,0.0,0.0,0,1326370.4900000002
2023-02-12,0.0,0.0,0.0,0,1326370.4900000002
2023-02-13,0.0,0.0,0.0,0,1326370.4900000002
2023-02-14,0.0,0.0,0.0,0,1326370.4900000002
2023-02-15,0.0,0.0,0.0,0,1326370.4900000002
2023-02-16,0.0,0.0,0.0,0,1326370.4900000002
2023-02-19,0.0,0.0,0.0,0,1326370.4900000002
2023-02-20,0.0,0.0,0.0,0,1326370.4900000002
2023-02-21,0.0,0.0,0.0,0,1326370.4900000002
2023-02-22,0.0,0.0,0.0,0,1326370.4900000002
2023-02-23,0.0,0.0,0.0,0,1326370.4900000002
2023-02-26,0.0,0.0,0.0,0,1326370.4900000002
2023-02-27,0.0,0.0,0.0,0,1326370.4900000002
2023-02-28,0.0,0.0,0.0,0,1326370.4900000002
2023-03-01,0.0,0.0,0.0,0,1336370.4900000002
2023-03-02,445447.07999999996,5.0,0.3386334098223884,1,890918.4100000003
2023-03-05,0.0,0.0,0.0,1,890918.4100000003
2023-03-06,0.0,0.0,0.0,1,890918.4100000003
2023-03-07,0.0,0.0,0.0,1,890918.4100000003
2023-03-08,401029.28,5.0,0.3104079485135675,0,1291942.6900000004
2023-03-09,0.0,0.0,0.0,0,1291942.6900000004
2023-03-12,0.0,0.0,0.0,0,1291942.6900000004
2023-03-13,0.0,0.0,0.0,0,1291942.6900000004
2023-03-14,0.0,0.0,0.0,0,1291942.6900000004
2023-03-15,0.0,0.0,0.0,0,1291942.6900000004
2023-03-16,0.0,0.0,0.0,0,1291942.6900000004
2023-03-19,0.0,0.0,0.0,0,1291942.6900000004
2023-03-20,0.0,0.0,0.0,0,1291942.6900000004
2023-03-21,0.0,0.0,0.0,0,1291942.6900000004
2023-03-22,0.0,0.0,0.0,0,1291942.6900000004
2023-03-23,0.0,0.0,0.0,0,1291942.6900000004
2023-03-26,0.0,0.0,0.0,0,1291942.6900000004
2023-03-27,0.0,0.0,0.0,0,1291942.6900000004
2023-03-28,0.0,0.0,0.0,0,1291942.6900000004
2023-03-29,0.0,0.0,0.0,0,1291942.6900000004
2023-03-30,0.0,0.0,0.0,0,1291942.6900000004
2023-04-02,0.0,0.0,0.0,0,1301942.6900000004
2023-04-03,0.0,0.0,0.0,0,1301942.6900000004
2023-04-04,0.0,0.0,0.0,0,1301942.6900000004
2023-04-05,0.0,0.0,0.0,0,1301942.6900000004
2023-04-06,0.0,0.0,0.0,0,1301942.6900000004
2023-04-09,0.0,0.0,0.0,0,1301942.6900000004
2023-04-10,0.0,0.0,0.0,0,1301942.6900000004
2023-04-11,0.0,0.0,0.0,0,1301942.6900000004
2023-04-12,0.0,0.0,0.0,0,1301942.6900000004
2023-04-13,0.0,0.0,0.0,0,1301942.6900000004
2023-04-18,0.0,0.0,0.0,0,1301942.6900000004
2023-04-19,0.0,0.0,0.0,0,1301942.6900000004
2023-04-26,0.0,0.0,0.0,0,1301942.6900000004
2023-04-27,0.0,0.0,0.0,0,1301942.6900000004
2023-04-30,0.0,0.0,0.0,0,1301942.6900000004
2023-05-01,0.0,0.0,0.0,0,1311942.6900000004
2023-05-02,0.0,0.0,0.0,0,1311942.6900000004
2023-05-03,0.0,0.0,0.0,0,1311942.6900000004
2023-05-07,0.0,0.0,0.0,0,1311942.6900000004
2023-05-08,437303.3,5.0,0.3340593792673557,1,874634.3900000004
2023-05-09,437276.0,5.0,0.33642975718571033,2,437353.39000000036
2023-05-10,0.0,0.0,0.0,2,437353.39000000036
2023-05-11,0.0,0.0,0.0,2,437353.39000000036
2023-05-14,0.0,0.0,0.0,2,437353.39000000036
2023-05-15,0.0,0.0,0.0,2,437353.39000000036
2023-05-16,0.0,0.0,0.0,2,437353.39000000036
2023-05-17,388998.4,5.0,0.31223620096333365,1,826346.7900000004
2023-05-18,0.0,0.0,0.0,1,826346.7900000004
2023-05-21,0.0,0.0,0.0,1,826346.7900000004
2023-05-22,0.0,0.0,0.0,1,826346.7900000004
2023-05-23,0.0,0.0,0.0,1,826346.7900000004
2023-05-24,0.0,0.0,0.0,1,826346.7900000004
2023-05-25,0.0,0.0,0.0,1,826346.7900000004
2023-05-28,0.0,0.0,0.0,1,826346.7900000004
2023-05-29,0.0,0.0,0.0,1,826346.7900000004
2023-05-30,0.0,0.0,0.0,1,826346.7900000004
2023-05-31,0.0,0.0,0.0,1,826346.7900000004
2023-06-01,0.0,0.0,0.0,1,836346.7900000004
2023-06-04,0.0,0.0,0.0,1,836346.7900000004
2023-06-05,0.0,0.0,0.0,1,836346.7900000004
2023-06-06,404005.0,5.0,0.3257193901392689,0,1240346.7900000005
2023-06-07,413443.8,5.0,0.33760819190125196,1,826897.9900000005
2023-06-08,0.0,0.0,0.0,1,826897.9900000005
2023-06-11,0.0,0.0,0.0,1,826897.9900000005
2023-06-12,0.0,0.0,0.0,1,826897.9900000005
2023-06-13,0.0,0.0,0.0,1,826897.9900000005
2023-06-14,0.0,0.0,0.0,1,826897.9900000005
2023-06-15,0.0,0.0,0.0,1,826897.9900000005
2023-06-18,0.0,0.0,0.0,1,826897.9900000005
2023-06-19,0.0,0.0,0.0,1,826897.9900000005
2023-06-20,0.0,0.0,0.0,1,826897.9900000005
2023-06-21,0.0,0.0,0.0,1,826897.9900000005
2023-06-22,0.0,0.0,0.0,1,826897.9900000005
2023-06-25,0.0,0.0,0.0,1,826897.9900000005
2023-06-26,0.0,0.0,0.0,1,826897.9900000005
2023-07-04,0.0,0.0,0.0,1,836897.9900000005
2023-07-05,435808.45,5.0,0.3424278753075033,0,1272701.4400000004
2023-07-06,0.0,0.0,0.0,0,1272701.4400000004
2023-07-09,0.0,0.0,0.0,0,1272701.4400000004
2023-07-10,0.0,0.0,0.0,0,1272701.4400000004
2023-07-11,0.0,0.0,0.0,0,1272701.4400000004
2023-07-12,0.0,0.0,0.0,0,1272701.4400000004
2023-07-13,0.0,0.0,0.0,0,1272701.4400000004
2023-07-16,0.0,0.0,0.0,0,1272701.4400000004
2023-07-17,0.0,0.0,0.0,0,1272701.4400000004
2023-07-18,0.0,0.0,0.0,0,1272701.4400000004
2023-07-19,0.0,0.0,0.0,0,1272701.4400000004
2023-07-24,0.0,0.0,0.0,0,1272701.4400000004
2023-07-25,0.0,0.0,0.0,0,1272701.4400000004
2023-07-26,0.0,0.0,0.0,0,1272701.4400000004
2023-07-27,0.0,0.0,0.0,0,1272701.4400000004
2023-07-30,0.0,0.0,0.0,0,1272701.4400000004
2023-07-31,0.0,0.0,0.0,0,1272701.4400000004
2023-08-01,0.0,0.0,0.0,0,1282701.4400000004
2023-08-02,0.0,0.0,0.0,0,1282701.4400000004
2023-08-03,0.0,0.0,0.0,0,1282701.4400000004
2023-08-06,0.0,0.0,0.0,0,1282701.4400000004
2023-08-07,0.0,0.0,0.0,0,1282701.4400000004
2023-08-08,0.0,0.0,0.0,0,1282701.4400000004
2023-08-09,0.0,0.0,0.0,0,1282701.4400000004
2023-08-10,0.0,0.0,0.0,0,1282701.4400000004
2023-08-13,0.0,0.0,0.0,0,1282701.4400000004
2023-08-14,0.0,0.0,0.0,0,1282701.4400000004
2023-08-15,0.0,0.0,0.0,0,1282701.4400000004
2023-08-16,0.0,0.0,0.0,0,1282701.4400000004
2023-08-17,427550.63999999996,5.0,0.34243151948511297,1,855145.8000000005
2023-08-20,393426.88,5.0,0.31510256616605664,0,1248567.6800000006
2023-08-21,0.0,0.0,0.0,0,1248567.6800000006
2023-08-22,0.0,0.0,0.0,0,1248567.6800000006
2023-08-23,0.0,0.0,0.0,0,1248567.6800000006
2023-08-24,0.0,0.0,0.0,0,1248567.6800000006
2023-08-27,0.0,0.0,0.0,0,1248567.6800000006
2023-08-28,0.0,0.0,0.0,0,1248567.6800000006
2023-08-29,0.0,0.0,0.0,0,1248567.6800000006
2023-08-30,0.0,0.0,0.0,0,1248567.6800000006
2023-08-31,0.0,0.0,0.0,0,1248567.6800000006
2023-09-03,0.0,0.0,0.0,0,1258567.6800000006
2023-09-04,0.0,0.0,0.0,0,1258567.6800000006
2023-09-05,0.0,0.0,0.0,0,1258567.6800000006
2023-09-06,839010.24,10.0,0.6773042116635234,2,419547.44000000064
2023-09-07,0.0,0.0,0.0,2,419547.44000000064
2023-09-10,0.0,0.0,0.0,2,419547.44000000064
2023-09-11,0.0,0.0,0.0,2,419547.44000000064
2023-09-12,0.0,0.0,0.0,2,419547.44000000064
2023-09-13,0.0,0.0,0.0,2,419547.44000000064
2023-09-14,0.0,0.0,0.0,2,419547.44000000064
2023-09-17,0.0,0.0,0.0,2,419547.44000000064
2023-09-18,0.0,0.0,0.0,2,419547.44000000064
2023-09-19,0.0,0.0,0.0,2,419547.44000000064
2023-09-20,0.0,0.0,0.0,2,419547.44000000064
2023-09-21,0.0,0.0,0.0,2,419547.44000000064
2023-09-24,0.0,0.0,0.0,2,419547.44000000064
2023-09-25,0.0,0.0,0.0,2,419547.44000000064
2023-09-26,0.0,0.0,0.0,2,419547.44000000064
2023-09-27,419537.25,5.0,0.3470343337857061,3,5.190000000642613
2023-10-01,771691.01,10.0,0.6265634409572978,1,781686.2000000007
2023-10-02,0.0,0.0,0.0,1,781686.2000000007
2023-10-03,0.0,0.0,0.0,1,781686.2000000007
2023-10-04,0.0,0.0,0.0,1,781686.2000000007
2023-10-08,0.0,0.0,0.0,1,781686.2000000007
2023-10-09,409587.75,5.0,0.34382475090952364,0,1191268.9500000007
2023-10-10,0.0,0.0,0.0,0,1191268.9500000007
2023-10-11,0.0,0.0,0.0,0,1191268.9500000007
2023-10-12,0.0,0.0,0.0,0,1191268.9500000007
2023-10-15,0.0,0.0,0.0,0,1191268.9500000007
2023-10-16,0.0,0.0,0.0,0,1191268.9500000007
2023-10-17,0.0,0.0,0.0,0,1191268.9500000007
2023-10-18,397080.0,5.0,0.33172333455199676,1,794183.9500000007
2023-10-19,397082.52,5.0,0.334348038555739,2,397096.43000000063
2023-10-22,0.0,0.0,0.0,2,397096.43000000063
2023-10-23,820811.86,10.0,0.673957642226429,0,1217898.2900000005
2023-10-24,0.0,0.0,0.0,0,1217898.2900000005
2023-10-25,0.0,0.0,0.0,0,1217898.2900000005
2023-10-26,0.0,0.0,0.0,0,1217898.2900000005
2023-10-29,0.0,0.0,0.0,0,1217898.2900000005
2023-10-30,0.0,0.0,0.0,0,1217898.2900000005
2023-10-31,0.0,0.0,0.0,0,1217898.2900000005
2023-11-01,0.0,0.0,0.0,0,1227898.2900000005
2023-11-02,0.0,0.0,0.0,0,1227898.2900000005
2023-11-05,0.0,0.0,0.0,0,1227898.2900000005
2023-11-06,0.0,0.0,0.0,0,1227898.2900000005
2023-11-07,409288.5,5.0,0.3348138169773141,1,818604.7900000005
2023-11-08,0.0,0.0,0.0,1,818604.7900000005
2023-11-09,0.0,0.0,0.0,1,818604.7900000005
2023-11-12,0.0,0.0,0.0,1,818604.7900000005
2023-11-13,0.0,0.0,0.0,1,818604.7900000005
2023-11-14,0.0,0.0,0.0,1,818604.7900000005
2023-11-15,0.0,0.0,0.0,1,818604.7900000005
2023-11-16,0.0,0.0,0.0,1,818604.7900000005
2023-11-19,0.0,0.0,0.0,1,818604.7900000005
2023-11-20,0.0,0.0,0.0,1,818604.7900000005
2023-11-21,0.0,0.0,0.0,1,818604.7900000005
2023-11-22,0.0,0.0,0.0,1,818604.7900000005
2023-11-23,0.0,0.0,0.0,1,818604.7900000005
2023-11-26,0.0,0.0,0.0,1,818604.7900000005
2023-11-27,0.0,0.0,0.0,1,818604.7900000005
2023-11-28,0.0,0.0,0.0,1,818604.7900000005
2023-11-29,0.0,0.0,0.0,1,818604.7900000005
2023-11-30,0.0,0.0,0.0,1,818604.7900000005
2023-12-03,414290.4,5.0,0.32643948809446094,2,414309.3900000005
2023-12-04,0.0,0.0,0.0,2,414309.3900000005
2023-12-05,414303.89999999997,5.0,0.32758218396661987,3,0.4900000005145557
2023-12-06,0.0,0.0,0.0,3,0.4900000005145557
2023-12-07,0.0,0.0,0.0,3,0.4900000005145557
2023-12-10,0.0,0.0,0.0,3,0.4900000005145557
2023-12-11,0.0,0.0,0.0,3,0.4900000005145557
2023-12-12,359994.39999999997,5.0,0.2874002405274061,2,359989.8900000005
2023-12-13,0.0,0.0,0.0,2,359989.8900000005
2023-12-14,0.0,0.0,0.0,2,359989.8900000005
2023-12-17,0.0,0.0,0.0,2,359989.8900000005
2023-12-18,359975.0,5.0,0.259411611443167,3,9.890000000479631
2023-12-19,0.0,0.0,0.0,3,9.890000000479631
2023-12-20,0.0,0.0,0.0,3,9.890000000479631
2023-12-21,0.0,0.0,0.0,3,9.890000000479631
2023-12-24,354662.5,5.0,0.28211436937414835,2,354667.3900000005
2023-12-25,0.0,0.0,0.0,2,354667.3900000005
2023-12-26,0.0,0.0,0.0,2,354667.3900000005
2023-12-27,0.0,0.0,0.0,2,354667.3900000005
2023-12-28,0.0,0.0,0.0,2,354667.3900000005
2023-12-31,455243.7,5.0,0.3726646160565259,1,809906.0900000005
2024-01-02,0.0,0.0,0.0,1,819906.0900000005
2024-01-03,0.0,0.0,0.0,1,819906.0900000005
2024-01-04,0.0,0.0,0.0,1,819906.0900000005
2024-01-08,469008.0,5.0,0.3638798140526729,0,1288909.0900000005
2024-01-09,0.0,0.0,0.0,0,1288909.0900000005
2024-01-10,0.0,0.0,0.0,0,1288909.0900000005
2024-01-11,0.0,0.0,0.0,0,1288909.0900000005
2024-01-14,0.0,0.0,0.0,0,1288909.0900000005
2024-01-15,0.0,0.0,0.0,0,1288909.0900000005
2024-01-16,0.0,0.0,0.0,0,1288909.0900000005
2024-01-17,0.0,0.0,0.0,0,1288909.0900000005
2024-01-18,0.0,0.0,0.0,0,1288909.0900000005
2024-01-21,0.0,0.0,0.0,0,1288909.0900000005
2024-01-22,0.0,0.0,0.0,0,1288909.0900000005
2024-01-23,0.0,0.0,0.0,0,1288909.0900000005
2024-01-24,0.0,0.0,0.0,0,1288909.0900000005
2024-01-28,0.0,0.0,0.0,0,1288909.0900000005
2024-01-29,0.0,0.0,0.0,0,1288909.0900000005
2024-01-30,0.0,0.0,0.0,0,1288909.0900000005
2024-01-31,0.0,0.0,0.0,0,1288909.0900000005
2024-02-01,0.0,0.0,0.0,0,1298909.0900000005
2024-02-04,0.0,0.0,0.0,0,1298909.0900000005
2024-02-05,432938.6,5.0,0.3382744793817114,1,865965.4900000006
2024-02-06,0.0,0.0,0.0,1,865965.4900000006
2024-02-07,0.0,0.0,0.0,1,865965.4900000006
2024-02-08,0.0,0.0,0.0,1,865965.4900000006
2024-02-11,0.0,0.0,0.0,1,865965.4900000006
2024-02-12,0.0,0.0,0.0,1,865965.4900000006
2024-02-13,0.0,0.0,0.0,1,865965.4900000006
2024-02-14,0.0,0.0,0.0,1,865965.4900000006
2024-02-15,0.0,0.0,0.0,1,865965.4900000006
2024-02-18,0.0,0.0,0.0,1,865965.4900000006
2024-02-19,0.0,0.0,0.0,1,865965.4900000006
2024-02-20,0.0,0.0,0.0,1,865965.4900000006
2024-02-21,0.0,0.0,0.0,1,865965.4900000006
2024-02-22,0.0,0.0,0.0,1,865965.4900000006
2024-02-25,0.0,0.0,0.0,1,865965.4900000006
2024-02-26,0.0,0.0,0.0,1,865965.4900000006
2024-02-27,0.0,0.0,0.0,1,865965.4900000006
2024-02-28,343780.62,5.0,0.2841770170148222,0,1209741.1100000006
2024-02-29,0.0,0.0,0.0,0,1209741.1100000006
2024-03-03,0.0,0.0,0.0,0,1219741.1100000006
2024-03-04,0.0,0.0,0.0,0,1219741.1100000006
2024-03-05,0.0,0.0,0.0,0,1219741.1100000006
2024-03-06,0.0,0.0,0.0,0,1219741.1100000006
2024-03-07,0.0,0.0,0.0,0,1219741.1100000006
2024-03-10,0.0,0.0,0.0,0,1219741.1100000006
2024-03-11,406567.44,5.0,0.3184370478371241,1,813168.6700000006
2024-03-12,0.0,0.0,0.0,1,813168.6700000006
2024-03-13,0.0,0.0,0.0,1,813168.6700000006
2024-03-14,0.0,0.0,0.0,1,813168.6700000006
2024-03-17,0.0,0.0,0.0,1,813168.6700000006
2024-03-18,0.0,0.0,0.0,1,813168.6700000006
2024-03-19,321217.9,5.0,0.28316565474525457,0,1134381.5700000008
2024-03-20,0.0,0.0,0.0,0,1134381.5700000008
2024-03-21,0.0,0.0,0.0,0,1134381.5700000008
2024-03-24,0.0,0.0,0.0,0,1134381.5700000008
2024-03-25,0.0,0.0,0.0,0,1134381.5700000008
2024-03-26,0.0,0.0,0.0,0,1134381.5700000008
2024-03-27,0.0,0.0,0.0,0,1134381.5700000008
2024-03-28,0.0,0.0,0.0,0,1134381.5700000008
2024-03-31,0.0,0.0,0.0,0,1134381.5700000008
2024-04-01,0.0,0.0,0.0,0,1144381.5700000008
2024-04-02,0.0,0.0,0.0,0,1144381.5700000008
2024-04-03,0.0,0.0,0.0,0,1144381.5700000008
2024-04-04,0.0,0.0,0.0,0,1144381.5700000008
2024-04-07,0.0,0.0,0.0,0,1144381.5700000008
2024-04-08,0.0,0.0,0.0,0,1144381.5700000008
2024-04-15,0.0,0.0,0.0,0,1144381.5700000008
2024-04-16,0.0,0.0,0.0,0,1144381.5700000008
2024-04-17,0.0,0.0,0.0,0,1144381.5700000008
2024-04-18,0.0,0.0,0.0,0,1144381.5700000008
2024-04-21,0.0,0.0,0.0,0,1144381.5700000008
2024-04-22,0.0,0.0,0.0,0,1144381.5700000008
2024-04-23,0.0,0.0,0.0,0,1144381.5700000008
2024-04-24,0.0,0.0,0.0,0,1144381.5700000008
2024-04-28,0.0,0.0,0.0,0,1144381.5700000008
2024-04-29,0.0,0.0,0.0,0,1144381.5700000008
2024-04-30,0.0,0.0,0.0,0,1144381.5700000008
2024-05-01,0.0,0.0,0.0,0,1154381.5700000008
2024-05-02,0.0,0.0,0.0,0,1154381.5700000008
2024-05-07,0.0,0.0,0.0,0,1154381.5700000008
2024-05-08,0.0,0.0,0.0,0,1154381.5700000008
2024-05-09,0.0,0.0,0.0,0,1154381.5700000008
2024-05-12,0.0,0.0,0.0,0,1154381.5700000008
2024-05-13,0.0,0.0,0.0,0,1154381.5700000008
2024-05-14,0.0,0.0,0.0,0,1154381.5700000008
2024-05-15,0.0,0.0,0.0,0,1154381.5700000008
2024-05-16,0.0,0.0,0.0,0,1154381.5700000008
2024-05-19,0.0,0.0,0.0,0,1154381.5700000008
2024-05-20,0.0,0.0,0.0,0,1154381.5700000008
2024-05-21,0.0,0.0,0.0,0,1154381.5700000008
2024-05-22,0.0,0.0,0.0,0,1154381.5700000008
2024-05-23,0.0,0.0,0.0,0,1154381.5700000008
2024-05-26,0.0,0.0,0.0,0,1154381.5700000008
2024-05-27,0.0,0.0,0.0,0,1154381.5700000008
2024-05-28,0.0,0.0,0.0,0,1154381.5700000008
2024-05-29,0.0,0.0,0.0,0,1154381.5700000008
2024-05-30,0.0,0.0,0.0,0,1154381.5700000008
2024-06-02,0.0,0.0,0.0,0,1164381.5700000008
2024-06-03,388118.89999999997,5.0,0.3364754909090932,1,776257.6700000009
2024-06-04,0.0,0.0,0.0,1,776257.6700000009
2024-06-05,0.0,0.0,0.0,1,776257.6700000009
2024-06-06,0.0,0.0,0.0,1,776257.6700000009
2024-06-09,0.0,0.0,0.0,1,776257.6700000009
2024-06-10,0.0,0.0,0.0,1,776257.6700000009
2024-06-11,0.0,0.0,0.0,1,776257.6700000009
2024-06-12,0.0,0.0,0.0,1,776257.6700000009
2024-06-13,0.0,0.0,0.0,1,776257.6700000009
2024-06-23,0.0,0.0,0.0,1,776257.6700000009
2024-06-24,375611.95,5.0,0.3260903612092884,0,1151864.6200000008
2024-06-25,0.0,0.0,0.0,0,1151864.6200000008
2024-06-26,0.0,0.0,0.0,0,1151864.6200000008
2024-06-27,383947.73,5.0,0.33592658172003315,1,767911.8900000008
2024-07-01,0.0,0.0,0.0,1,777911.8900000008
2024-07-02,0.0,0.0,0.0,1,777911.8900000008
2024-07-03,0.0,0.0,0.0,1,777911.8900000008
2024-07-04,0.0,0.0,0.0,1,777911.8900000008
2024-07-07,0.0,0.0,0.0,1,777911.8900000008
2024-07-08,0.0,0.0,0.0,1,777911.8900000008
2024-07-09,388934.7,5.0,0.3272190503614344,2,388972.1900000008
2024-07-10,0.0,0.0,0.0,2,388972.1900000008
2024-07-14,0.0,0.0,0.0,2,388972.1900000008
2024-07-15,794316.3700000001,10.0,0.6712843423783488,0,1183278.560000001
2024-07-16,0.0,0.0,0.0,0,1183278.560000001
2024-07-17,0.0,0.0,0.0,0,1183278.560000001
2024-07-18,0.0,0.0,0.0,0,1183278.560000001
2024-07-21,0.0,0.0,0.0,0,1183278.560000001
2024-07-22,0.0,0.0,0.0,0,1183278.560000001
2024-07-23,0.0,0.0,0.0,0,1183278.560000001
2024-07-24,0.0,0.0,0.0,0,1183278.560000001
2024-07-28,0.0,0.0,0.0,0,1183278.560000001
2024-07-29,0.0,0.0,0.0,0,1183278.560000001
2024-07-30,0.0,0.0,0.0,0,1183278.560000001
2024-07-31,0.0,0.0,0.0,0,1183278.560000001
2024-08-01,0.0,0.0,0.0,0,1193278.560000001
2024-08-04,397710.5,5.0,0.33396015756457365,1,795563.060000001
2024-08-05,0.0,0.0,0.0,1,795563.060000001
2024-08-06,0.0,0.0,0.0,1,795563.060000001
2024-08-07,0.0,0.0,0.0,1,795563.060000001
2024-08-08,0.0,0.0,0.0,1,795563.060000001
2024-08-11,0.0,0.0,0.0,1,795563.060000001
2024-08-12,0.0,0.0,0.0,1,795563.060000001
2024-08-13,0.0,0.0,0.0,1,795563.060000001
2024-08-14,0.0,0.0,0.0,1,795563.060000001
2024-08-15,0.0,0.0,0.0,1,795563.060000001
2024-08-18,0.0,0.0,0.0,1,795563.060000001
2024-08-19,0.0,0.0,0.0,1,795563.060000001
2024-08-20,0.0,0.0,0.0,1,795563.060000001
2024-08-21,0.0,0.0,0.0,1,795563.060000001
2024-08-22,397756.64999999997,5.0,0.327526514999928,2,397801.410000001
2024-08-25,0.0,0.0,0.0,2,397801.410000001
2024-08-26,0.0,0.0,0.0,2,397801.410000001
2024-08-27,0.0,0.0,0.0,2,397801.410000001
2024-08-28,0.0,0.0,0.0,2,397801.410000001
2024-08-29,0.0,0.0,0.0,2,397801.410000001
2024-09-01,0.0,0.0,0.0,2,407801.410000001
2024-09-02,407793.96,5.0,0.3461946346949004,3,2.4500000010011718
2024-09-03,0.0,0.0,0.0,3,2.4500000010011718
2024-09-04,0.0,0.0,0.0,3,2.4500000010011718
2024-09-05,0.0,0.0,0.0,3,2.4500000010011718
2024-09-08,0.0,0.0,0.0,3,2.4500000010011718
2024-09-09,405378.93,5.0,0.34185378898970664,2,405376.380000001
2024-09-10,0.0,0.0,0.0,2,405376.380000001
2024-09-11,0.0,0.0,0.0,2,405376.380000001
2024-09-12,386342.0,5.0,0.3245728684664714,1,791713.380000001
2024-09-16,0.0,0.0,0.0,1,791713.380000001
2024-09-17,0.0,0.0,0.0,1,791713.380000001
2024-09-18,0.0,0.0,0.0,1,791713.380000001
2024-09-19,0.0,0.0,0.0,1,791713.380000001
2024-09-22,0.0,0.0,0.0,1,791713.380000001
2024-09-23,0.0,0.0,0.0,1,791713.380000001
2024-09-24,0.0,0.0,0.0,1,791713.380000001
2024-09-25,0.0,0.0,0.0,1,791713.380000001
2024-09-26,0.0,0.0,0.0,1,791713.380000001
2024-09-29,0.0,0.0,0.0,1,791713.380000001
2024-09-30,0.0,0.0,0.0,1,791713.380000001
2024-10-01,0.0,0.0,0.0,1,801713.380000001
2024-10-02,0.0,0.0,0.0,1,801713.380000001
2024-10-03,0.0,0.0,0.0,1,801713.380000001
2024-10-07,834103.46,10.0,0.6726510615923558,1,817937.200000001
2024-10-08,408884.85,5.0,0.3337959900301588,2,409047.350000001
2024-10-09,0.0,0.0,0.0,2,409047.350000001
2024-10-10,0.0,0.0,0.0,2,409047.350000001
2024-10-13,0.0,0.0,0.0,2,409047.350000001
2024-10-14,0.0,0.0,0.0,2,409047.350000001
2024-10-15,401577.0,5.0,0.32336165285275276,1,810619.350000001
2024-10-16,0.0,0.0,0.0,1,810619.350000001
2024-10-17,0.0,0.0,0.0,1,810619.350000001
2024-10-20,0.0,0.0,0.0,1,810619.350000001
2024-10-21,421169.22,5.0,0.3419181991524693,0,1231783.570000001
2024-10-22,0.0,0.0,0.0,0,1231783.570000001
2024-10-23,0.0,0.0,0.0,0,1231783.570000001
2024-10-24,0.0,0.0,0.0,0,1231783.570000001
2024-10-27,0.0,0.0,0.0,0,1231783.570000001
2024-10-28,0.0,0.0,0.0,0,1231783.570000001
2024-10-29,0.0,0.0,0.0,0,1231783.570000001
2024-10-30,0.0,0.0,0.0,0,1231783.570000001
2024-10-31,0.0,0.0,0.0,0,1231783.570000001
2024-11-03,0.0,0.0,0.0,0,1241783.570000001
2024-11-04,0.0,0.0,0.0,0,1241783.570000001
2024-11-05,0.0,0.0,0.0,0,1241783.570000001
2024-11-06,0.0,0.0,0.0,0,1241783.570000001
2024-11-07,0.0,0.0,0.0,0,1241783.570000001
2024-11-10,0.0,0.0,0.0,0,1241783.570000001
2024-11-11,0.0,0.0,0.0,0,1241783.570000001
2024-11-12,0.0,0.0,0.0,0,1241783.570000001
2024-11-13,0.0,0.0,0.0,0,1241783.570000001
2024-11-14,0.0,0.0,0.0,0,1241783.570000001
2024-11-17,0.0,0.0,0.0,0,1241783.570000001
2024-11-18,0.0,0.0,0.0,0,1241783.570000001
2024-11-19,0.0,0.0,0.0,0,1241783.570000001
2024-11-20,0.0,0.0,0.0,0,1241783.570000001
2024-11-21,0.0,0.0,0.0,0,1241783.570000001
2024-11-24,0.0,0.0,0.0,0,1241783.570000001
2024-11-25,0.0,0.0,0.0,0,1241783.570000001
2024-11-26,0.0,0.0,0.0,0,1241783.570000001
2024-11-27,0.0,0.0,0.0,0,1241783.570000001
2024-11-28,0.0,0.0,0.0,0,1241783.570000001
2024-12-01,0.0,0.0,0.0,0,1251783.570000001
2024-12-02,0.0,0.0,0.0,0,1251783.570000001
2024-12-03,0.0,0.0,0.0,0,1251783.570000001
2024-12-04,0.0,0.0,0.0,0,1251783.570000001
2024-12-05,0.0,0.0,0.0,0,1251783.570000001
2024-12-08,0.0,0.0,0.0,0,1251783.570000001
2024-12-09,0.0,0.0,0.0,0,1251783.570000001
2024-12-10,0.0,0.0,0.0,0,1251783.570000001
2024-12-11,0.0,0.0,0.0,0,1251783.570000001
2024-12-12,0.0,0.0,0.0,0,1251783.570000001
2024-12-15,0.0,0.0,0.0,0,1251783.570000001
2024-12-16,0.0,0.0,0.0,0,1251783.570000001
2024-12-17,0.0,0.0,0.0,0,1251783.570000001
2024-12-18,0.0,0.0,0.0,0,1251783.570000001
2024-12-19,0.0,0.0,0.0,0,1251783.570000001
2024-12-22,0.0,0.0,0.0,0,1251783.570000001
2024-12-23,0.0,0.0,0.0,0,1251783.570000001
2024-12-24,0.0,0.0,0.0,0,1251783.570000001
2024-12-25,0.0,0.0,0.0,0,1251783.570000001
2024-12-26,0.0,0.0,0.0,0,1251783.570000001
2024-12-29,0.0,0.0,0.0,0,1251783.570000001
2024-12-30,0.0,0.0,0.0,0,1251783.570000001
2024-12-31,0.0,0.0,0.0,0,1251783.570000001
2025-01-02,0.0,0.0,0.0,0,1261783.570000001
2025-01-05,420584.82,5.0,0.3314168171327842,1,841193.7500000009
2025-01-06,427857.18,5.0,0.3371486956346802,0,1269045.9300000009
2025-01-08,0.0,0.0,0.0,0,1269045.9300000009
2025-01-09,0.0,0.0,0.0,0,1269045.9300000009
2025-01-12,0.0,0.0,0.0,0,1269045.9300000009
2025-01-13,0.0,0.0,0.0,0,1269045.9300000009
2025-01-14,0.0,0.0,0.0,0,1269045.9300000009
2025-01-15,0.0,0.0,0.0,0,1269045.9300000009
2025-01-16,0.0,0.0,0.0,0,1269045.9300000009
2025-01-19,0.0,0.0,0.0,0,1269045.9300000009
2025-01-20,0.0,0.0,0.0,0,1269045.9300000009
2025-01-21,0.0,0.0,0.0,0,1269045.9300000009
2025-01-22,0.0,0.0,0.0,0,1269045.9300000009
2025-01-23,0.0,0.0,0.0,0,1269045.9300000009
2025-01-26,0.0,0.0,0.0,0,1269045.9300000009
2025-01-27,0.0,0.0,0.0,0,1269045.9300000009
2025-01-28,0.0,0.0,0.0,0,1269045.9300000009
2025-01-29,0.0,0.0,0.0,0,1269045.9300000009
2025-01-30,0.0,0.0,0.0,0,1269045.9300000009
2025-02-02,0.0,0.0,0.0,0,1279045.9300000009
2025-02-03,0.0,0.0,0.0,0,1279045.9300000009
2025-02-04,0.0,0.0,0.0,0,1279045.9300000009
2025-02-05,0.0,0.0,0.0,0,1279045.9300000009
2025-02-06,0.0,0.0,0.0,0,1279045.9300000009
2025-02-09,0.0,0.0,0.0,0,1279045.9300000009
2025-02-10,0.0,0.0,0.0,0,1279045.9300000009
2025-02-11,0.0,0.0,0.0,0,1279045.9300000009
2025-02-12,426305.0,5.0,0.3362239128144312,1,852735.9300000009
2025-02-13,0.0,0.0,0.0,1,852735.9300000009
2025-02-16,0.0,0.0,0.0,1,852735.9300000009
2025-02-17,0.0,0.0,0.0,1,852735.9300000009
2025-02-18,0.0,0.0,0.0,1,852735.9300000009
2025-02-19,0.0,0.0,0.0,1,852735.9300000009
2025-02-20,0.0,0.0,0.0,1,852735.9300000009
2025-02-23,0.0,0.0,0.0,1,852735.9300000009
2025-02-24,0.0,0.0,0.0,1,852735.9300000009
2025-02-25,0.0,0.0,0.0,1,852735.9300000009
2025-02-26,0.0,0.0,0.0,1,852735.9300000009
2025-02-27,0.0,0.0,0.0,1,852735.9300000009
2025-03-02,0.0,0.0,0.0,1,862735.9300000009
2025-03-03,0.0,0.0,0.0,1,862735.9300000009
2025-03-04,0.0,0.0,0.0,1,862735.9300000009
2025-03-05,0.0,0.0,0.0,1,862735.9300000009
2025-03-06,0.0,0.0,0.0,1,862735.9300000009
2025-03-09,0.0,0.0,0.0,1,862735.9300000009
2025-03-10,0.0,0.0,0.0,1,862735.9300000009
2025-03-11,0.0,0.0,0.0,1,862735.9300000009
2025-03-12,0.0,0.0,0.0,1,862735.9300000009
2025-03-13,0.0,0.0,0.0,1,862735.9300000009
2025-03-16,0.0,0.0,0.0,1,862735.9300000009
2025-03-17,0.0,0.0,0.0,1,862735.9300000009
2025-03-18,0.0,0.0,0.0,1,862735.9300000009
2025-03-19,0.0,0.0,0.0,1,862735.9300000009
2025-03-20,415554.69999999995,5.0,0.32508751584729906,0,1278285.6300000008
2025-03-23,0.0,0.0,0.0,0,1278285.6300000008
2025-03-24,0.0,0.0,0.0,0,1278285.6300000008
2025-03-25,0.0,0.0,0.0,0,1278285.6300000008
2025-03-26,0.0,0.0,0.0,0,1278285.6300000008
2025-03-27,0.0,0.0,0.0,0,1278285.6300000008
2025-04-03,429417.6,5.0,0.3310273809245833,1,858863.0300000008
2025-04-06,429416.44,5.0,0.3434596351520148,2,429441.59000000084
2025-04-07,0.0,0.0,0.0,2,429441.59000000084
2025-04-08,394080.11000000004,5.0,0.3168364535353053,1,823516.7000000009
2025-04-09,0.0,0.0,0.0,1,823516.7000000009
2025-04-10,0.0,0.0,0.0,1,823516.7000000009
2025-04-13,0.0,0.0,0.0,1,823516.7000000009
2025-04-14,0.0,0.0,0.0,1,823516.7000000009
2025-04-15,0.0,0.0,0.0,1,823516.7000000009
2025-04-16,0.0,0.0,0.0,1,823516.7000000009
2025-04-17,0.0,0.0,0.0,1,823516.7000000009
2025-04-22,0.0,0.0,0.0,1,823516.7000000009
2025-04-23,450668.78,5.0,0.35369304982603383,0,1274180.480000001
2025-04-27,0.0,0.0,0.0,0,1274180.480000001
2025-04-28,0.0,0.0,0.0,0,1274180.480000001
2025-04-29,0.0,0.0,0.0,0,1274180.480000001
2025-04-30,0.0,0.0,0.0,0,1274180.480000001
2025-05-04,0.0,0.0,0.0,0,1284180.480000001
2025-05-05,0.0,0.0,0.0,0,1284180.480000001
2025-05-06,0.0,0.0,0.0,0,1284180.480000001
2025-05-07,0.0,0.0,0.0,0,1284180.480000001
2025-05-08,0.0,0.0,0.0,0,1284180.480000001
2025-05-11,0.0,0.0,0.0,0,1284180.480000001
2025-05-12,0.0,0.0,0.0,0,1284180.480000001
2025-05-13,0.0,0.0,0.0,0,1284180.480000001
2025-05-14,0.0,0.0,0.0,0,1284180.480000001
2025-05-15,0.0,0.0,0.0,0,1284180.480000001
2025-05-18,0.0,0.0,0.0,0,1284180.480000001
2025-05-19,0.0,0.0,0.0,0,1284180.480000001
2025-05-20,0.0,0.0,0.0,0,1284180.480000001
2025-05-21,0.0,0.0,0.0,0,1284180.480000001
2025-05-22,0.0,0.0,0.0,0,1284180.480000001
2025-05-25,0.0,0.0,0.0,0,1284180.480000001
2025-05-26,428040.27,5.0,0.3341077633766073,1,856135.2100000009
2025-05-27,0.0,0.0,0.0,1,856135.2100000009
2025-05-28,0.0,0.0,0.0,1,856135.2100000009
2025-05-29,0.0,0.0,0.0,1,856135.2100000009
2025-06-01,0.0,0.0,0.0,1,866135.2100000009
2025-06-02,433058.0,5.0,0.3829990545789259,2,433072.2100000009
2025-06-03,266740.32,5.0,0.23489438875105012,1,699807.530000001
2025-06-04,0.0,0.0,0.0,1,699807.530000001
2025-06-10,0.0,0.0,0.0,1,699807.530000001
2025-06-11,0.0,0.0,0.0,1,699807.530000001
2025-06-12,0.0,0.0,0.0,1,699807.530000001
2025-06-15,0.0,0.0,0.0,1,699807.530000001
2025-06-16,0.0,0.0,0.0,1,699807.530000001
2025-06-17,0.0,0.0,0.0,1,699807.530000001
2025-06-18,0.0,0.0,0.0,1,699807.530000001
2025-06-19,0.0,0.0,0.0,1,699807.530000001
2025-06-22,0.0,0.0,0.0,1,699807.530000001
2025-06-23,431432.0,5.0,0.3813815690367935,0,1131234.530000001
2025-06-24,377065.96,5.0,0.3302080594030931,1,754163.570000001
2025-06-25,0.0,0.0,0.0,1,754163.570000001
2025-06-29,754130.27,10.0,0.6568556669391676,3,23.30000000097789
2025-06-30,380740.3,5.0,0.3358530673538617,2,380758.60000000097
2025-07-01,0.0,0.0,0.0,2,390758.60000000097
2025-07-02,390660.0,5.0,0.3331383275424118,3,93.60000000096625
2025-07-06,0.0,0.0,0.0,3,93.60000000096625
2025-07-07,777228.56,10.0,0.6532539145172173,1,777312.160000001
2025-07-09,388645.12,5.0,0.32881207179917665,2,388662.04000000097
2025-07-10,388548.0,5.0,0.3283928693949436,3,109.04000000096858
2025-07-13,0.0,0.0,0.0,3,109.04000000096858
2025-07-14,797635.53,10.0,0.6530629543885725,1,797734.570000001
2025-07-15,0.0,0.0,0.0,1,797734.570000001
2025-07-16,0.0,0.0,0.0,1,797734.570000001
2025-07-17,892153.2,10.0,0.6966311712045443,1,844950.5700000009
2025-07-20,0.0,0.0,0.0,1,844950.5700000009
2025-07-21,434889.0,5.0,0.3398009478678168,0,1279834.5700000008
2025-07-22,0.0,0.0,0.0,0,1279834.5700000008
2025-07-23,0.0,0.0,0.0,0,1279834.5700000008
2025-07-27,0.0,0.0,0.0,0,1279834.5700000008
2025-07-28,0.0,0.0,0.0,0,1279834.5700000008
2025-07-29,0.0,0.0,0.0,0,1279834.5700000008
2025-07-30,0.0,0.0,0.0,0,1279834.5700000008
2025-07-31,0.0,0.0,0.0,0,1279834.5700000008
2025-08-03,0.0,0.0,0.0,0,1289834.5700000008
2025-08-04,0.0,0.0,0.0,0,1289834.5700000008
2025-08-05,0.0,0.0,0.0,0,1289834.5700000008
2025-08-06,429878.9,5.0,0.33147795524460894,1,859950.6700000007
2025-08-07,0.0,0.0,0.0,1,859950.6700000007
2025-08-10,0.0,0.0,0.0,1,859950.6700000007
2025-08-11,429939.51,5.0,0.33333379076265046,2,430006.16000000073
2025-08-12,0.0,0.0,0.0,2,430006.16000000073
2025-08-13,0.0,0.0,0.0,2,430006.16000000073
2025-08-14,417249.91,5.0,0.3262603463355386,1,847251.0700000008
2025-08-17,0.0,0.0,0.0,1,847251.0700000008
2025-08-18,0.0,0.0,0.0,1,847251.0700000008
2025-08-19,423603.29000000004,5.0,0.3283720749812118,2,423642.7800000007
2025-08-20,0.0,0.0,0.0,2,423642.7800000007
2025-08-21,0.0,0.0,0.0,2,423642.7800000007
2025-08-24,0.0,0.0,0.0,2,423642.7800000007
2025-08-25,0.0,0.0,0.0,2,423642.7800000007
2025-08-26,0.0,0.0,0.0,2,423642.7800000007
2025-08-27,0.0,0.0,0.0,2,423642.7800000007
2025-08-28,0.0,0.0,0.0,2,423642.7800000007
2025-08-31,0.0,0.0,0.0,2,423642.7800000007
2025-09-01,0.0,0.0,0.0,2,433642.7800000007
2025-09-02,417188.91000000003,5.0,0.3339266532059911,1,850826.6900000008
2025-09-03,0.0,0.0,0.0,1,850826.6900000008
2025-09-07,386212.43000000005,5.0,0.3122083892075667,0,1237034.1200000008
2025-09-08,0.0,0.0,0.0,0,1237034.1200000008
2025-09-09,0.0,0.0,0.0,0,1237034.1200000008
2025-09-10,0.0,0.0,0.0,0,1237034.1200000008
2025-09-11,0.0,0.0,0.0,0,1237034.1200000008
2025-09-14,0.0,0.0,0.0,0,1237034.1200000008
2025-09-15,0.0,0.0,0.0,0,1237034.1200000008
2025-09-16,0.0,0.0,0.0,0,1237034.1200000008
2025-09-17,0.0,0.0,0.0,0,1237034.1200000008
2025-09-18,412339.04,5.0,0.33333009977970424,1,824690.0800000008
2025-09-21,0.0,0.0,0.0,1,824690.0800000008
2025-09-22,0.0,0.0,0.0,1,824690.0800000008
2025-09-23,0.0,0.0,0.0,1,824690.0800000008
2025-09-24,0.0,0.0,0.0,1,824690.0800000008
2025-09-25,0.0,0.0,0.0,1,824690.0800000008
2025-09-28,0.0,0.0,0.0,1,824690.0800000008
2025-09-29,0.0,0.0,0.0,1,824690.0800000008
2025-09-30,0.0,0.0,0.0,1,824690.0800000008
2025-10-01,0.0,0.0,0.0,1,834690.0800000008
2025-10-02,0.0,0.0,0.0,1,834690.0800000008
2025-10-05,0.0,0.0,0.0,1,834690.0800000008
2025-10-06,406690.56,5.0,0.32761280864187065,0,1241375.6400000008
2025-10-07,0.0,0.0,0.0,0,1241375.6400000008
2025-10-08,0.0,0.0,0.0,0,1241375.6400000008
2025-10-09,0.0,0.0,0.0,0,1241375.6400000008
2025-10-12,0.0,0.0,0.0,0,1241375.6400000008
2025-10-13,0.0,0.0,0.0,0,1241375.6400000008
2025-10-14,0.0,0.0,0.0,0,1241375.6400000008
2025-10-15,0.0,0.0,0.0,0,1241375.6400000008
2025-10-16,0.0,0.0,0.0,0,1241375.6400000008
2025-10-19,0.0,0.0,0.0,0,1241375.6400000008
2025-10-20,0.0,0.0,0.0,0,1241375.6400000008
2025-10-21,0.0,0.0,0.0,0,1241375.6400000008
2025-10-22,0.0,0.0,0.0,0,1241375.6400000008
2025-10-23,0.0,0.0,0.0,0,1241375.6400000008
2025-10-26,0.0,0.0,0.0,0,1241375.6400000008
2025-10-27,0.0,0.0,0.0,0,1241375.6400000008
2025-10-28,0.0,0.0,0.0,0,1241375.6400000008
2025-10-29,0.0,0.0,0.0,0,1241375.6400000008
2025-10-30,0.0,0.0,0.0,0,1241375.6400000008
2025-11-02,0.0,0.0,0.0,0,1251375.6400000008
2025-11-03,0.0,0.0,0.0,0,1251375.6400000008
2025-11-04,0.0,0.0,0.0,0,1251375.6400000008
2025-11-05,0.0,0.0,0.0,0,1251375.6400000008
2025-11-06,0.0,0.0,0.0,0,1251375.6400000008
2025-11-09,0.0,0.0,0.0,0,1251375.6400000008
2025-11-10,416964.89999999997,5.0,0.3351751620117499,1,834405.7400000009
2025-11-11,0.0,0.0,0.0,1,834405.7400000009
2025-11-12,0.0,0.0,0.0,1,834405.7400000009
2025-11-13,0.0,0.0,0.0,1,834405.7400000009
2025-11-16,0.0,0.0,0.0,1,834405.7400000009
2025-11-17,0.0,0.0,0.0,1,834405.7400000009
2025-11-18,0.0,0.0,0.0,1,834405.7400000009
2025-11-19,0.0,0.0,0.0,1,834405.7400000009
2025-11-20,0.0,0.0,0.0,1,834405.7400000009
2025-11-23,765702.98,10.0,0.633256067627283,1,800223.5600000009
2025-11-24,0.0,0.0,0.0,1,800223.5600000009
2025-11-25,0.0,0.0,0.0,1,800223.5600000009
2025-11-26,0.0,0.0,0.0,1,800223.5600000009
2025-11-27,0.0,0.0,0.0,1,800223.5600000009
2025-11-30,0.0,0.0,0.0,1,800223.5600000009
2025-12-01,405106.64999999997,5.0,0.32970295992626797,2,405111.9100000009
2025-12-02,0.0,0.0,0.0,2,405111.9100000009
2025-12-03,0.0,0.0,0.0,2,405111.9100000009
2025-12-04,0.0,0.0,0.0,2,405111.9100000009
2025-12-07,0.0,0.0,0.0,2,405111.9100000009
2025-12-08,0.0,0.0,0.0,2,405111.9100000009
2025-12-09,0.0,0.0,0.0,2,405111.9100000009
2025-12-10,405102.8,5.0,0.333411639123168,3,4.110000000917353
2025-12-11,0.0,0.0,0.0,3,4.110000000917353
2025-12-14,0.0,0.0,0.0,3,4.110000000917353
2025-12-15,0.0,0.0,0.0,3,4.110000000917353
2025-12-16,0.0,0.0,0.0,3,4.110000000917353
2025-12-17,0.0,0.0,0.0,3,4.110000000917353
2025-12-18,0.0,0.0,0.0,3,4.110000000917353
2025-12-21,0.0,0.0,0.0,3,4.110000000917353
2025-12-22,424867.95,5.0,0.35350593933946234,2,424867.0600000009
2025-12-23,0.0,0.0,0.0,2,424867.0600000009
2025-12-24,0.0,0.0,0.0,2,424867.0600000009
2025-12-25,0.0,0.0,0.0,2,424867.0600000009
2025-12-28,0.0,0.0,0.0,2,424867.0600000009
2025-12-29,0.0,0.0,0.0,2,424867.0600000009
2025-12-30,0.0,0.0,0.0,2,424867.0600000009
2025-12-31,0.0,0.0,0.0,2,424867.0600000009
2026-01-04,0.0,0.0,0.0,2,434867.0600000009
2026-01-05,0.0,0.0,0.0,2,434867.0600000009
2026-01-06,0.0,0.0,0.0,2,434867.0600000009
2026-01-08,488166.0,5.0,0.3576690096815184,1,923028.060000001
2026-01-11,461454.8,5.0,0.3302301634138896,2,461568.260000001
2026-01-12,461517.75,5.0,0.33552253793416204,3,45.51000000099884
2026-01-13,0.0,0.0,0.0,3,45.51000000099884
2026-01-14,0.0,0.0,0.0,3,45.51000000099884
2026-01-15,435343.41,5.0,0.3241928263929287,2,435383.920000001
2026-01-18,0.0,0.0,0.0,2,435383.920000001
2026-01-19,0.0,0.0,0.0,2,435383.920000001
2026-01-20,0.0,0.0,0.0,2,435383.920000001
2026-01-21,1510489.93,15.0,1.0349855542666886,1,973003.0100000012
2026-01-22,486467.39999999997,5.0,0.3285176176288543,2,486530.6100000012
2026-01-25,0.0,0.0,0.0,2,486530.6100000012
2026-01-26,0.0,0.0,0.0,2,486530.6100000012
2026-01-27,493228.56,5.0,0.3217497329034963,1,979754.1700000012
2026-01-28,0.0,0.0,0.0,1,979754.1700000012
2026-02-01,1081096.0,10.0,0.6914402703594539,1,1035426.0900000012
2026-02-02,0.0,0.0,0.0,1,1035426.0900000012
2026-02-03,0.0,0.0,0.0,1,1035426.0900000012
2026-02-04,0.0,0.0,0.0,1,1035426.0900000012
2026-02-05,0.0,0.0,0.0,1,1035426.0900000012
2026-02-08,0.0,0.0,0.0,1,1035426.0900000012
2026-02-09,0.0,0.0,0.0,1,1035426.0900000012
2026-02-10,0.0,0.0,0.0,1,1035426.0900000012
2026-02-11,0.0,0.0,0.0,1,1035426.0900000012
2026-02-12,0.0,0.0,0.0,1,1035426.0900000012
2026-02-15,0.0,0.0,0.0,1,1035426.0900000012
2026-02-16,0.0,0.0,0.0,1,1035426.0900000012
2026-02-17,0.0,0.0,0.0,1,1035426.0900000012
2026-02-18,517707.06,5.0,0.3250793380249231,2,517714.03000000125
2026-02-19,0.0,0.0,0.0,2,517714.03000000125
2026-02-22,0.0,0.0,0.0,2,517714.03000000125
2026-02-23,0.0,0.0,0.0,2,517714.03000000125
2026-02-24,0.0,0.0,0.0,2,517714.03000000125
2026-02-25,0.0,0.0,0.0,2,517714.03000000125
2026-02-26,0.0,0.0,0.0,2,517714.03000000125
2026-03-01,0.0,0.0,0.0,2,527714.0300000012
2026-03-02,491157.98000000004,5.0,0.313649530560523,1,1018867.0100000012
2026-03-03,0.0,0.0,0.0,1,1018867.0100000012
2026-03-04,1177541.02,10.0,0.71252197932715,1,1098304.8100000015
2026-03-05,0.0,0.0,0.0,1,1098304.8100000015
2026-03-08,0.0,0.0,0.0,1,1098304.8100000015
2026-03-09,549144.92,5.0,0.3188464015959338,2,549154.8900000014
2026-03-10,0.0,0.0,0.0,2,549154.8900000014
2026-03-11,0.0,0.0,0.0,2,549154.8900000014
2026-03-12,0.0,0.0,0.0,2,549154.8900000014
2026-03-15,0.0,0.0,0.0,2,549154.8900000014
2026-03-16,0.0,0.0,0.0,2,549154.8900000014
2026-03-17,573454.3999999999,5.0,0.32961994459599386,1,1122604.2900000014
2026-03-18,0.0,0.0,0.0,1,1122604.2900000014
2026-03-24,0.0,0.0,0.0,1,1122604.2900000014
2026-03-25,662606.0,5.0,0.3711651560252768,0,1785205.2900000014
2026-03-26,0.0,0.0,0.0,0,1785205.2900000014
2026-03-29,0.0,0.0,0.0,0,1785205.2900000014
2026-03-30,0.0,0.0,0.0,0,1785205.2900000014
2026-03-31,0.0,0.0,0.0,0,1785205.2900000014
2026-04-01,598393.59,5.0,0.33560691506835916,1,1196806.7000000016
2026-04-02,0.0,0.0,0.0,1,1196806.7000000016
2026-04-05,0.0,0.0,0.0,1,1196806.7000000016
