date,asset_type,symbol,action,shares,price,value,fee,reason
2019-02-05,STOCK,CCAP,BUY,1165.0,3.7618799999999997,4382.5902,13.7651804,stock_sleeve_rebalance_buy
2019-02-05,STOCK,ORHD,BUY,587.0,7.46373,4381.20951,13.76241902,stock_sleeve_rebalance_buy
2019-02-05,STOCK,ABUK,BUY,188.0,23.31165,4382.5902,13.7651804,stock_sleeve_rebalance_buy
2019-02-05,STOCK,GBCO,BUY,862.0,5.08254,4381.14948,13.76229896,stock_sleeve_rebalance_buy
2019-02-05,STOCK,EAST,BUY,359.0,12.216105,4385.581695,13.77116339,stock_sleeve_rebalance_buy
2019-02-05,STOCK,JUFO,BUY,365.0,11.995994999999999,4378.538175,13.75707635,stock_sleeve_rebalance_buy
2019-02-05,STOCK,VLMR,BUY,2248.0,1.950975,4385.7918,13.7715836,stock_sleeve_rebalance_buy
2019-02-05,STOCK,EGAL,BUY,183.0,23.921955,4377.717765,13.755435530000002,stock_sleeve_rebalance_buy
2019-02-05,STOCK,TMGH,BUY,396.0,11.075535,4385.91186,13.77182372,stock_sleeve_rebalance_buy
2019-02-05,STOCK,EGCH,BUY,728.0,6.023009999999999,4384.7512799999995,13.76950256,stock_sleeve_rebalance_buy
2019-02-05,ETF,EGX30_ETF,BUY,4391.0,15.007499999999999,65897.9325,131.795865,core_rebalance_cash_sweep
2019-04-17,ETF,EGX30_ETF,BUY,380.0,15.737865,5980.3886999999995,11.9607774,monthly_core_dca
2019-04-17,STOCK,CCAP,BUY,106.0,3.70185,392.3961,5.7847922,monthly_satellite_dca
2019-04-17,STOCK,ORHD,BUY,56.0,7.023509999999999,393.3165599999999,5.786633119999999,monthly_satellite_dca
2019-04-17,STOCK,ABUK,BUY,14.0,26.923454999999997,376.92837,5.75385674,monthly_satellite_dca
2019-04-17,STOCK,GBCO,BUY,86.0,4.552275,391.49565,5.7829913,monthly_satellite_dca
2019-04-17,STOCK,EAST,BUY,28.0,13.74687,384.91236,5.76982472,monthly_satellite_dca
2019-04-17,STOCK,JUFO,BUY,30.0,12.98649,389.5947,5.7791894,monthly_satellite_dca
2019-04-17,STOCK,VLMR,BUY,184.0,2.131065,392.11596,5.78423192,monthly_satellite_dca
2019-04-17,STOCK,EGAL,BUY,21.0,18.059025,379.23952499999996,5.75847905,monthly_satellite_dca
2019-04-17,STOCK,TMGH,BUY,33.0,11.8059,389.5947,5.7791894,monthly_satellite_dca
2019-04-17,STOCK,EGCH,BUY,78.0,5.052524999999999,394.09694999999994,5.7881939,monthly_satellite_dca
2019-05-21,ETF,EGX30_ETF,BUY,388.0,15.4077,5978.1876,11.9563752,monthly_core_dca
2019-05-21,STOCK,CCAP,BUY,119.0,3.291645,391.705755,5.7834115100000005,monthly_satellite_dca
2019-05-21,STOCK,ORHD,BUY,66.0,5.932964999999999,391.57568999999995,5.78315138,monthly_satellite_dca
2019-05-21,STOCK,ABUK,BUY,16.0,24.102044999999997,385.63271999999995,5.77126544,monthly_satellite_dca
2019-05-21,STOCK,GBCO,BUY,101.0,3.8719349999999997,391.065435,5.78213087,monthly_satellite_dca
2019-05-21,STOCK,EAST,BUY,33.0,11.775884999999999,388.604205,5.77720841,monthly_satellite_dca
2019-05-21,STOCK,JUFO,BUY,34.0,11.505749999999999,391.1955,5.782391,monthly_satellite_dca
2019-05-21,STOCK,VLMR,BUY,183.0,2.1510749999999996,393.64672499999995,5.78729345,monthly_satellite_dca
2019-05-21,STOCK,EGAL,BUY,32.0,12.296145,393.47664,5.78695328,monthly_satellite_dca
2019-05-21,STOCK,TMGH,BUY,37.0,10.475235,387.583695,5.77516739,monthly_satellite_dca
2019-05-21,STOCK,EGCH,BUY,97.0,4.04202,392.07594,5.78415188,monthly_satellite_dca
2019-07-09,ETF,EGX30_ETF,BUY,388.0,15.4077,5978.1876,11.9563752,monthly_core_dca
2019-07-09,STOCK,CCAP,BUY,99.0,3.971985,393.226515,5.78645303,monthly_satellite_dca
2019-07-09,STOCK,ORHD,BUY,59.0,6.643319999999999,391.95588,5.78391176,monthly_satellite_dca
2019-07-09,STOCK,ABUK,BUY,16.0,23.761875,380.19,5.76038,monthly_satellite_dca
2019-07-09,STOCK,GBCO,BUY,95.0,4.1420699999999995,393.49664999999993,5.7869933,monthly_satellite_dca
2019-07-09,STOCK,EAST,BUY,33.0,11.875934999999998,391.905855,5.78381171,monthly_satellite_dca
2019-07-09,STOCK,JUFO,BUY,39.0,10.105049999999999,394.09694999999994,5.7881939,monthly_satellite_dca
2019-07-09,STOCK,VLMR,BUY,201.0,1.96098,394.15698,5.78831396,monthly_satellite_dca
2019-07-09,STOCK,EGAL,BUY,29.0,13.496744999999999,391.405605,5.78281121,monthly_satellite_dca
2019-07-09,STOCK,TMGH,BUY,36.0,10.695345,385.03242,5.77006484,monthly_satellite_dca
2019-07-09,STOCK,EGCH,BUY,74.0,5.30265,392.3961,5.7847922,monthly_satellite_dca
2019-08-21,ETF,EGX30_ETF,BUY,388.0,15.4077,5978.1876,11.9563752,monthly_core_dca
2019-08-21,STOCK,CCAP,BUY,144.0,2.731365,393.31656,5.78663312,monthly_satellite_dca
2019-08-21,STOCK,ORHD,BUY,54.0,7.233615,390.61521000000005,5.78123042,monthly_satellite_dca
2019-08-21,STOCK,ABUK,BUY,17.0,21.99099,373.84683,5.74769366,monthly_satellite_dca
2019-08-21,STOCK,GBCO,BUY,93.0,4.212104999999999,391.7257649999999,5.78345153,monthly_satellite_dca
2019-08-21,STOCK,EAST,BUY,33.0,11.655825,384.642225,5.76928445,monthly_satellite_dca
2019-08-21,STOCK,JUFO,BUY,39.0,10.035015,391.365585,5.78273117,monthly_satellite_dca
2019-08-21,STOCK,VLMR,BUY,194.0,2.0310149999999996,394.01690999999994,5.78803382,monthly_satellite_dca
2019-08-21,STOCK,EGAL,BUY,28.0,14.037014999999998,393.03641999999996,5.78607284,monthly_satellite_dca
2019-08-21,STOCK,TMGH,BUY,34.0,11.425709999999999,388.47414,5.77694828,monthly_satellite_dca
2019-08-21,STOCK,EGCH,BUY,75.0,5.2026,390.19500000000005,5.780390000000001,monthly_satellite_dca
2019-09-02,ETF,EGX30_ETF,BUY,399.0,15.007499999999999,5987.992499999999,11.975985,monthly_core_dca
2019-09-02,STOCK,CCAP,BUY,147.0,2.68134,394.15698000000003,5.78831396,monthly_satellite_dca
2019-09-02,STOCK,ORHD,BUY,54.0,7.193595,388.45413,5.77690826,monthly_satellite_dca
2019-09-02,STOCK,ABUK,BUY,17.0,22.361175,380.139975,5.76027995,monthly_satellite_dca
2019-09-02,STOCK,GBCO,BUY,91.0,4.32216,393.31656000000004,5.78663312,monthly_satellite_dca
2019-09-02,STOCK,EAST,BUY,34.0,11.4057,387.7938,5.7755876,monthly_satellite_dca
2019-09-02,STOCK,JUFO,BUY,40.0,9.814905,392.59619999999995,5.7851924,monthly_satellite_dca
2019-09-02,STOCK,VLMR,BUY,181.0,2.1710849999999997,392.96638499999995,5.78593277,monthly_satellite_dca
2019-09-02,STOCK,EGAL,BUY,28.0,13.946969999999999,390.51516,5.78103032,monthly_satellite_dca
2019-09-02,STOCK,TMGH,BUY,33.0,11.66583,384.97239,5.76994478,monthly_satellite_dca
2019-09-02,STOCK,EGCH,BUY,75.0,5.2026,390.19500000000005,5.780390000000001,monthly_satellite_dca
2019-10-24,ETF,EGX30_ETF,BUY,401.0,14.907449999999999,5977.887449999999,11.955774899999998,monthly_core_dca
2019-10-24,STOCK,CCAP,BUY,166.0,2.371185,393.61671,5.78723342,monthly_satellite_dca
2019-10-24,STOCK,ORHD,BUY,59.0,6.5932949999999995,389.00440499999996,5.77800881,monthly_satellite_dca
2019-10-24,STOCK,ABUK,BUY,18.0,21.070529999999998,379.26953999999995,5.75853908,monthly_satellite_dca
2019-10-24,STOCK,GBCO,BUY,115.0,3.4217099999999996,393.49664999999993,5.7869933,monthly_satellite_dca
2019-10-24,STOCK,EAST,BUY,34.0,11.575785,393.57669,5.78715338,monthly_satellite_dca
2019-10-24,STOCK,JUFO,BUY,47.0,8.314155,390.76528499999995,5.78153057,monthly_satellite_dca
2019-10-24,STOCK,VLMR,BUY,187.0,2.10105,392.89635,5.7857927,monthly_satellite_dca
2019-10-24,STOCK,EGAL,BUY,32.0,12.216105,390.91536,5.78183072,monthly_satellite_dca
2019-10-24,STOCK,TMGH,BUY,40.0,9.814905,392.59619999999995,5.7851924,monthly_satellite_dca
2019-10-24,STOCK,EGCH,BUY,90.0,4.36218,392.5962,5.7851924,monthly_satellite_dca
2019-11-03,ETF,EGX30_ETF,BUY,395.0,15.137565,5979.338175,11.95867635,monthly_core_dca
2019-11-03,STOCK,CCAP,BUY,153.0,2.5712849999999996,393.40660499999996,5.78681321,monthly_satellite_dca
2019-11-03,STOCK,ORHD,BUY,56.0,6.993495,391.63572,5.78327144,monthly_satellite_dca
2019-11-03,STOCK,ABUK,BUY,17.0,22.17108,376.90836,5.75381672,monthly_satellite_dca
2019-11-03,STOCK,GBCO,BUY,106.0,3.70185,392.3961,5.7847922,monthly_satellite_dca
2019-11-03,STOCK,EAST,BUY,32.0,11.975985,383.23152,5.76646304,monthly_satellite_dca
2019-11-03,STOCK,JUFO,BUY,46.0,8.504249999999999,391.1954999999999,5.782391,monthly_satellite_dca
2019-11-03,STOCK,VLMR,BUY,184.0,2.131065,392.11596,5.78423192,monthly_satellite_dca
2019-11-03,STOCK,EGAL,BUY,28.0,13.596794999999998,380.71025999999995,5.76142052,monthly_satellite_dca
2019-11-03,STOCK,TMGH,BUY,39.0,9.954975,388.24402499999997,5.77648805,monthly_satellite_dca
2019-11-03,STOCK,EGCH,BUY,81.0,4.852424999999999,393.04642499999994,5.78609285,monthly_satellite_dca
2019-12-03,ETF,EGX30_ETF,BUY,415.0,14.4072,5978.987999999999,11.957975999999999,monthly_core_dca
2019-12-03,STOCK,CCAP,BUY,188.0,2.091045,393.11645999999996,5.78623292,monthly_satellite_dca
2019-12-03,STOCK,ORHD,BUY,62.0,6.273134999999999,388.93436999999994,5.77786874,monthly_satellite_dca
2019-12-03,STOCK,ABUK,BUY,18.0,20.990489999999998,377.82881999999995,5.75565764,monthly_satellite_dca
2019-12-03,STOCK,GBCO,BUY,110.0,3.58179,393.9969,5.7879938,monthly_satellite_dca
2019-12-03,STOCK,EAST,BUY,36.0,10.915455,392.95637999999997,5.78591276,monthly_satellite_dca
2019-12-03,STOCK,JUFO,BUY,48.0,8.074035,387.55368,5.77510736,monthly_satellite_dca
2019-12-03,STOCK,VLMR,BUY,189.0,2.08104,393.31656,5.78663312,monthly_satellite_dca
2019-12-03,STOCK,EGAL,BUY,29.0,13.186589999999999,382.41110999999995,5.76482222,monthly_satellite_dca
2019-12-03,STOCK,TMGH,BUY,46.0,8.44422,388.43412,5.77686824,monthly_satellite_dca
2019-12-03,STOCK,EGCH,BUY,87.0,4.492245,390.825315,5.78165063,monthly_satellite_dca
2020-01-02,,EGAL,SELL,410.0,14.412790000000001,5909.2439,11.818487800000002,core_satellite_selection_exit
2020-01-02,,EGCH,SELL,1385.0,4.5977,6367.8144999999995,12.735629,core_satellite_selection_exit
2020-01-02,,GBCO,SELL,1659.0,3.6781600000000005,6102.067440000001,12.204134880000002,core_satellite_selection_exit
2020-01-02,,JUFO,SELL,688.0,8.625685,5934.471280000001,11.86894256,core_satellite_selection_exit
2020-01-02,,TMGH,SELL,694.0,8.165915,5667.14501,11.334290020000001,core_satellite_selection_exit
2020-01-02,STOCK,ORHD,BUY,519.0,6.82341,3541.34979,12.08269958,stock_sleeve_rebalance_buy
2020-01-02,STOCK,COMI,BUY,258.0,41.40069,10681.37802,26.36275604,stock_sleeve_rebalance_buy
2020-01-02,STOCK,VLMR,BUY,1532.0,2.0310149999999996,3111.5149799999995,11.223029959999998,stock_sleeve_rebalance_buy
2020-01-02,STOCK,CCAP,BUY,2106.0,2.44122,5141.20932,15.28241864,stock_sleeve_rebalance_buy
2020-01-02,STOCK,EAST,BUY,304.0,11.58579,3522.08016,12.04416032,stock_sleeve_rebalance_buy
2020-01-02,STOCK,ADIB,BUY,1256.0,8.52426,10706.47056,26.41294112,stock_sleeve_rebalance_buy
2020-01-02,STOCK,ABUK,BUY,169.0,20.920455,3535.556895,12.07111379,stock_sleeve_rebalance_buy
2020-02-05,ETF,EGX30_ETF,BUY,403.0,14.857425,5987.542275,11.97508455,monthly_core_dca
2020-02-05,STOCK,ORHD,BUY,98.0,5.7528749999999995,563.78175,6.1275635,monthly_satellite_dca
2020-02-05,STOCK,COMI,BUY,13.0,42.98148,558.75924,6.11751848,monthly_satellite_dca
2020-02-05,STOCK,VLMR,BUY,292.0,1.9309649999999998,563.84178,6.1276835599999995,monthly_satellite_dca
2020-02-05,STOCK,CCAP,BUY,242.0,2.331165,564.14193,6.12828386,monthly_satellite_dca
2020-02-05,STOCK,EAST,BUY,51.0,10.995495,560.770245,6.12154049,monthly_satellite_dca
2020-02-05,STOCK,ADIB,BUY,65.0,8.684339999999999,564.4821,6.1289642,monthly_satellite_dca
2020-02-05,STOCK,ABUK,BUY,27.0,20.31015,548.37405,6.0967481,monthly_satellite_dca
2020-03-03,ETF,EGX30_ETF,BUY,427.0,14.007,5980.989,11.961978,monthly_core_dca
2020-03-03,STOCK,ORHD,BUY,149.0,3.791895,564.992355,6.1299847100000004,monthly_satellite_dca
2020-03-03,STOCK,COMI,BUY,14.0,39.009495,546.13293,6.0922658599999995,monthly_satellite_dca
2020-03-03,STOCK,VLMR,BUY,315.0,1.790895,564.131925,6.12826385,monthly_satellite_dca
2020-03-03,STOCK,CCAP,BUY,322.0,1.750875,563.78175,6.1275635,monthly_satellite_dca
2020-03-03,STOCK,EAST,BUY,57.0,9.86493,562.3010099999999,6.124602019999999,monthly_satellite_dca
2020-03-03,STOCK,ADIB,BUY,67.0,8.434215,565.092405,6.13018481,monthly_satellite_dca
2020-03-03,STOCK,ABUK,BUY,36.0,15.38769,553.9568399999999,6.10791368,monthly_satellite_dca
2020-04-02,ETF,EGX30_ETF,BUY,592.0,10.105049999999999,5982.189599999999,11.964379199999998,monthly_core_dca
2020-04-02,STOCK,ORHD,BUY,245.0,2.30115,563.78175,6.1275635,monthly_satellite_dca
2020-04-02,STOCK,COMI,BUY,19.0,28.79439,547.09341,6.09418682,monthly_satellite_dca
2020-04-02,STOCK,VLMR,BUY,395.0,1.430715,565.132425,6.13026485,monthly_satellite_dca
2020-04-02,STOCK,CCAP,BUY,533.0,1.06053,565.26249,6.13052498,monthly_satellite_dca
2020-04-02,STOCK,EAST,BUY,62.0,9.10455,564.4821,6.1289642,monthly_satellite_dca
2020-04-02,STOCK,ADIB,BUY,85.0,6.62331,562.98135,6.1259627000000005,monthly_satellite_dca
2020-04-02,STOCK,ABUK,BUY,36.0,15.38769,553.9568399999999,6.10791368,monthly_satellite_dca
2020-05-07,ETF,EGX30_ETF,BUY,546.0,10.955474999999998,5981.689349999999,11.963378699999998,monthly_core_dca
2020-05-07,STOCK,ORHD,BUY,166.0,3.391695,563.0213699999999,6.12604274,monthly_satellite_dca
2020-05-07,STOCK,COMI,BUY,18.0,31.19559,561.52062,6.12304124,monthly_satellite_dca
2020-05-07,STOCK,VLMR,BUY,355.0,1.590795,564.732225,6.12946445,monthly_satellite_dca
2020-05-07,STOCK,CCAP,BUY,415.0,1.3606800000000001,564.6822000000001,6.1293644,monthly_satellite_dca
2020-05-07,STOCK,EAST,BUY,60.0,9.28464,557.0784,6.1141568,monthly_satellite_dca
2020-05-07,STOCK,ADIB,BUY,83.0,6.773384999999999,562.1909549999999,6.12438191,monthly_satellite_dca
2020-05-07,STOCK,ABUK,BUY,39.0,14.397195,561.490605,6.12298121,monthly_satellite_dca
2020-06-04,ETF,EGX30_ETF,BUY,519.0,11.525759999999998,5981.8694399999995,11.96373888,monthly_core_dca
2020-06-04,STOCK,ORHD,BUY,165.0,3.411705,562.931325,6.12586265,monthly_satellite_dca
2020-06-04,STOCK,COMI,BUY,17.0,31.905945,542.401065,6.08480213,monthly_satellite_dca
2020-06-04,STOCK,VLMR,BUY,336.0,1.68084,564.76224,6.129524480000001,monthly_satellite_dca
2020-06-04,STOCK,CCAP,BUY,406.0,1.3906949999999998,564.6221699999999,6.12924434,monthly_satellite_dca
2020-06-04,STOCK,EAST,BUY,61.0,9.24462,563.9218199999999,6.12784364,monthly_satellite_dca
2020-06-04,STOCK,ADIB,BUY,90.0,6.253125,562.78125,6.1255625,monthly_satellite_dca
2020-06-04,STOCK,ABUK,BUY,43.0,13.096544999999999,563.151435,6.12630287,monthly_satellite_dca
2020-07-06,ETF,EGX30_ETF,BUY,518.0,11.555775,5985.89145,11.971782900000001,monthly_core_dca
2020-07-06,STOCK,ORHD,BUY,145.0,3.8719349999999997,561.430575,6.12286115,monthly_satellite_dca
2020-07-06,STOCK,COMI,BUY,17.0,32.816399999999994,557.8788,6.1157576,monthly_satellite_dca
2020-07-06,STOCK,VLMR,BUY,330.0,1.7108549999999998,564.58215,6.1291643,monthly_satellite_dca
2020-07-06,STOCK,CCAP,BUY,395.0,1.430715,565.132425,6.13026485,monthly_satellite_dca
2020-07-06,STOCK,EAST,BUY,59.0,9.474735,559.009365,6.11801873,monthly_satellite_dca
2020-07-06,STOCK,ADIB,BUY,87.0,6.48324,564.04188,6.12808376,monthly_satellite_dca
2020-07-06,STOCK,ABUK,BUY,38.0,14.757375,560.78025,6.1215605,monthly_satellite_dca
2020-09-03,ETF,EGX30_ETF,BUY,492.0,12.156075,5980.7889,11.961577799999999,monthly_core_dca
2020-09-03,STOCK,ORHD,BUY,121.0,4.652325,562.931325,6.12586265,monthly_satellite_dca
2020-09-03,STOCK,COMI,BUY,16.0,33.25662,532.10592,6.0642118400000005,monthly_satellite_dca
2020-09-03,STOCK,VLMR,BUY,330.0,1.7108549999999998,564.58215,6.1291643,monthly_satellite_dca
2020-09-03,STOCK,CCAP,BUY,344.0,1.6408199999999997,564.4420799999999,6.12888416,monthly_satellite_dca
2020-09-03,STOCK,EAST,BUY,61.0,9.164579999999999,559.0393799999999,6.1180787599999995,monthly_satellite_dca
2020-09-03,STOCK,ADIB,BUY,67.0,8.374184999999999,561.070395,6.1221407899999996,monthly_satellite_dca
2020-09-03,STOCK,ABUK,BUY,31.0,17.858925,553.626675,6.10725335,monthly_satellite_dca
2020-10-04,ETF,EGX30_ETF,BUY,501.0,11.935965,5979.918465,11.95983693,monthly_core_dca
2020-10-04,STOCK,ORHD,BUY,143.0,3.931965,562.270995,6.12454199,monthly_satellite_dca
2020-10-04,STOCK,COMI,BUY,17.0,33.246615,565.192455,6.13038491,monthly_satellite_dca
2020-10-04,STOCK,VLMR,BUY,344.0,1.6408199999999997,564.4420799999999,6.12888416,monthly_satellite_dca
2020-10-04,STOCK,CCAP,BUY,355.0,1.590795,564.732225,6.12946445,monthly_satellite_dca
2020-10-04,STOCK,EAST,BUY,63.0,8.934465,562.8712949999999,6.12574259,monthly_satellite_dca
2020-10-04,STOCK,ADIB,BUY,73.0,7.693845,561.650685,6.12330137,monthly_satellite_dca
2020-10-04,STOCK,ABUK,BUY,28.0,19.539765,547.11342,6.09422684,monthly_satellite_dca
2020-11-16,ETF,EGX30_ETF,BUY,519.0,11.515754999999999,5976.676844999999,11.953353689999998,monthly_core_dca
2020-11-16,STOCK,ORHD,BUY,131.0,4.292145,562.270995,6.12454199,monthly_satellite_dca
2020-11-16,STOCK,COMI,BUY,17.0,31.93596,542.91132,6.08582264,monthly_satellite_dca
2020-11-16,STOCK,VLMR,BUY,342.0,1.6508249999999998,564.58215,6.1291643,monthly_satellite_dca
2020-11-16,STOCK,CCAP,BUY,400.0,1.4107049999999999,564.2819999999999,6.128564,monthly_satellite_dca
2020-11-16,STOCK,EAST,BUY,69.0,8.154075,562.6311750000001,6.12526235,monthly_satellite_dca
2020-11-16,STOCK,ADIB,BUY,68.0,8.234115,559.91982,6.11983964,monthly_satellite_dca
2020-11-16,STOCK,ABUK,BUY,29.0,19.239615,557.948835,6.11589767,monthly_satellite_dca
2020-12-16,ETF,EGX30_ETF,BUY,543.0,11.015505,5981.419215,11.96283843,monthly_core_dca
2020-12-16,STOCK,ORHD,BUY,114.0,4.952475,564.58215,6.1291643,monthly_satellite_dca
2020-12-16,STOCK,COMI,BUY,18.0,31.19559,561.52062,6.12304124,monthly_satellite_dca
2020-12-16,STOCK,VLMR,BUY,357.0,1.58079,564.34203,6.12868406,monthly_satellite_dca
2020-12-16,STOCK,CCAP,BUY,374.0,1.5107549999999998,565.0223699999999,6.13004474,monthly_satellite_dca
2020-12-16,STOCK,EAST,BUY,58.0,9.72486,564.04188,6.12808376,monthly_satellite_dca
2020-12-16,STOCK,ADIB,BUY,67.0,8.354175,559.729725,6.11945945,monthly_satellite_dca
2020-12-16,STOCK,ABUK,BUY,26.0,21.0105,546.273,6.0925460000000005,monthly_satellite_dca
2021-01-04,,ABUK,SELL,823.0,20.769610000000004,17093.389030000002,34.18677806,core_satellite_selection_exit
2021-01-04,,CCAP,SELL,8179.0,1.4392800000000001,11771.871120000002,23.543742240000004,core_satellite_selection_exit
2021-01-04,,EAST,SELL,1527.0,9.735130000000002,14865.543510000003,29.731087020000007,core_satellite_selection_exit
2021-01-04,,ORHD,SELL,3049.0,4.857570000000001,14810.730930000003,29.621461860000007,core_satellite_selection_exit
2021-01-04,STOCK,ETEL,BUY,2209.0,11.905949999999999,26300.24355,57.6004871,stock_sleeve_rebalance_buy
2021-01-04,STOCK,COMI,BUY,469.0,29.49474,13833.03306,32.666066119999996,stock_sleeve_rebalance_buy
2021-01-04,STOCK,VLMR,BUY,8198.0,1.56078,12795.274440000001,30.590548880000004,stock_sleeve_rebalance_buy
2021-01-04,STOCK,ADIB,BUY,1199.0,8.214105,9848.711895,24.697423790000002,stock_sleeve_rebalance_buy
2021-01-04,ETF,EGX30_ETF,BUY,489.0,12.076035,5905.181114999999,11.810362229999999,core_rebalance_cash_sweep
2021-02-02,ETF,EGX30_ETF,BUY,484.0,12.366179999999998,5985.2311199999995,11.97046224,monthly_core_dca
2021-02-02,STOCK,ETEL,BUY,84.0,11.74587,986.65308,6.97330616,monthly_satellite_dca
2021-02-02,STOCK,COMI,BUY,31.0,31.225604999999998,967.993755,6.93598751,monthly_satellite_dca
2021-02-02,STOCK,VLMR,BUY,601.0,1.6508249999999998,992.1458249999998,6.984291649999999,monthly_satellite_dca
2021-02-02,STOCK,ADIB,BUY,120.0,8.274135,992.8961999999999,6.985792399999999,monthly_satellite_dca
2021-03-01,ETF,EGX30_ETF,BUY,482.0,12.4062,5979.7884,11.9595768,monthly_core_dca
2021-03-01,STOCK,ETEL,BUY,85.0,11.64582,989.8947000000001,6.9797894000000005,monthly_satellite_dca
2021-03-01,STOCK,COMI,BUY,32.0,30.63531,980.32992,6.96065984,monthly_satellite_dca
2021-03-01,STOCK,VLMR,BUY,557.0,1.7808899999999999,991.9557299999999,6.98391146,monthly_satellite_dca
2021-03-01,STOCK,ADIB,BUY,117.0,8.474235,991.485495,6.98297099,monthly_satellite_dca
2021-04-01,ETF,EGX30_ETF,BUY,520.0,11.505749999999999,5982.99,11.96598,monthly_core_dca
2021-04-01,STOCK,ETEL,BUY,89.0,11.125559999999998,990.1748399999999,6.98034968,monthly_satellite_dca
2021-04-01,STOCK,COMI,BUY,34.0,28.8144,979.6895999999999,6.9593792,monthly_satellite_dca
2021-04-01,STOCK,VLMR,BUY,557.0,1.7808899999999999,991.9557299999999,6.98391146,monthly_satellite_dca
2021-04-01,STOCK,ADIB,BUY,132.0,7.48374,987.85368,6.97570736,monthly_satellite_dca
2021-05-05,ETF,EGX30_ETF,BUY,528.0,11.32566,5979.948479999999,11.959896959999998,monthly_core_dca
2021-05-05,STOCK,ETEL,BUY,92.0,10.775384999999998,991.3354199999999,6.98267084,monthly_satellite_dca
2021-05-05,STOCK,COMI,BUY,34.0,29.074529999999996,988.5340199999998,6.97706804,monthly_satellite_dca
2021-05-05,STOCK,VLMR,BUY,587.0,1.690845,992.5260149999999,6.98505203,monthly_satellite_dca
2021-05-05,STOCK,ADIB,BUY,138.0,7.18359,991.33542,6.98267084,monthly_satellite_dca
2021-06-01,ETF,EGX30_ETF,BUY,529.0,11.30565,5980.68885,11.9613777,monthly_core_dca
2021-06-01,STOCK,ETEL,BUY,86.0,11.415704999999999,981.7506299999999,6.96350126,monthly_satellite_dca
2021-06-01,STOCK,COMI,BUY,36.0,26.843414999999997,966.3629399999999,6.93272588,monthly_satellite_dca
2021-06-01,STOCK,VLMR,BUY,580.0,1.7108549999999998,992.2958999999998,6.9845918,monthly_satellite_dca
2021-06-01,STOCK,ADIB,BUY,117.0,8.44422,987.9737399999999,6.97594748,monthly_satellite_dca
2021-07-04,ETF,EGX30_ETF,BUY,536.0,11.155574999999999,5979.388199999999,11.9587764,monthly_core_dca
2021-07-04,STOCK,ETEL,BUY,73.0,13.456724999999999,982.3409249999999,6.96468185,monthly_satellite_dca
2021-07-04,STOCK,COMI,BUY,38.0,26.023005,988.87419,6.9777483799999995,monthly_satellite_dca
2021-07-04,STOCK,VLMR,BUY,590.0,1.68084,991.6955999999999,6.9833912,monthly_satellite_dca
2021-07-04,STOCK,ADIB,BUY,122.0,8.134065,992.35593,6.98471186,monthly_satellite_dca
2021-08-01,ETF,EGX30_ETF,BUY,529.0,11.30565,5980.68885,11.9613777,monthly_core_dca
2021-08-01,STOCK,ETEL,BUY,70.0,14.097045,986.79315,6.9735863,monthly_satellite_dca
2021-08-01,STOCK,COMI,BUY,34.0,28.47423,968.1238199999999,6.9362476399999995,monthly_satellite_dca
2021-08-01,STOCK,VLMR,BUY,590.0,1.68084,991.6955999999999,6.9833912,monthly_satellite_dca
2021-08-01,STOCK,ADIB,BUY,115.0,8.594294999999999,988.3439249999999,6.976687849999999,monthly_satellite_dca
2021-09-01,ETF,EGX30_ETF,BUY,506.0,11.815904999999999,5978.84793,11.95769586,monthly_core_dca
2021-09-01,STOCK,ETEL,BUY,67.0,14.737365,987.403455,6.97480691,monthly_satellite_dca
2021-09-01,STOCK,COMI,BUY,31.0,31.125555,964.892205,6.92978441,monthly_satellite_dca
2021-09-01,STOCK,VLMR,BUY,516.0,1.9209599999999998,991.2153599999999,6.98243072,monthly_satellite_dca
2021-09-01,STOCK,ADIB,BUY,89.0,11.14557,991.9557299999999,6.98391146,monthly_satellite_dca
2021-10-03,ETF,EGX30_ETF,BUY,527.0,11.355675,5984.4407249999995,11.96888145,monthly_core_dca
2021-10-03,STOCK,ETEL,BUY,70.0,14.14707,990.2949,6.9805898,monthly_satellite_dca
2021-10-03,STOCK,COMI,BUY,34.0,28.37418,964.72212,6.9294442400000005,monthly_satellite_dca
2021-10-03,STOCK,VLMR,BUY,863.0,1.150575,992.9462249999999,6.98589245,monthly_satellite_dca
2021-10-03,STOCK,ADIB,BUY,95.0,10.42521,990.39495,6.9807898999999995,monthly_satellite_dca
2021-11-01,ETF,EGX30_ETF,BUY,505.0,11.835915,5977.137075,11.95427415,monthly_core_dca
2021-11-01,STOCK,ETEL,BUY,74.0,13.406699999999999,992.0957999999999,6.9841916,monthly_satellite_dca
2021-11-01,STOCK,COMI,BUY,29.0,34.087035,988.524015,6.97704803,monthly_satellite_dca
2021-11-01,STOCK,VLMR,BUY,724.0,1.370685,992.3759399999999,6.98475188,monthly_satellite_dca
2021-11-01,STOCK,ADIB,BUY,98.0,10.04502,984.4119599999999,6.96882392,monthly_satellite_dca
2021-12-01,ETF,EGX30_ETF,BUY,509.0,11.755875,5983.740374999999,11.967480749999998,monthly_core_dca
2021-12-01,STOCK,ETEL,BUY,69.0,14.36718,991.33542,6.98267084,monthly_satellite_dca
2021-12-01,STOCK,COMI,BUY,29.0,34.187085,991.4254650000001,6.982850930000001,monthly_satellite_dca
2021-12-01,STOCK,VLMR,BUY,724.0,1.370685,992.3759399999999,6.98475188,monthly_satellite_dca
2021-12-01,STOCK,ADIB,BUY,96.0,10.32516,991.21536,6.98243072,monthly_satellite_dca
2022-01-02,,VLMR,SELL,23766.0,1.3193400000000002,31355.434440000005,62.710868880000014,core_satellite_selection_exit
2022-01-02,STOCK,ETEL,SELL,2068.0,16.761615,34663.01982,69.32603964,stock_sleeve_trim
2022-01-02,STOCK,COMI,SELL,779.0,35.20239,27422.66181,54.84532362,stock_sleeve_trim
2022-01-02,STOCK,ADIB,SELL,2910.0,10.904545,31732.22595,63.4644519,stock_sleeve_trim
2022-01-02,STOCK,TMGH,BUY,1844.0,9.074535,16733.44254,38.46688508,stock_sleeve_rebalance_buy
2022-01-02,STOCK,JUFO,BUY,2186.0,7.653825,16731.26145,38.4625229,stock_sleeve_rebalance_buy
2022-01-02,STOCK,GBCO,BUY,3279.0,5.102549999999999,16731.261449999998,38.462522899999996,stock_sleeve_rebalance_buy
2022-01-02,STOCK,HRHO,BUY,1694.0,9.874934999999999,16728.13989,38.456279779999996,stock_sleeve_rebalance_buy
2022-01-02,STOCK,ORWE,BUY,1924.0,8.694344999999998,16727.919779999997,38.455839559999994,stock_sleeve_rebalance_buy
2022-01-02,STOCK,PHDC,BUY,8404.0,1.9909949999999998,16732.321979999997,38.46464396,stock_sleeve_rebalance_buy
2022-01-02,STOCK,EGAL,BUY,778.0,21.49074,16719.79572,38.439591439999994,stock_sleeve_rebalance_buy
2022-01-02,ETF,EGX30_ETF,BUY,1433.0,12.456224999999998,17849.770425,35.69954085,core_rebalance_cash_sweep
2022-02-01,ETF,EGX30_ETF,BUY,465.0,12.876434999999999,5987.542275,11.97508455,monthly_core_dca
2022-02-01,STOCK,TMGH,BUY,42.0,9.254624999999999,388.69424999999995,5.7773885,monthly_satellite_dca
2022-02-01,STOCK,ETEL,BUY,23.0,16.878435,388.204005,5.77640801,monthly_satellite_dca
2022-02-01,STOCK,JUFO,BUY,56.0,7.0035,392.19599999999997,5.784392,monthly_satellite_dca
2022-02-01,STOCK,GBCO,BUY,81.0,4.812404999999999,389.80480499999993,5.77960961,monthly_satellite_dca
2022-02-01,STOCK,HRHO,BUY,40.0,9.784889999999999,391.39559999999994,5.7827912,monthly_satellite_dca
2022-02-01,STOCK,COMI,BUY,11.0,34.147065,375.617715,5.7512354299999995,monthly_satellite_dca
2022-02-01,STOCK,ADIB,BUY,45.0,8.654325,389.444625,5.77888925,monthly_satellite_dca
2022-02-01,STOCK,ORWE,BUY,46.0,8.474235,389.81481,5.77962962,monthly_satellite_dca
2022-02-01,STOCK,PHDC,BUY,226.0,1.74087,393.43662,5.78687324,monthly_satellite_dca
2022-02-01,STOCK,EGAL,BUY,16.0,24.13206,386.11296,5.77222592,monthly_satellite_dca
2022-03-01,ETF,EGX30_ETF,BUY,464.0,12.896445,5983.9504799999995,11.96790096,monthly_core_dca
2022-03-01,STOCK,TMGH,BUY,42.0,9.364679999999998,393.3165599999999,5.786633119999999,monthly_satellite_dca
2022-03-01,STOCK,ETEL,BUY,22.0,17.68884,389.15448,5.77830896,monthly_satellite_dca
2022-03-01,STOCK,JUFO,BUY,63.0,6.213105,391.425615,5.78285123,monthly_satellite_dca
2022-03-01,STOCK,GBCO,BUY,68.0,5.762879999999999,391.8758399999999,5.78375168,monthly_satellite_dca
2022-03-01,STOCK,HRHO,BUY,34.0,11.575785,393.57669,5.78715338,monthly_satellite_dca
2022-03-01,STOCK,COMI,BUY,12.0,31.79589,381.55068,5.76310136,monthly_satellite_dca
2022-03-01,STOCK,ADIB,BUY,42.0,9.344669999999999,392.47613999999993,5.78495228,monthly_satellite_dca
2022-03-01,STOCK,ORWE,BUY,48.0,8.18409,392.83632,5.78567264,monthly_satellite_dca
2022-03-01,STOCK,PHDC,BUY,260.0,1.5107549999999998,392.7963,5.7855926,monthly_satellite_dca
2022-03-01,STOCK,EGAL,BUY,15.0,25.222604999999998,378.339075,5.75667815,monthly_satellite_dca
2022-04-03,ETF,EGX30_ETF,BUY,490.0,12.196095,5976.08655,11.9521731,monthly_core_dca
2022-04-03,STOCK,TMGH,BUY,46.0,8.454225,388.89435,5.7777887,monthly_satellite_dca
2022-04-03,STOCK,ETEL,BUY,22.0,17.498744999999996,384.9723899999999,5.769944779999999,monthly_satellite_dca
2022-04-03,STOCK,JUFO,BUY,54.0,7.273634999999999,392.7762899999999,5.78555258,monthly_satellite_dca
2022-04-03,STOCK,GBCO,BUY,98.0,3.991995,391.21551,5.78243102,monthly_satellite_dca
2022-04-03,STOCK,HRHO,BUY,33.0,11.795894999999998,389.2645349999999,5.778529069999999,monthly_satellite_dca
2022-04-03,STOCK,COMI,BUY,12.0,30.715349999999997,368.58419999999995,5.7371684,monthly_satellite_dca
2022-04-03,STOCK,ADIB,BUY,41.0,9.6048,393.79679999999996,5.7875936,monthly_satellite_dca
2022-04-03,STOCK,ORWE,BUY,44.0,8.90445,391.79580000000004,5.7835916,monthly_satellite_dca
2022-04-03,STOCK,PHDC,BUY,252.0,1.56078,393.31656000000004,5.78663312,monthly_satellite_dca
2022-04-03,STOCK,EGAL,BUY,17.0,22.181085,377.078445,5.75415689,monthly_satellite_dca
2022-05-08,ETF,EGX30_ETF,BUY,502.0,11.905949999999999,5976.786899999999,11.9535738,monthly_core_dca
2022-05-08,STOCK,TMGH,BUY,45.0,8.704349999999998,391.6957499999999,5.7833915,monthly_satellite_dca
2022-05-08,STOCK,ETEL,BUY,24.0,16.32816,391.87584000000004,5.78375168,monthly_satellite_dca
2022-05-08,STOCK,JUFO,BUY,51.0,7.643819999999999,389.8348199999999,5.77966964,monthly_satellite_dca
2022-05-08,STOCK,GBCO,BUY,92.0,4.2521249999999995,391.1954999999999,5.782391,monthly_satellite_dca
2022-05-08,STOCK,HRHO,BUY,34.0,11.345669999999998,385.7527799999999,5.77150556,monthly_satellite_dca
2022-05-08,STOCK,COMI,BUY,13.0,29.79489,387.33357,5.77466714,monthly_satellite_dca
2022-05-08,STOCK,ADIB,BUY,45.0,8.734365,393.046425,5.78609285,monthly_satellite_dca
2022-05-08,STOCK,ORWE,BUY,51.0,7.723859999999999,393.91686,5.78783372,monthly_satellite_dca
2022-05-08,STOCK,PHDC,BUY,235.0,1.6708349999999998,392.64622499999996,5.78529245,monthly_satellite_dca
2022-05-08,STOCK,EGAL,BUY,18.0,21.620804999999997,389.17448999999993,5.77834898,monthly_satellite_dca
2022-06-01,ETF,EGX30_ETF,BUY,523.0,11.44572,5986.11156,11.97222312,monthly_core_dca
2022-06-01,STOCK,TMGH,BUY,49.0,7.933965,388.764285,5.77752857,monthly_satellite_dca
2022-06-01,STOCK,ETEL,BUY,26.0,15.107549999999998,392.7963,5.7855926,monthly_satellite_dca
2022-06-01,STOCK,JUFO,BUY,47.0,8.26413,388.41411,5.77682822,monthly_satellite_dca
2022-06-01,STOCK,GBCO,BUY,131.0,3.0015,393.1965,5.786393,monthly_satellite_dca
2022-06-01,STOCK,HRHO,BUY,41.0,9.48474,388.87434,5.77774868,monthly_satellite_dca
2022-06-01,STOCK,COMI,BUY,14.0,27.403695,383.65173,5.76730346,monthly_satellite_dca
2022-06-01,STOCK,ADIB,BUY,47.0,8.30415,390.29505,5.7805901,monthly_satellite_dca
2022-06-01,STOCK,ORWE,BUY,58.0,6.753374999999999,391.69575,5.7833915000000005,monthly_satellite_dca
2022-06-01,STOCK,PHDC,BUY,368.0,1.070535,393.95688,5.78791376,monthly_satellite_dca
2022-06-01,STOCK,EGAL,BUY,22.0,17.908949999999997,393.9968999999999,5.7879938,monthly_satellite_dca
2022-07-03,ETF,EGX30_ETF,BUY,570.0,10.50525,5987.9925,11.975985000000001,monthly_core_dca
2022-07-03,STOCK,TMGH,BUY,56.0,7.0335149999999995,393.87683999999996,5.78775368,monthly_satellite_dca
2022-07-03,STOCK,ETEL,BUY,28.0,13.866929999999998,388.27403999999996,5.7765480799999995,monthly_satellite_dca
2022-07-03,STOCK,JUFO,BUY,54.0,7.2536249999999995,391.69575,5.7833915000000005,monthly_satellite_dca
2022-07-03,STOCK,GBCO,BUY,147.0,2.6713349999999996,392.68624499999993,5.78537249,monthly_satellite_dca
2022-07-03,STOCK,HRHO,BUY,49.0,7.953975,389.744775,5.77948955,monthly_satellite_dca
2022-07-03,STOCK,COMI,BUY,15.0,24.79239,371.88585,5.7437717,monthly_satellite_dca
2022-07-03,STOCK,ADIB,BUY,45.0,8.634315,388.54417500000005,5.77708835,monthly_satellite_dca
2022-07-03,STOCK,ORWE,BUY,59.0,6.6133049999999995,390.18499499999996,5.78036999,monthly_satellite_dca
2022-07-03,STOCK,PHDC,BUY,328.0,1.2006,393.79679999999996,5.7875936,monthly_satellite_dca
2022-07-03,STOCK,EGAL,BUY,23.0,16.538265,380.380095,5.76076019,monthly_satellite_dca
2022-08-01,ETF,EGX30_ETF,BUY,570.0,10.495244999999999,5982.28965,11.9645793,monthly_core_dca
2022-08-01,STOCK,TMGH,BUY,54.0,7.173584999999999,387.37359,5.77474718,monthly_satellite_dca
2022-08-01,STOCK,ETEL,BUY,29.0,13.576785,393.726765,5.7874535300000005,monthly_satellite_dca
2022-08-01,STOCK,JUFO,BUY,52.0,7.46373,388.11396,5.77622792,monthly_satellite_dca
2022-08-01,STOCK,GBCO,BUY,139.0,2.831415,393.56668499999995,5.78713337,monthly_satellite_dca
2022-08-01,STOCK,HRHO,BUY,41.0,9.474735,388.46413500000006,5.77692827,monthly_satellite_dca
2022-08-01,STOCK,COMI,BUY,15.0,25.522755,382.841325,5.7656826500000005,monthly_satellite_dca
2022-08-01,STOCK,ADIB,BUY,42.0,9.38469,394.15698000000003,5.78831396,monthly_satellite_dca
2022-08-01,STOCK,ORWE,BUY,59.0,6.603299999999999,389.59469999999993,5.7791894,monthly_satellite_dca
2022-08-01,STOCK,PHDC,BUY,317.0,1.2406199999999998,393.27653999999995,5.78655308,monthly_satellite_dca
2022-08-01,STOCK,EGAL,BUY,24.0,16.118055,386.83331999999996,5.77366664,monthly_satellite_dca
2022-09-01,ETF,EGX30_ETF,BUY,534.0,11.205599999999999,5983.790399999999,11.967580799999999,monthly_core_dca
2022-09-01,STOCK,TMGH,BUY,51.0,7.683839999999999,391.87584,5.78375168,monthly_satellite_dca
2022-09-01,STOCK,ETEL,BUY,25.0,15.567779999999999,389.19449999999995,5.778389,monthly_satellite_dca
2022-09-01,STOCK,JUFO,BUY,53.0,7.313654999999999,387.62371499999995,5.77524743,monthly_satellite_dca
2022-09-01,STOCK,GBCO,BUY,107.0,3.6718349999999997,392.88634499999995,5.78577269,monthly_satellite_dca
2022-09-01,STOCK,HRHO,BUY,38.0,10.255125,389.69475,5.7793895,monthly_satellite_dca
2022-09-01,STOCK,COMI,BUY,15.0,25.37268,380.5902,5.7611804,monthly_satellite_dca
2022-09-01,STOCK,ADIB,BUY,37.0,10.455224999999999,386.84332499999994,5.77368665,monthly_satellite_dca
2022-09-01,STOCK,ORWE,BUY,56.0,6.9234599999999995,387.71376,5.77542752,monthly_satellite_dca
2022-09-01,STOCK,PHDC,BUY,257.0,1.530765,393.40660499999996,5.78681321,monthly_satellite_dca
2022-09-01,STOCK,EGAL,BUY,22.0,17.32866,381.23051999999996,5.76246104,monthly_satellite_dca
2022-10-02,ETF,EGX30_ETF,BUY,528.0,11.335664999999999,5985.2311199999995,11.97046224,monthly_core_dca
2022-10-02,STOCK,TMGH,BUY,53.0,7.333665,388.684245,5.77736849,monthly_satellite_dca
2022-10-02,STOCK,ETEL,BUY,22.0,17.158575,377.48865,5.7549773,monthly_satellite_dca
2022-10-02,STOCK,JUFO,BUY,54.0,7.2536249999999995,391.69575,5.7833915000000005,monthly_satellite_dca
2022-10-02,STOCK,GBCO,BUY,114.0,3.451725,393.49665000000005,5.7869933,monthly_satellite_dca
2022-10-02,STOCK,HRHO,BUY,42.0,9.22461,387.43362,5.77486724,monthly_satellite_dca
2022-10-02,STOCK,COMI,BUY,15.0,25.142564999999998,377.13847499999997,5.7542769499999995,monthly_satellite_dca
2022-10-02,STOCK,ADIB,BUY,37.0,10.38519,384.25203,5.76850406,monthly_satellite_dca
2022-10-02,STOCK,ORWE,BUY,59.0,6.62331,390.77529,5.78155058,monthly_satellite_dca
2022-10-02,STOCK,PHDC,BUY,296.0,1.330665,393.87684,5.78775368,monthly_satellite_dca
2022-10-02,STOCK,EGAL,BUY,20.0,19.10955,382.191,5.764382,monthly_satellite_dca
2022-11-01,ETF,EGX30_ETF,BUY,486.0,12.30615,5980.7889000000005,11.9615778,monthly_core_dca
2022-11-01,STOCK,TMGH,BUY,47.0,8.254125,387.943875,5.77588775,monthly_satellite_dca
2022-11-01,STOCK,ETEL,BUY,21.0,18.349169999999997,385.3325699999999,5.77066514,monthly_satellite_dca
2022-11-01,STOCK,JUFO,BUY,50.0,7.743869999999999,387.1935,5.774387,monthly_satellite_dca
2022-11-01,STOCK,GBCO,BUY,93.0,4.2021,390.7953,5.7815906,monthly_satellite_dca
2022-11-01,STOCK,HRHO,BUY,36.0,10.72536,386.11296,5.77222592,monthly_satellite_dca
2022-11-01,STOCK,COMI,BUY,12.0,32.416199999999996,388.9943999999999,5.7779888,monthly_satellite_dca
2022-11-01,STOCK,ADIB,BUY,39.0,10.08504,393.31656,5.78663312,monthly_satellite_dca
2022-11-01,STOCK,ORWE,BUY,51.0,7.70385,392.89635,5.7857927,monthly_satellite_dca
2022-11-01,STOCK,PHDC,BUY,266.0,1.48074,393.87683999999996,5.78775368,monthly_satellite_dca
2022-11-01,STOCK,EGAL,BUY,15.0,25.382685,380.740275,5.76148055,monthly_satellite_dca
2022-12-01,ETF,EGX30_ETF,BUY,422.0,14.157074999999999,5974.28565,11.9485713,monthly_core_dca
2022-12-01,STOCK,TMGH,BUY,45.0,8.704349999999998,391.6957499999999,5.7833915,monthly_satellite_dca
2022-12-01,STOCK,ETEL,BUY,17.0,23.011499999999998,391.1955,5.782391,monthly_satellite_dca
2022-12-01,STOCK,JUFO,BUY,59.0,6.603299999999999,389.59469999999993,5.7791894,monthly_satellite_dca
2022-12-01,STOCK,GBCO,BUY,84.0,4.64232,389.95488,5.77990976,monthly_satellite_dca
2022-12-01,STOCK,HRHO,BUY,32.0,12.086039999999999,386.75327999999996,5.7735065599999995,monthly_satellite_dca
2022-12-01,STOCK,COMI,BUY,9.0,40.070024999999994,360.63022499999994,5.72126045,monthly_satellite_dca
2022-12-01,STOCK,ADIB,BUY,32.0,11.975985,383.23152,5.76646304,monthly_satellite_dca
2022-12-01,STOCK,ORWE,BUY,47.0,8.38419,394.05693,5.78811386,monthly_satellite_dca
2022-12-01,STOCK,PHDC,BUY,230.0,1.7108549999999998,393.49664999999993,5.7869933,monthly_satellite_dca
2022-12-01,STOCK,EGAL,BUY,13.0,28.594289999999997,371.72576999999995,5.74345154,monthly_satellite_dca
2023-01-02,,ADIB,SELL,1988.0,14.962515000000002,29745.479820000004,59.49095964000001,core_satellite_selection_exit
2023-01-02,,EGAL,SELL,983.0,28.56571,28080.09293,56.16018586,core_satellite_selection_exit
2023-01-02,,GBCO,SELL,4433.0,5.3573200000000005,23748.999560000004,47.49799912000001,core_satellite_selection_exit
2023-01-02,,HRHO,SELL,2114.0,14.292850000000001,30215.0849,60.4301698,core_satellite_selection_exit
2023-01-02,,JUFO,SELL,2779.0,9.785105,27192.806795,54.385613590000006,core_satellite_selection_exit
2023-01-02,,ORWE,SELL,2502.0,10.3948,26007.7896,52.0155792,core_satellite_selection_exit
2023-01-02,,PHDC,SELL,11439.0,1.95902,22409.22978,44.81845956,core_satellite_selection_exit
2023-01-02,,TMGH,SELL,2374.0,9.985005000000001,23704.40187,47.40880374,core_satellite_selection_exit
2023-01-02,STOCK,ABUK,BUY,1199.0,38.809394999999995,46532.464604999994,98.06492920999999,stock_sleeve_rebalance_buy
2023-01-02,STOCK,MCQE,BUY,2787.0,16.698345,46538.287514999996,98.07657503,stock_sleeve_rebalance_buy
2023-01-02,STOCK,ETEL,BUY,597.0,25.11255,14992.19235,34.9843847,stock_sleeve_rebalance_buy
2023-01-02,STOCK,COMI,BUY,504.0,41.50073999999999,20916.372959999997,46.832745919999994,stock_sleeve_rebalance_buy
2023-01-02,STOCK,ARCC,BUY,6782.0,6.86343,46547.78226,98.09556452,stock_sleeve_rebalance_buy
2023-01-02,STOCK,EGCH,BUY,9756.0,4.652325,45388.0827,95.7761654,stock_sleeve_rebalance_buy
2023-02-01,ETF,EGX30_ETF,BUY,317.0,18.889439999999997,5987.952479999999,11.975904959999998,monthly_core_dca
2023-02-01,STOCK,ABUK,BUY,15.0,43.00149,645.02235,6.2900447,monthly_satellite_dca
2023-02-01,STOCK,MCQE,BUY,40.0,16.32816,653.1264,6.3062528,monthly_satellite_dca
2023-02-01,STOCK,ETEL,BUY,24.0,27.4137,657.9287999999999,6.315857599999999,monthly_satellite_dca
2023-02-01,STOCK,COMI,BUY,13.0,49.534755,643.951815,6.28790363,monthly_satellite_dca
2023-02-01,STOCK,ARCC,BUY,101.0,6.48324,654.80724,6.3096144800000005,monthly_satellite_dca
2023-02-01,STOCK,EGCH,BUY,122.0,5.4027,659.1294,6.318258800000001,monthly_satellite_dca
2023-03-01,ETF,EGX30_ETF,BUY,314.0,19.049519999999998,5981.549279999999,11.963098559999999,monthly_core_dca
2023-03-01,STOCK,ABUK,BUY,15.0,41.72085,625.8127499999999,6.251625499999999,monthly_satellite_dca
2023-03-01,STOCK,MCQE,BUY,38.0,17.138565,651.26547,6.3025309400000005,monthly_satellite_dca
2023-03-01,STOCK,ETEL,BUY,25.0,26.09304,652.3259999999999,6.304652,monthly_satellite_dca
2023-03-01,STOCK,COMI,BUY,12.0,53.136554999999994,637.63866,6.27527732,monthly_satellite_dca
2023-03-01,STOCK,ARCC,BUY,81.0,8.074035,653.996835,6.30799367,monthly_satellite_dca
2023-03-01,STOCK,EGCH,BUY,123.0,5.352675,658.379025,6.31675805,monthly_satellite_dca
2023-04-02,ETF,EGX30_ETF,BUY,329.0,18.199095,5987.502255,11.975004510000002,monthly_core_dca
2023-04-02,STOCK,ABUK,BUY,15.0,43.831905,657.478575,6.31495715,monthly_satellite_dca
2023-04-02,STOCK,MCQE,BUY,42.0,15.577784999999999,654.2669699999999,6.30853394,monthly_satellite_dca
2023-04-02,STOCK,ETEL,BUY,26.0,24.712349999999997,642.5210999999999,6.2850421999999995,monthly_satellite_dca
2023-04-02,STOCK,COMI,BUY,12.0,51.03550499999999,612.4260599999999,6.2248521199999995,monthly_satellite_dca
2023-04-02,STOCK,ARCC,BUY,85.0,7.723859999999999,656.5281,6.3130562,monthly_satellite_dca
2023-04-02,STOCK,EGCH,BUY,125.0,5.24262,655.3275,6.310655,monthly_satellite_dca
2023-05-01,ETF,EGX30_ETF,BUY,302.0,19.799895,5979.56829,11.959136580000001,monthly_core_dca
2023-05-01,STOCK,ABUK,BUY,13.0,49.734854999999996,646.5531149999999,6.293106229999999,monthly_satellite_dca
2023-05-01,STOCK,MCQE,BUY,41.0,15.857924999999998,650.1749249999999,6.30034985,monthly_satellite_dca
2023-05-01,STOCK,ETEL,BUY,27.0,24.23211,654.26697,6.30853394,monthly_satellite_dca
2023-05-01,STOCK,COMI,BUY,12.0,53.836905,646.04286,6.29208572,monthly_satellite_dca
2023-05-01,STOCK,ARCC,BUY,77.0,8.54427,657.90879,6.31581758,monthly_satellite_dca
2023-05-01,STOCK,EGCH,BUY,103.0,6.36318,655.4075399999999,6.310815079999999,monthly_satellite_dca
2023-06-01,ETF,EGX30_ETF,BUY,309.0,19.36968,5985.2311199999995,11.97046224,monthly_core_dca
2023-06-01,STOCK,ABUK,BUY,13.0,47.493734999999994,617.418555,6.23483711,monthly_satellite_dca
2023-06-01,STOCK,MCQE,BUY,44.0,14.907449999999999,655.9277999999999,6.3118555999999995,monthly_satellite_dca
2023-06-01,STOCK,ETEL,BUY,27.0,24.242115,654.537105,6.30907421,monthly_satellite_dca
2023-06-01,STOCK,COMI,BUY,12.0,52.32614999999999,627.9137999999999,6.2558276,monthly_satellite_dca
2023-06-01,STOCK,ARCC,BUY,82.0,7.98399,654.68718,6.30937436,monthly_satellite_dca
2023-06-01,STOCK,EGCH,BUY,107.0,6.133064999999999,656.2379549999999,6.31247591,monthly_satellite_dca
2023-07-04,ETF,EGX30_ETF,BUY,310.0,19.30965,5985.9915,11.971983,monthly_core_dca
2023-07-04,STOCK,ABUK,BUY,14.0,44.572275,624.01185,6.2480237,monthly_satellite_dca
2023-07-04,STOCK,MCQE,BUY,47.0,14.037014999999998,659.739705,6.31947941,monthly_satellite_dca
2023-07-04,STOCK,ETEL,BUY,25.0,25.892939999999996,647.3234999999999,6.294646999999999,monthly_satellite_dca
2023-07-04,STOCK,COMI,BUY,12.0,51.025499999999994,612.3059999999999,6.224612,monthly_satellite_dca
2023-07-04,STOCK,ARCC,BUY,77.0,8.504249999999999,654.8272499999999,6.3096545,monthly_satellite_dca
2023-07-04,STOCK,EGCH,BUY,92.0,7.1235599999999994,655.3675199999999,6.31073504,monthly_satellite_dca
2023-08-01,ETF,EGX30_ETF,BUY,315.0,19.0095,5987.992499999999,11.975985,monthly_core_dca
2023-08-01,STOCK,ABUK,BUY,13.0,47.233605,614.0368649999999,6.22807373,monthly_satellite_dca
2023-08-01,STOCK,MCQE,BUY,48.0,13.736865,659.36952,6.31873904,monthly_satellite_dca
2023-08-01,STOCK,ETEL,BUY,25.0,26.213099999999997,655.3274999999999,6.310655,monthly_satellite_dca
2023-08-01,STOCK,COMI,BUY,13.0,50.52525,656.82825,6.3136565000000004,monthly_satellite_dca
2023-08-01,STOCK,ARCC,BUY,92.0,7.103549999999999,653.5265999999999,6.3070532,monthly_satellite_dca
2023-08-01,STOCK,EGCH,BUY,96.0,6.873435,659.84976,6.31969952,monthly_satellite_dca
2023-09-03,ETF,EGX30_ETF,BUY,293.0,20.410199999999996,5980.188599999999,11.960377199999998,monthly_core_dca
2023-09-03,STOCK,ABUK,BUY,12.0,52.776374999999994,633.3164999999999,6.266633,monthly_satellite_dca
2023-09-03,STOCK,MCQE,BUY,46.0,14.32716,659.04936,6.31809872,monthly_satellite_dca
2023-09-03,STOCK,ETEL,BUY,25.0,26.31315,657.82875,6.3156575,monthly_satellite_dca
2023-09-03,STOCK,COMI,BUY,11.0,57.028499999999994,627.3135,6.254627,monthly_satellite_dca
2023-09-03,STOCK,ARCC,BUY,90.0,7.32366,659.1294,6.318258800000001,monthly_satellite_dca
2023-09-03,STOCK,EGCH,BUY,100.0,6.553274999999999,655.3274999999999,6.310655,monthly_satellite_dca
2023-10-01,ETF,EGX30_ETF,BUY,267.0,22.361175,5970.433725,11.94086745,monthly_core_dca
2023-10-01,STOCK,ABUK,BUY,9.0,67.03349999999999,603.3014999999999,6.206602999999999,monthly_satellite_dca
2023-10-01,STOCK,MCQE,BUY,48.0,13.736865,659.36952,6.31873904,monthly_satellite_dca
2023-10-01,STOCK,ETEL,BUY,22.0,29.904944999999998,657.90879,6.31581758,monthly_satellite_dca
2023-10-01,STOCK,COMI,BUY,11.0,60.029999999999994,660.3299999999999,6.32066,monthly_satellite_dca
2023-10-01,STOCK,ARCC,BUY,82.0,7.98399,654.68718,6.30937436,monthly_satellite_dca
2023-10-01,STOCK,EGCH,BUY,83.0,7.913955,656.858265,6.31371653,monthly_satellite_dca
2023-11-01,ETF,EGX30_ETF,BUY,231.0,25.8129,5962.7798999999995,11.925559799999998,monthly_core_dca
2023-11-01,STOCK,ABUK,BUY,8.0,77.0385,616.308,6.232616,monthly_satellite_dca
2023-11-01,STOCK,MCQE,BUY,40.0,16.178085,647.1234,6.2942468,monthly_satellite_dca
2023-11-01,STOCK,ETEL,BUY,19.0,34.016999999999996,646.3229999999999,6.2926459999999995,monthly_satellite_dca
2023-11-01,STOCK,COMI,BUY,10.0,60.380175,603.80175,6.2076035,monthly_satellite_dca
2023-11-01,STOCK,ARCC,BUY,73.0,9.02451,658.78923,6.31757846,monthly_satellite_dca
2023-11-01,STOCK,EGCH,BUY,67.0,9.714855,650.8952850000001,6.30179057,monthly_satellite_dca
2023-12-03,ETF,EGX30_ETF,BUY,215.0,27.8139,5979.9885,11.959977,monthly_core_dca
2023-12-03,STOCK,ABUK,BUY,8.0,79.389675,635.1174,6.2702348,monthly_satellite_dca
2023-12-03,STOCK,MCQE,BUY,34.0,19.389689999999998,659.2494599999999,6.31849892,monthly_satellite_dca
2023-12-03,STOCK,ETEL,BUY,18.0,36.007995,648.14391,6.29628782,monthly_satellite_dca
2023-12-03,STOCK,COMI,BUY,8.0,77.2386,617.9088,6.2358176,monthly_satellite_dca
2023-12-03,STOCK,ARCC,BUY,68.0,9.68484,658.56912,6.31713824,monthly_satellite_dca
2023-12-03,STOCK,EGCH,BUY,66.0,9.94497,656.36802,6.31273604,monthly_satellite_dca
2024-01-02,,ARCC,SELL,7690.0,9.995000000000001,76861.55,153.72310000000002,core_satellite_selection_exit
2024-01-02,,COMI,SELL,1249.0,72.61367500000001,90694.48007500001,181.38896015000003,core_satellite_selection_exit
2024-01-02,,MCQE,SELL,3255.0,21.70914,70663.2507,141.3265014,core_satellite_selection_exit
2024-01-02,STOCK,ABUK,SELL,524.0,83.958,43993.992,87.987984,stock_sleeve_trim
2024-01-02,STOCK,ETEL,SELL,311.0,37.631175,11703.295425,23.40659085,stock_sleeve_trim
2024-01-02,STOCK,EGCH,SELL,4471.0,10.674660000000001,47726.40486,95.45280972,stock_sleeve_trim
2024-01-02,STOCK,TMGH,BUY,2810.0,24.162074999999998,67895.43075,140.7908615,stock_sleeve_rebalance_buy
2024-01-02,STOCK,EFID,BUY,2176.0,31.19559,67881.60384,140.76320768,stock_sleeve_rebalance_buy
2024-01-02,STOCK,ORAS,BUY,376.0,180.26008499999998,67777.79195999999,140.55558391999998,stock_sleeve_rebalance_buy
2024-01-02,STOCK,EGCH,BUY,1.0,10.685339999999998,10.685339999999998,5.02137068,stock_sleeve_rebalance_buy
2024-01-02,STOCK,EGAL,BUY,1046.0,64.89242999999999,67877.48177999999,140.75496355999996,stock_sleeve_rebalance_buy
2024-01-02,STOCK,EAST,BUY,3214.0,21.120555,67881.46377,140.76292754000002,stock_sleeve_rebalance_buy
2024-01-02,ETF,EGX30_ETF,BUY,427.0,27.79389,11867.991030000001,23.73598206,core_rebalance_cash_sweep
2024-02-01,ETF,EGX30_ETF,BUY,190.0,31.405694999999998,5967.08205,11.9341641,monthly_core_dca
2024-02-01,STOCK,TMGH,BUY,14.0,33.0165,462.231,5.924462,monthly_satellite_dca
2024-02-01,STOCK,EFID,BUY,16.0,30.014999999999997,480.23999999999995,5.96048,monthly_satellite_dca
2024-02-01,STOCK,ABUK,BUY,5.0,96.938445,484.692225,5.96938445,monthly_satellite_dca
2024-02-01,STOCK,ETEL,BUY,13.0,36.57828,475.51764,5.95103528,monthly_satellite_dca
2024-02-01,STOCK,ORAS,BUY,2.0,192.096,384.192,5.768384,monthly_satellite_dca
2024-02-01,STOCK,EGCH,BUY,45.0,10.915455,491.195475,5.98239095,monthly_satellite_dca
2024-02-01,STOCK,EGAL,BUY,4.0,102.2511,409.0044,5.8180088,monthly_satellite_dca
2024-02-01,STOCK,EAST,BUY,19.0,24.732359999999996,469.9148399999999,5.93982968,monthly_satellite_dca
2024-03-03,ETF,EGX30_ETF,BUY,188.0,31.73586,5966.3416799999995,11.932683359999999,monthly_core_dca
2024-03-03,STOCK,TMGH,BUY,7.0,66.93345000000001,468.53415000000007,5.9370683,monthly_satellite_dca
2024-03-03,STOCK,EFID,BUY,12.0,38.019,456.22799999999995,5.912456,monthly_satellite_dca
2024-03-03,STOCK,ABUK,BUY,7.0,67.03349999999999,469.2344999999999,5.9384689999999996,monthly_satellite_dca
2024-03-03,STOCK,ETEL,BUY,12.0,38.6193,463.4316,5.9268632,monthly_satellite_dca
2024-03-03,STOCK,ORAS,BUY,1.0,289.1445,289.1445,5.578289,monthly_satellite_dca
2024-03-03,STOCK,EGCH,BUY,52.0,9.454724999999998,491.6456999999999,5.9832914,monthly_satellite_dca
2024-03-03,STOCK,EGAL,BUY,4.0,108.043995,432.17598,5.8643519600000005,monthly_satellite_dca
2024-03-03,STOCK,EAST,BUY,18.0,26.903444999999998,484.26201,5.96852402,monthly_satellite_dca
2024-04-01,ETF,EGX30_ETF,BUY,197.0,30.365175,5981.939475,11.96387895,monthly_core_dca
2024-04-01,STOCK,TMGH,BUY,8.0,61.53075,492.246,5.984492,monthly_satellite_dca
2024-04-01,STOCK,EFID,BUY,16.0,30.83541,493.36656,5.98673312,monthly_satellite_dca
2024-04-01,STOCK,ABUK,BUY,8.0,61.53075,492.246,5.984492,monthly_satellite_dca
2024-04-01,STOCK,ETEL,BUY,13.0,35.567775,462.38107499999995,5.92476215,monthly_satellite_dca
2024-04-01,STOCK,ORAS,BUY,1.0,267.13349999999997,267.13349999999997,5.534267,monthly_satellite_dca
2024-04-01,STOCK,EGCH,BUY,71.0,6.9234599999999995,491.56566,5.98313132,monthly_satellite_dca
2024-04-01,STOCK,EGAL,BUY,5.0,91.075515,455.377575,5.91075515,monthly_satellite_dca
2024-04-01,STOCK,EAST,BUY,26.0,18.859425,490.34505,5.9806901,monthly_satellite_dca
2024-05-01,ETF,EGX30_ETF,BUY,221.0,27.023505,5972.194605,11.944389209999999,monthly_core_dca
2024-05-01,STOCK,TMGH,BUY,9.0,51.04551,459.40959,5.91881918,monthly_satellite_dca
2024-05-01,STOCK,EFID,BUY,17.0,27.763875,471.98587499999996,5.94397175,monthly_satellite_dca
2024-05-01,STOCK,ABUK,BUY,7.0,62.2311,435.6177,5.8712354,monthly_satellite_dca
2024-05-01,STOCK,ETEL,BUY,15.0,30.925455,463.881825,5.92776365,monthly_satellite_dca
2024-05-01,STOCK,ORAS,BUY,1.0,250.125,250.125,5.50025,monthly_satellite_dca
2024-05-01,STOCK,EGCH,BUY,72.0,6.833415,492.00588,5.98401176,monthly_satellite_dca
2024-05-01,STOCK,EGAL,BUY,5.0,84.042,420.21000000000004,5.84042,monthly_satellite_dca
2024-05-01,STOCK,EAST,BUY,30.0,16.358175,490.74525,5.9814905,monthly_satellite_dca
2024-06-02,ETF,EGX30_ETF,BUY,198.0,30.11505,5962.7799,11.9255598,monthly_core_dca
2024-06-02,STOCK,TMGH,BUY,9.0,54.10704,486.96335999999997,5.97392672,monthly_satellite_dca
2024-06-02,STOCK,EFID,BUY,17.0,29.044515,493.756755,5.98751351,monthly_satellite_dca
2024-06-02,STOCK,ABUK,BUY,7.0,62.031,434.217,5.868434,monthly_satellite_dca
2024-06-02,STOCK,ETEL,BUY,16.0,30.85542,493.68672,5.98737344,monthly_satellite_dca
2024-06-02,STOCK,ORAS,BUY,1.0,266.883375,266.883375,5.53376675,monthly_satellite_dca
2024-06-02,STOCK,EGCH,BUY,63.0,7.7638799999999994,489.12444,5.97824888,monthly_satellite_dca
2024-06-02,STOCK,EGAL,BUY,5.0,92.856405,464.282025,5.92856405,monthly_satellite_dca
2024-06-02,STOCK,EAST,BUY,24.0,20.53026,492.72623999999996,5.98545248,monthly_satellite_dca
2024-07-01,ETF,EGX30_ETF,BUY,194.0,30.865425,5987.892449999999,11.975784899999999,monthly_core_dca
2024-07-01,STOCK,TMGH,BUY,8.0,56.918445,455.34756,5.91069512,monthly_satellite_dca
2024-07-01,STOCK,EFID,BUY,16.0,29.754869999999997,476.07791999999995,5.95215584,monthly_satellite_dca
2024-07-01,STOCK,ABUK,BUY,8.0,58.6293,469.0344,5.9380688,monthly_satellite_dca
2024-07-01,STOCK,ETEL,BUY,15.0,31.17558,467.6337,5.9352674,monthly_satellite_dca
2024-07-01,STOCK,ORAS,BUY,1.0,272.3361,272.3361,5.5446722,monthly_satellite_dca
2024-07-01,STOCK,EGCH,BUY,66.0,7.38369,487.32354,5.97464708,monthly_satellite_dca
2024-07-01,STOCK,EGAL,BUY,5.0,97.04849999999999,485.24249999999995,5.970485,monthly_satellite_dca
2024-07-01,STOCK,EAST,BUY,27.0,18.18909,491.10543,5.98221086,monthly_satellite_dca
2024-08-01,ETF,EGX30_ETF,BUY,183.0,32.71635,5987.092049999999,11.974184099999999,monthly_core_dca
2024-08-01,STOCK,TMGH,BUY,8.0,56.278124999999996,450.22499999999997,5.90045,monthly_satellite_dca
2024-08-01,STOCK,EFID,BUY,16.0,29.394689999999997,470.31503999999995,5.94063008,monthly_satellite_dca
2024-08-01,STOCK,ABUK,BUY,7.0,62.031,434.217,5.868434,monthly_satellite_dca
2024-08-01,STOCK,ETEL,BUY,14.0,34.067024999999994,476.9383499999999,5.9538766999999995,monthly_satellite_dca
2024-08-01,STOCK,ORAS,BUY,1.0,264.262065,264.262065,5.52852413,monthly_satellite_dca
2024-08-01,STOCK,EGCH,BUY,56.0,8.714355000000001,488.0038800000001,5.97600776,monthly_satellite_dca
2024-08-01,STOCK,EGAL,BUY,4.0,113.0565,452.226,5.904452,monthly_satellite_dca
2024-08-01,STOCK,EAST,BUY,22.0,22.361175,491.94585,5.9838917,monthly_satellite_dca
2024-09-01,ETF,EGX30_ETF,BUY,174.0,34.31715,5971.1840999999995,11.942368199999999,monthly_core_dca
2024-09-01,STOCK,TMGH,BUY,8.0,59.0295,472.236,5.944472,monthly_satellite_dca
2024-09-01,STOCK,EFID,BUY,17.0,27.683835,470.62519499999996,5.94125039,monthly_satellite_dca
2024-09-01,STOCK,ABUK,BUY,8.0,58.028999999999996,464.23199999999997,5.928464,monthly_satellite_dca
2024-09-01,STOCK,ETEL,BUY,15.0,32.29614,484.44210000000004,5.9688842,monthly_satellite_dca
2024-09-01,STOCK,ORAS,BUY,1.0,260.08997999999997,260.08997999999997,5.52017996,monthly_satellite_dca
2024-09-01,STOCK,EGCH,BUY,58.0,8.514254999999999,493.8267899999999,5.98765358,monthly_satellite_dca
2024-09-01,STOCK,EGAL,BUY,4.0,110.47520999999999,441.90083999999996,5.8838016799999995,monthly_satellite_dca
2024-09-01,STOCK,EAST,BUY,19.0,25.462725,483.791775,5.96758355,monthly_satellite_dca
2024-10-01,ETF,EGX30_ETF,BUY,170.0,35.11755,5969.9835,11.939967000000001,monthly_core_dca
2024-10-01,STOCK,TMGH,BUY,7.0,63.73185,446.12295,5.8922459,monthly_satellite_dca
2024-10-01,STOCK,EFID,BUY,17.0,28.2141,479.63969999999995,5.9592794,monthly_satellite_dca
2024-10-01,STOCK,ABUK,BUY,7.0,63.65180999999999,445.5626699999999,5.89112534,monthly_satellite_dca
2024-10-01,STOCK,ETEL,BUY,14.0,33.786885,473.01639,5.94603278,monthly_satellite_dca
2024-10-01,STOCK,ORAS,BUY,1.0,253.62675,253.62675,5.5072535,monthly_satellite_dca
2024-10-01,STOCK,EGCH,BUY,56.0,8.734365,489.12444000000005,5.97824888,monthly_satellite_dca
2024-10-01,STOCK,EGAL,BUY,4.0,122.06099999999999,488.24399999999997,5.976488,monthly_satellite_dca
2024-10-01,STOCK,EAST,BUY,18.0,26.012999999999998,468.234,5.936468,monthly_satellite_dca
2024-11-03,ETF,EGX30_ETF,BUY,174.0,34.237109999999994,5957.257139999999,11.914514279999997,monthly_core_dca
2024-11-03,STOCK,TMGH,BUY,8.0,59.139554999999994,473.11643999999995,5.94623288,monthly_satellite_dca
2024-11-03,STOCK,EFID,BUY,16.0,30.445214999999997,487.12343999999996,5.97424688,monthly_satellite_dca
2024-11-03,STOCK,ABUK,BUY,8.0,57.028499999999994,456.22799999999995,5.912456,monthly_satellite_dca
2024-11-03,STOCK,ETEL,BUY,14.0,33.59679,470.35506,5.94071012,monthly_satellite_dca
2024-11-03,STOCK,ORAS,BUY,1.0,298.159005,298.159005,5.59631801,monthly_satellite_dca
2024-11-03,STOCK,EGCH,BUY,58.0,8.38419,486.28302,5.97256604,monthly_satellite_dca
2024-11-03,STOCK,EGAL,BUY,4.0,111.15554999999999,444.62219999999996,5.8892444,monthly_satellite_dca
2024-11-03,STOCK,EAST,BUY,18.0,27.31365,491.6457,5.9832914,monthly_satellite_dca
2024-12-01,ETF,EGX30_ETF,BUY,177.0,33.75687,5974.96599,11.949931979999999,monthly_core_dca
2024-12-01,STOCK,TMGH,BUY,8.0,58.018995,464.15196,5.92830392,monthly_satellite_dca
2024-12-01,STOCK,EFID,BUY,17.0,28.47423,484.06190999999995,5.96812382,monthly_satellite_dca
2024-12-01,STOCK,ABUK,BUY,9.0,52.81639499999999,475.34755499999994,5.95069511,monthly_satellite_dca
2024-12-01,STOCK,ETEL,BUY,14.0,33.0165,462.231,5.924462,monthly_satellite_dca
2024-12-01,STOCK,ORAS,BUY,1.0,295.077465,295.077465,5.59015493,monthly_satellite_dca
2024-12-01,STOCK,EGCH,BUY,63.0,7.793895,491.015385,5.98203077,monthly_satellite_dca
2024-12-01,STOCK,EGAL,BUY,4.0,111.605775,446.4231,5.8928462,monthly_satellite_dca
2024-12-01,STOCK,EAST,BUY,18.0,27.143565,488.58417,5.97716834,monthly_satellite_dca
2025-01-02,,ABUK,SELL,891.0,48.885545,43557.020595,87.11404119000001,core_satellite_selection_exit
2025-01-02,,EFID,SELL,2353.0,27.056465000000003,63663.86214500001,127.32772429000002,core_satellite_selection_exit
2025-01-02,,EGCH,SELL,7030.0,7.076460000000001,49747.51380000001,99.49502760000001,core_satellite_selection_exit
2025-01-02,,ETEL,SELL,1963.0,33.083450000000006,64942.812350000015,129.88562470000002,core_satellite_selection_exit
2025-01-02,,TMGH,SELL,2904.0,55.972,162542.688,325.085376,core_satellite_selection_exit
2025-01-02,STOCK,EAST,SELL,1033.0,29.48525,30458.26325,60.9165265,stock_sleeve_trim
2025-01-02,STOCK,EGAL,SELL,475.0,115.40227,54816.07825,109.6321565,stock_sleeve_trim
2025-01-02,STOCK,ORAS,SELL,137.0,284.35775,38957.01175,77.9140235,stock_sleeve_trim
2025-01-02,STOCK,ARCC,BUY,4188.0,17.008499999999998,71231.598,147.463196,stock_sleeve_rebalance_buy
2025-01-02,STOCK,PHDC,BUY,10887.0,6.54327,71236.58049,147.47316098,stock_sleeve_rebalance_buy
2025-01-02,STOCK,FWRY,BUY,8328.0,8.554275,71240.0022,147.4800044,stock_sleeve_rebalance_buy
2025-01-02,STOCK,JUFO,BUY,2125.0,33.516749999999995,71223.09374999999,147.44618749999998,stock_sleeve_rebalance_buy
2025-01-02,STOCK,GBCO,BUY,4156.0,17.138565,71227.87614,147.45575227999998,stock_sleeve_rebalance_buy
2025-01-02,STOCK,EMFD,BUY,9418.0,7.5637799999999995,71235.68003999999,147.47136007999998,stock_sleeve_rebalance_buy
2025-01-02,STOCK,MCQE,BUY,3143.0,22.661324999999998,71224.54447499999,147.44908894999998,stock_sleeve_rebalance_buy
2025-01-02,ETF,EGX30_ETF,BUY,666.0,33.33666,22202.21556,44.404431120000005,core_rebalance_cash_sweep
2025-02-02,ETF,EGX30_ETF,BUY,177.0,33.806895,5983.820414999999,11.967640829999999,monthly_core_dca
2025-02-02,STOCK,ARCC,BUY,19.0,20.080035,381.52066499999995,5.76304133,monthly_satellite_dca
2025-02-02,STOCK,PHDC,BUY,60.0,6.553274999999999,393.19649999999996,5.786393,monthly_satellite_dca
2025-02-02,STOCK,EAST,BUY,13.0,29.144564999999997,378.87934499999994,5.75775869,monthly_satellite_dca
2025-02-02,STOCK,FWRY,BUY,45.0,8.604299999999999,387.1934999999999,5.774387,monthly_satellite_dca
2025-02-02,STOCK,JUFO,BUY,11.0,35.047515,385.52266499999996,5.77104533,monthly_satellite_dca
2025-02-02,STOCK,GBCO,BUY,23.0,16.758374999999997,385.44262499999996,5.77088525,monthly_satellite_dca
2025-02-02,STOCK,EGAL,BUY,2.0,152.97645,305.9529,5.6119058,monthly_satellite_dca
2025-02-02,STOCK,ORAS,BUY,1.0,263.701785,263.701785,5.52740357,monthly_satellite_dca
2025-02-02,STOCK,EMFD,BUY,56.0,6.933464999999999,388.27403999999996,5.7765480799999995,monthly_satellite_dca
2025-02-02,STOCK,MCQE,BUY,15.0,25.6128,384.192,5.768384,monthly_satellite_dca
2025-03-02,ETF,EGX30_ETF,BUY,173.0,34.467225,5962.829925,11.92565985,monthly_core_dca
2025-03-02,STOCK,ARCC,BUY,17.0,23.011499999999998,391.1955,5.782391,monthly_satellite_dca
2025-03-02,STOCK,PHDC,BUY,63.0,6.253125,393.946875,5.78789375,monthly_satellite_dca
2025-03-02,STOCK,EAST,BUY,12.0,31.0155,372.186,5.744372,monthly_satellite_dca
2025-03-02,STOCK,FWRY,BUY,49.0,8.004,392.19599999999997,5.784392,monthly_satellite_dca
2025-03-02,STOCK,JUFO,BUY,11.0,35.79789,393.77679,5.78755358,monthly_satellite_dca
2025-03-02,STOCK,GBCO,BUY,23.0,16.958475,390.044925,5.7800898499999995,monthly_satellite_dca
2025-03-02,STOCK,EGAL,BUY,2.0,158.05899,316.11798,5.63223596,monthly_satellite_dca
2025-03-02,STOCK,ORAS,BUY,1.0,269.1345,269.1345,5.538269,monthly_satellite_dca
2025-03-02,STOCK,EMFD,BUY,51.0,7.6738349999999995,391.36558499999995,5.78273117,monthly_satellite_dca
2025-03-02,STOCK,MCQE,BUY,16.0,24.602294999999998,393.63671999999997,5.78727344,monthly_satellite_dca
2025-04-03,ETF,EGX30_ETF,BUY,166.0,35.91795,5962.3796999999995,11.9247594,monthly_core_dca
2025-04-03,STOCK,ARCC,BUY,17.0,22.681335,385.582695,5.77116539,monthly_satellite_dca
2025-04-03,STOCK,PHDC,BUY,55.0,7.073535,389.044425,5.77808885,monthly_satellite_dca
2025-04-03,STOCK,EAST,BUY,11.0,33.266625,365.93287499999997,5.73186575,monthly_satellite_dca
2025-04-03,STOCK,FWRY,BUY,41.0,9.6048,393.79679999999996,5.7875936,monthly_satellite_dca
2025-04-03,STOCK,JUFO,BUY,11.0,33.0165,363.1815,5.726363,monthly_satellite_dca
2025-04-03,STOCK,GBCO,BUY,19.0,20.260125,384.94237499999997,5.76988475,monthly_satellite_dca
2025-04-03,STOCK,EGAL,BUY,2.0,174.58724999999998,349.17449999999997,5.698349,monthly_satellite_dca
2025-04-03,STOCK,ORAS,BUY,1.0,290.20502999999997,290.20502999999997,5.58041006,monthly_satellite_dca
2025-04-03,STOCK,EMFD,BUY,47.0,8.294144999999999,389.82481499999994,5.77964963,monthly_satellite_dca
2025-04-03,STOCK,MCQE,BUY,15.0,26.103044999999998,391.54567499999996,5.78309135,monthly_satellite_dca
2025-05-04,ETF,EGX30_ETF,BUY,163.0,36.53826,5955.73638,11.91147276,monthly_core_dca
2025-05-04,STOCK,ARCC,BUY,16.0,23.95197,383.23152,5.76646304,monthly_satellite_dca
2025-05-04,STOCK,PHDC,BUY,58.0,6.72336,389.95488,5.77990976,monthly_satellite_dca
2025-05-04,STOCK,EAST,BUY,11.0,35.0175,385.1925,5.770385,monthly_satellite_dca
2025-05-04,STOCK,FWRY,BUY,36.0,10.665329999999999,383.95187999999996,5.76790376,monthly_satellite_dca
2025-05-04,STOCK,JUFO,BUY,12.0,31.415699999999998,376.98839999999996,5.7539768,monthly_satellite_dca
2025-05-04,STOCK,GBCO,BUY,17.0,22.37118,380.31005999999996,5.76062012,monthly_satellite_dca
2025-05-04,STOCK,EGAL,BUY,2.0,171.18554999999998,342.37109999999996,5.6847422,monthly_satellite_dca
2025-05-04,STOCK,ORAS,BUY,1.0,275.7378,275.7378,5.5514756,monthly_satellite_dca
2025-05-04,STOCK,EMFD,BUY,44.0,8.92446,392.67624,5.78535248,monthly_satellite_dca
2025-05-04,STOCK,MCQE,BUY,14.0,28.154069999999997,394.15698,5.78831396,monthly_satellite_dca
2025-06-01,ETF,EGX30_ETF,BUY,163.0,36.668324999999996,5976.936975,11.95387395,monthly_core_dca
2025-06-01,STOCK,ARCC,BUY,13.0,29.014499999999998,377.1885,5.754377,monthly_satellite_dca
2025-06-01,STOCK,PHDC,BUY,49.0,8.024009999999999,393.17648999999994,5.78635298,monthly_satellite_dca
2025-06-01,STOCK,EAST,BUY,11.0,33.366675,367.033425,5.73406685,monthly_satellite_dca
2025-06-01,STOCK,FWRY,BUY,34.0,11.415704999999999,388.13397,5.77626794,monthly_satellite_dca
2025-06-01,STOCK,JUFO,BUY,14.0,27.27363,381.83082,5.7636616400000005,monthly_satellite_dca
2025-06-01,STOCK,GBCO,BUY,17.0,22.461225,381.840825,5.76368165,monthly_satellite_dca
2025-06-01,STOCK,EGAL,BUY,2.0,156.078,312.156,5.624312,monthly_satellite_dca
2025-06-01,STOCK,ORAS,BUY,1.0,257.858865,257.858865,5.51571773,monthly_satellite_dca
2025-06-01,STOCK,EMFD,BUY,40.0,9.674835,386.9934,5.7739868,monthly_satellite_dca
2025-06-01,STOCK,MCQE,BUY,10.0,39.229605,392.29605,5.7845921,monthly_satellite_dca
2025-07-01,ETF,EGX30_ETF,BUY,158.0,37.71885,5959.5783,11.9191566,monthly_core_dca
2025-07-01,STOCK,ARCC,BUY,10.0,37.018499999999996,370.18499999999995,5.7403699999999995,monthly_satellite_dca
2025-07-01,STOCK,PHDC,BUY,43.0,9.0045,387.19350000000003,5.774387,monthly_satellite_dca
2025-07-01,STOCK,EAST,BUY,13.0,30.014999999999997,390.19499999999994,5.78039,monthly_satellite_dca
2025-07-01,STOCK,FWRY,BUY,32.0,12.056025,385.7928,5.7715856,monthly_satellite_dca
2025-07-01,STOCK,JUFO,BUY,14.0,27.243615,381.41060999999996,5.76282122,monthly_satellite_dca
2025-07-01,STOCK,GBCO,BUY,17.0,22.91145,389.49465,5.7789893,monthly_satellite_dca
2025-07-01,STOCK,EGAL,BUY,2.0,158.41917,316.83834,5.63367668,monthly_satellite_dca
2025-07-01,STOCK,ORAS,BUY,1.0,331.1655,331.1655,5.662331,monthly_satellite_dca
2025-07-01,STOCK,EMFD,BUY,42.0,9.32466,391.63572,5.78327144,monthly_satellite_dca
2025-07-01,STOCK,MCQE,BUY,7.0,52.756364999999995,369.29455499999995,5.7385891099999995,monthly_satellite_dca
2025-08-03,ETF,EGX30_ETF,BUY,153.0,38.989484999999995,5965.391204999999,11.930782409999999,monthly_core_dca
2025-08-03,STOCK,ARCC,BUY,10.0,39.049515,390.49514999999997,5.7809903,monthly_satellite_dca
2025-08-03,STOCK,PHDC,BUY,47.0,8.294144999999999,389.82481499999994,5.77964963,monthly_satellite_dca
2025-08-03,STOCK,EAST,BUY,11.0,33.966975,373.63672499999996,5.74727345,monthly_satellite_dca
2025-08-03,STOCK,FWRY,BUY,30.0,12.856425,385.69275,5.7713855,monthly_satellite_dca
2025-08-03,STOCK,JUFO,BUY,13.0,28.714349999999996,373.2865499999999,5.7465731,monthly_satellite_dca
2025-08-03,STOCK,GBCO,BUY,15.0,25.502744999999997,382.54117499999995,5.76508235,monthly_satellite_dca
2025-08-03,STOCK,EGAL,BUY,2.0,168.56423999999998,337.12847999999997,5.67425696,monthly_satellite_dca
2025-08-03,STOCK,ORAS,BUY,1.0,394.18699499999997,394.18699499999997,5.78837399,monthly_satellite_dca
2025-08-03,STOCK,EMFD,BUY,46.0,8.514254999999999,391.65572999999995,5.78331146,monthly_satellite_dca
2025-08-03,STOCK,MCQE,BUY,4.0,79.03949999999999,316.15799999999996,5.632315999999999,monthly_satellite_dca
2025-09-01,ETF,EGX30_ETF,BUY,148.0,40.32015,5967.3822,11.9347644,monthly_core_dca
2025-09-01,STOCK,ARCC,BUY,10.0,39.11955,391.1955,5.782391,monthly_satellite_dca
2025-09-01,STOCK,PHDC,BUY,51.0,7.713855,393.40660499999996,5.78681321,monthly_satellite_dca
2025-09-01,STOCK,EAST,BUY,10.0,38.008995,380.08995,5.7601799,monthly_satellite_dca
2025-09-01,STOCK,FWRY,BUY,29.0,13.32666,386.47314,5.77294628,monthly_satellite_dca
2025-09-01,STOCK,JUFO,BUY,14.0,26.283134999999998,367.96389,5.73592778,monthly_satellite_dca
2025-09-01,STOCK,GBCO,BUY,15.0,24.982484999999997,374.73727499999995,5.74947455,monthly_satellite_dca
2025-09-01,STOCK,EGAL,BUY,2.0,157.0785,314.157,5.628314,monthly_satellite_dca
2025-09-01,STOCK,EMFD,BUY,49.0,8.004,392.19599999999997,5.784392,monthly_satellite_dca
2025-09-01,STOCK,MCQE,BUY,5.0,77.0385,385.1925,5.770385,monthly_satellite_dca
2025-10-01,ETF,EGX30_ETF,BUY,144.0,41.390685,5960.25864,11.92051728,monthly_core_dca
2025-10-01,STOCK,ARCC,BUY,10.0,38.689335,386.89335,5.7737867000000005,monthly_satellite_dca
2025-10-01,STOCK,PHDC,BUY,53.0,7.38369,391.33556999999996,5.78267114,monthly_satellite_dca
2025-10-01,STOCK,EAST,BUY,9.0,42.6213,383.5917,5.7671834,monthly_satellite_dca
2025-10-01,STOCK,FWRY,BUY,27.0,14.207099999999999,383.59169999999995,5.7671834,monthly_satellite_dca
2025-10-01,STOCK,JUFO,BUY,13.0,28.414199999999997,369.3846,5.7387692,monthly_satellite_dca
2025-10-01,STOCK,GBCO,BUY,17.0,22.411199999999997,380.99039999999997,5.7619808,monthly_satellite_dca
2025-10-01,STOCK,EGAL,BUY,2.0,152.366145,304.73229,5.60946458,monthly_satellite_dca
2025-10-01,STOCK,EMFD,BUY,44.0,8.76438,385.63271999999995,5.77126544,monthly_satellite_dca
2025-10-01,STOCK,MCQE,BUY,5.0,72.73635,363.68175,5.7273635,monthly_satellite_dca
2025-11-02,ETF,EGX30_ETF,BUY,136.0,43.921949999999995,5973.3852,11.9467704,monthly_core_dca
2025-11-02,STOCK,ARCC,BUY,8.0,46.46321999999999,371.70575999999994,5.7434115199999995,monthly_satellite_dca
2025-11-02,STOCK,PHDC,BUY,50.0,7.86393,393.1965,5.786393,monthly_satellite_dca
2025-11-02,STOCK,EAST,BUY,8.0,45.012495,360.09996,5.72019992,monthly_satellite_dca
2025-11-02,STOCK,FWRY,BUY,26.0,14.607299999999999,379.78979999999996,5.7595796,monthly_satellite_dca
2025-11-02,STOCK,JUFO,BUY,12.0,32.6163,391.39560000000006,5.7827912,monthly_satellite_dca
2025-11-02,STOCK,GBCO,BUY,16.0,24.602294999999998,393.63671999999997,5.78727344,monthly_satellite_dca
2025-11-02,STOCK,EGAL,BUY,1.0,206.10299999999998,206.10299999999998,5.412206,monthly_satellite_dca
2025-11-02,STOCK,EMFD,BUY,40.0,9.8049,392.196,5.784392,monthly_satellite_dca
2025-11-02,STOCK,MCQE,BUY,4.0,93.556755,374.22702,5.74845404,monthly_satellite_dca
2025-12-01,ETF,EGX30_ETF,BUY,129.0,46.2231,5962.7799,11.9255598,monthly_core_dca
2025-12-01,STOCK,ARCC,BUY,7.0,51.8259,362.7813,5.7255626,monthly_satellite_dca
2025-12-01,STOCK,PHDC,BUY,47.0,8.294144999999999,389.82481499999994,5.77964963,monthly_satellite_dca
2025-12-01,STOCK,EAST,BUY,8.0,46.012995,368.10396,5.73620792,monthly_satellite_dca
2025-12-01,STOCK,FWRY,BUY,25.0,15.50775,387.69374999999997,5.7753875,monthly_satellite_dca
2025-12-01,STOCK,JUFO,BUY,17.0,22.881435,388.984395,5.77796879,monthly_satellite_dca
2025-12-01,STOCK,GBCO,BUY,15.0,26.023005,390.345075,5.78069015,monthly_satellite_dca
2025-12-01,STOCK,EGAL,BUY,1.0,199.09949999999998,199.09949999999998,5.398199,monthly_satellite_dca
2025-12-01,STOCK,EMFD,BUY,43.0,9.0045,387.19350000000003,5.774387,monthly_satellite_dca
2025-12-01,STOCK,MCQE,BUY,2.0,137.8689,275.7378,5.5514756,monthly_satellite_dca
2026-01-04,,EAST,SELL,2537.0,37.081450000000004,94075.63865000001,188.15127730000003,core_satellite_selection_exit
2026-01-04,,EMFD,SELL,9920.0,9.69515,96175.888,192.35177600000003,core_satellite_selection_exit
2026-01-04,,GBCO,SELL,4350.0,26.986500000000003,117391.27500000001,234.78255000000001,core_satellite_selection_exit
2026-01-04,,JUFO,SELL,2267.0,25.267360000000004,57281.10512000001,114.56221024000001,core_satellite_selection_exit
2026-01-04,,ORAS,SELL,258.0,429.785,110884.53000000001,221.76906000000002,core_satellite_selection_exit
2026-01-04,,PHDC,SELL,11463.0,8.605695,98647.081785,197.29416357,core_satellite_selection_exit
2026-01-04,STOCK,MCQE,SELL,1963.0,170.89451,335465.92313,670.93184626,stock_sleeve_trim
2026-01-04,STOCK,ARCC,SELL,25.0,50.7746,1269.365,2.53873,stock_sleeve_trim
2026-01-04,STOCK,ETEL,BUY,3312.0,65.80288499999999,217939.15511999995,440.8783102399999,stock_sleeve_rebalance_buy
2026-01-04,STOCK,TMGH,BUY,2723.0,80.03999999999999,217948.91999999998,440.89784,stock_sleeve_rebalance_buy
2026-01-04,STOCK,EGAL,BUY,287.0,235.61775,67622.29425,140.24458850000002,stock_sleeve_rebalance_buy
2026-01-04,STOCK,FWRY,BUY,4836.0,16.12806,77995.29816,160.99059632,stock_sleeve_rebalance_buy
2026-01-04,ETF,EGX30_ETF,BUY,7093.0,48.024,340634.232,681.268464,core_rebalance_cash_sweep
2026-02-01,ETF,EGX30_ETF,BUY,108.0,55.30764,5973.22512,11.94645024,monthly_core_dca
2026-02-01,STOCK,ETEL,BUY,8.0,78.53925,628.314,6.256628,monthly_satellite_dca
2026-02-01,STOCK,MCQE,BUY,3.0,167.433675,502.301025,6.00460205,monthly_satellite_dca
2026-02-01,STOCK,TMGH,BUY,7.0,86.533245,605.732715,6.2114654300000005,monthly_satellite_dca
2026-02-01,STOCK,EGAL,BUY,2.0,236.118,472.236,5.944472,monthly_satellite_dca
2026-02-01,STOCK,FWRY,BUY,38.0,17.14857,651.64566,6.30329132,monthly_satellite_dca
2026-02-01,STOCK,ARCC,BUY,14.0,46.423199999999994,649.9247999999999,6.2998496,monthly_satellite_dca
2026-03-01,ETF,EGX30_ETF,BUY,110.0,54.2271,5964.981,11.929962,monthly_core_dca
2026-03-01,STOCK,ETEL,BUY,7.0,92.836395,649.8547649999999,6.2997095299999994,monthly_satellite_dca
2026-03-01,STOCK,MCQE,BUY,3.0,193.706805,581.120415,6.16224083,monthly_satellite_dca
2026-03-01,STOCK,TMGH,BUY,7.0,87.14354999999999,610.0048499999999,6.2200097,monthly_satellite_dca
2026-03-01,STOCK,EGAL,BUY,2.0,229.1145,458.229,5.916458,monthly_satellite_dca
2026-03-01,STOCK,FWRY,BUY,35.0,18.459225,646.072875,6.2921457499999995,monthly_satellite_dca
2026-03-01,STOCK,ARCC,BUY,13.0,50.66532,658.64916,6.31729832,monthly_satellite_dca
2026-04-01,ETF,EGX30_ETF,BUY,115.0,51.775875,5954.225625,11.90845125,monthly_core_dca
2026-04-01,STOCK,ETEL,BUY,8.0,78.629295,629.03436,6.25806872,monthly_satellite_dca
2026-04-01,STOCK,MCQE,BUY,3.0,167.413665,502.240995,6.00448199,monthly_satellite_dca
2026-04-01,STOCK,TMGH,BUY,8.0,74.547255,596.37804,6.1927560800000006,monthly_satellite_dca
2026-04-01,STOCK,EGAL,BUY,2.0,302.151,604.302,6.208604,monthly_satellite_dca
2026-04-01,STOCK,FWRY,BUY,38.0,17.10855,650.1249,6.3002498,monthly_satellite_dca
2026-04-01,STOCK,ARCC,BUY,12.0,51.875924999999995,622.5110999999999,6.2450222,monthly_satellite_dca
