rank_composite,symbol,name,as_of_date,start_date,bars,close,ret_1m_pct,ret_3m_pct,ret_6m_pct,ret_12m_pct,vs_egx30_3m_pct,vs_egx30_6m_pct,close_vs_kama_pct,kama_slope_20_pct,adx14,atr14_pct,vol21_ann_pct,drawdown_252_pct,cci26,median_daily_value_63_egp,above_kama,kama_rising,vs_egx30_3m_pct_rank,vs_egx30_6m_pct_rank,ret_12m_pct_rank,median_daily_value_63_egp_rank,adx_norm,inv_atr_rank,inv_vol_rank,inv_dd_rank,trend_score_100,stability_score_100,composite_score_100,trend_state,regime_state,fundamentals_status,fundamental_score_100
1,OIH,Orascom Investment Holding,2026-04-09,2001-05-15,5945,1.43,20.168067226890752,23.275862068965523,26.54867256637168,169.81132075471695,10.543598555452016,-2.0399594182140657,13.0804651383702,8.479336622220046,45.01406303825739,2.756482802231077,23.735081947722055,-2.0547945205479423,107.43319110711886,97929497.96,True,True,0.7272727272727273,0.48484848484848486,0.9696969696969697,0.6363636363636364,1.0,0.8484848484848485,0.8181818181818182,0.9393939393939394,86.36363636363637,81.5151515151515,84.9090909090909,strong_uptrend,risk_on,not_available_in_local_price_dataset,
2,ARCC,Arabian Cement Company,2026-04-09,2014-05-18,2871,57.95,18.168841761827093,15.530303030303049,57.25915875169607,156.4159292035398,2.798039516789541,28.670526767110328,17.821190438976096,3.0701947150501674,35.65786623749161,3.261644788824157,37.032891097241524,0.0,170.44150217436956,25883567.38,True,True,0.5757575757575758,0.7878787878787878,0.9393939393939394,0.21212121212121213,0.8914466559372902,0.696969696969697,0.6060606060606061,1.0,85.79594226330178,63.333333333333336,79.05715958431125,strong_uptrend,risk_on,not_available_in_local_price_dataset,
3,ETEL,Telecom Egypt,2026-04-09,2005-12-08,4909,93.9,9.18604651162791,43.77583830960037,100.04260758414998,148.41269841269846,31.043574796086858,71.45397559956423,9.230708886553218,-1.826302702618976,21.424533131041482,3.40909774821669,44.77430881246308,-16.887944768985662,186.9164826292421,119206914.66000001,True,True,0.8787878787878788,0.9393939393939394,0.9090909090909091,0.696969696969697,0.535613328276037,0.5454545454545454,0.2727272727272727,0.24242424242424243,88.33723022717086,43.333333333333336,74.83606115901961,strong_uptrend,neutral_up,not_available_in_local_price_dataset,
4,ORAS,Orascom Construction PLC,2026-04-09,2015-03-11,2676,565.1,21.788793103448278,34.54441560915218,30.354547761297333,106.99633699633702,21.81215209563867,1.7659157767115907,21.53442046533989,2.942902345011289,22.546076139597332,3.4491518362232,42.347855621342816,-0.3350970017636623,246.88713166104438,141702120.0,True,True,0.8181818181818182,0.5757575757575758,0.8181818181818182,0.7575757575757576,0.5636519034899333,0.5151515151515151,0.3333333333333333,0.9696969696969697,80.72750582507628,60.0,74.5092540775534,strong_uptrend,risk_on,not_available_in_local_price_dataset,
5,RAYA,Raya Holding For Financial Investments,2026-04-09,2005-05-17,4991,5.22,-2.7932960893854775,44.99999999999999,83.80281690140845,120.253164556962,32.267736486486484,55.2141849168227,4.9289847139534215,1.9385785265520594,29.982080846709096,4.262782545109356,43.72382620178331,-10.463121783876506,-43.31788472964927,77463739.44000001,True,True,0.9090909090909091,0.8787878787878788,0.8484848484848485,0.48484848484848486,0.7495520211677273,0.12121212121212122,0.30303030303030304,0.5454545454545454,90.334189408425,33.333333333333336,73.23393258589749,strong_uptrend,neutral_up,not_available_in_local_price_dataset,
6,FWRY,Fawry For Banking Technology And Electronic Payment,2026-04-09,2019-08-08,1610,18.5,5.83524027459954,19.27788523533205,34.54545454545455,124.51456310679609,6.54562172181854,5.956822560868802,4.4648474678737005,-0.7377653169769682,14.691761861988041,3.3062155126610038,40.06019382690769,-10.15055852355512,209.47947524333472,191155097.32000002,True,True,0.696969696969697,0.6363636363636364,0.8787878787878788,0.8787878787878788,0.36729404654970105,0.6060606060606061,0.45454545454545453,0.5757575757575758,77.17607736491219,60.90909090909091,72.2959814281658,uptrend,risk_on,not_available_in_local_price_dataset,
7,MCQE,Misr Cement - Qena,2026-04-09,2004-04-08,5189,183.0,-1.1879049676025821,0.5605011539729698,160.23890784982936,645.4175152749491,-12.171762359540539,131.65027586524363,9.211791793284196,1.4622080996220532,13.34317091496655,3.268104984712695,23.263924692683673,-9.843334318652076,15.64355933250359,16090915.88,True,True,0.3333333333333333,1.0,1.0,0.09090909090909091,0.3335792728741637,0.6666666666666666,0.8484848484848485,0.6363636363636364,76.67035575977911,60.0,71.66924903184537,uptrend,risk_on,not_available_in_local_price_dataset,
8,CCAP,QALA For Financial Investments,2026-04-09,2009-12-06,3930,3.95,6.182795698924726,6.756756756756754,54.90196078431375,39.08450704225353,-5.975506756756754,26.31332879972801,10.567963309000206,4.425109760117163,30.849353595068692,3.6277439178309887,39.751107321063714,-3.658536585365846,96.79679679679676,263352918.64,True,True,0.45454545454545453,0.7575757575757576,0.6060606060606061,0.9393939393939394,0.7712338398767173,0.30303030303030304,0.48484848484848486,0.8787878787878788,76.1139621436053,60.00000000000001,71.2797735005237,strong_uptrend,neutral_up,not_available_in_local_price_dataset,
9,EGAL,Egypt Aluminum,2026-04-09,2001-06-10,5411,295.51,-2.4236420670298964,16.80237154150197,91.72776227859597,83.54658385093168,4.070108027988462,63.139130294010236,11.550395820136217,12.549797097726568,35.65810815493658,4.97321552679479,58.09470041245909,-8.736874613959245,20.965737447898697,100759041.17999999,True,True,0.6363636363636364,0.9090909090909091,0.7878787878787878,0.6666666666666666,0.8914527038734145,0.06060606060606061,0.030303030303030304,0.7272727272727273,86.55360873991938,30.606060606060606,69.76934429976174,strong_uptrend,neutral_up,not_available_in_local_price_dataset,
10,EFIH,E-finance For Digital and Financial Investments,2026-04-09,2021-10-20,1076,20.47,3.5407182599898723,15.977337110481592,65.0806451612903,27.142857142857135,3.2450735969680844,36.49201317670456,4.242336186110629,-4.717510629386757,29.43257352625577,3.539634703213521,39.72974494977059,-12.070446735395201,185.54069170535874,70814117.2,True,True,0.6060606060606061,0.8484848484848485,0.48484848484848486,0.42424242424242425,0.7358143381563942,0.36363636363636365,0.5151515151515151,0.42424242424242425,78.15842719355804,43.33333333333333,67.71089903549063,strong_uptrend,neutral_up,not_available_in_local_price_dataset,
11,ADIB,Abu Dhabi Islamic Bank- Egypt,2026-04-09,2001-05-16,5936,43.55,15.547890687184939,50.01722356183258,111.51044196211753,4.939759036144564,37.28496004831907,82.92180997753178,12.661055476984618,0.3066019356581684,17.158178048403638,3.5024280366588263,50.459561832058256,-4.285714285714293,243.44498189893835,82172990.39999999,True,True,0.9393939393939394,0.9696969696969697,0.21212121212121213,0.5454545454545454,0.42895445121009096,0.3939393939393939,0.12121212121212122,0.8484848484848485,77.94946828330289,43.33333333333333,67.56462779831202,uptrend,neutral_up,not_available_in_local_price_dataset,
12,ABUK,Abou Kir Fertilizers,2026-04-09,2001-05-15,5805,82.11,-5.620689655172417,64.21999999999998,59.498834498834505,33.51219512195123,51.48773648648648,30.910202514248763,6.44483784937151,9.345208447985055,23.291498891329443,5.057711446788363,56.070896876430375,-12.648936170212766,-20.759784490429976,163338656.25,True,True,1.0,0.8181818181818182,0.5757575757575758,0.8181818181818182,0.5822874722832361,0.030303030303030304,0.06060606060606061,0.36363636363636365,84.64340299333946,26.363636363636363,67.15947300442853,strong_uptrend,neutral_up,not_available_in_local_price_dataset,
13,VLMRA,Egyptian Kuwaiti Holding (EGP),2026-04-09,2021-09-19,1098,32.64,7.016393442622948,35.43568464730289,34.98759305210919,8.402524078379269,22.70342113378938,6.398961067523445,9.590537497628615,10.269863160044125,36.658302098946216,4.4390610780038635,49.446899472364,-5.391304347826087,47.45055128560068,83945434.32000001,True,True,0.8484848484848485,0.6666666666666666,0.30303030303030304,0.5757575757575758,0.9164575524736553,0.09090909090909091,0.15151515151515152,0.8181818181818182,80.26201480225635,35.151515151515156,66.728864907034,strong_uptrend,neutral_up,not_available_in_local_price_dataset,
14,TMGH,T M G Holding,2026-04-09,2007-11-28,4431,84.99,9.115419180896133,10.376623376623373,53.13513513513512,60.570564897033805,-2.355640136890136,24.54650315054938,3.58304527427864,-3.2609388632104386,25.557595463180533,3.6595705282253697,48.0801539784133,-11.808654145480968,239.24638302773252,241188749.65,True,True,0.48484848484848486,0.696969696969697,0.7272727272727273,0.9090909090909091,0.6389398865795133,0.24242424242424243,0.18181818181818182,0.48484848484848486,75.64470435929876,40.60606060606061,65.13311123332731,strong_uptrend,neutral_up,not_available_in_local_price_dataset,
15,ORHD,Orascom Development Egypt,2026-04-09,2001-05-16,4488,27.15,12.190082644628086,12.842892768079794,29.904306220095698,17.025862068965523,0.1106292545662857,1.315674235509956,7.9111769674217625,-0.14762975585627114,13.07017518034384,3.3744146582551453,36.4056345348904,-2.931712549159815,229.88179669030725,79036698.0,True,True,0.5454545454545454,0.5454545454545454,0.36363636363636365,0.5151515151515151,0.326754379508596,0.5757575757575758,0.6363636363636364,0.9090909090909091,64.44677023808347,64.84848484848484,64.56728462120388,uptrend,risk_on,not_available_in_local_price_dataset,
16,VLMR,Egyptian Kuwaiti Holding,2026-04-09,2001-05-16,6013,0.7,0.0,0.0,-4.109589041095896,-7.8947368421052655,-12.732263513513509,-32.69822102568164,2.0320231878494077,0.3789872842485442,34.61704752641001,0.7472209260065951,6.9494147389522585,-7.8947368421052655,-54.40956651719164,120288.7,True,True,0.30303030303030304,0.18181818181818182,0.09090909090909091,0.030303030303030304,0.8654261881602503,1.0,1.0,0.7575757575757576,58.13290797391891,75.75757575757576,63.420308309015965,strong_uptrend,risk_on,not_available_in_local_price_dataset,
17,RMDA,Tenth Of Ramadan Pharmaceutical Industries&Diagnostic-Rameda,2026-04-09,2019-12-11,1526,4.43,0.6818181818181612,34.24242424242425,8.312958435207829,5.2256532066508266,21.510160728910744,-20.275673549377913,3.258750459819537,2.2097755627493054,22.981913267834592,3.7947161859864535,37.16557600810603,-6.736842105263163,9.791666666666556,63577765.199999996,True,True,0.7878787878787878,0.30303030303030304,0.24242424242424243,0.3939393939393939,0.5745478316958648,0.21212121212121213,0.5757575757575758,0.7878787878787878,67.55761141483191,47.272727272727266,61.47214617220052,strong_uptrend,neutral_up,not_available_in_local_price_dataset,
18,HELI,Heliopolis Housing,2026-04-09,2001-05-15,5569,5.5,5.769230769230771,55.367231638418076,-45.32803180914513,-48.113207547169814,42.634968124904574,-73.91666379373088,2.6260413591093323,15.472888768918347,35.205190787566565,3.605071993307795,40.13826757782663,-53.310696095076395,-7.072036500833685,149950141.6,True,True,0.9696969696969697,0.030303030303030304,0.030303030303030304,0.7878787878787878,0.8801297696891641,0.3333333333333333,0.42424242424242425,0.030303030303030304,68.50497684836776,39.09090909090909,59.68075652113016,strong_uptrend,neutral_up,not_available_in_local_price_dataset,
19,AMOC,Alexandria Mineral Oils Company,2026-04-09,2005-09-29,4958,8.23,-6.583427922814988,18.417266187050352,10.026737967914446,6.056701030927836,5.685002673536843,-18.5618940166713,2.983220553348076,7.939656316813748,26.816173283599902,3.842338474814578,47.27828522633556,-12.260127931769727,-37.434981512815824,60041844.9,True,True,0.6666666666666666,0.3333333333333333,0.2727272727272727,0.3333333333333333,0.6704043320899975,0.18181818181818182,0.21212121212121213,0.3939393939393939,67.48030740559238,26.363636363636367,55.14530609300557,strong_uptrend,neutral_up,not_available_in_local_price_dataset,
20,EGX30_ETF,EGX30 ETF,2026-04-05,2015-01-15,1766,53.39,-1.3670792536486287,12.732263513513509,28.588631984585746,53.15547905909352,0.0,0.0,-1.3778873648332302,-1.099721325353964,33.697099272758045,3.11058360348011,24.140986830282266,-9.966273187183806,-23.395900755124313,2870111.7,False,False,0.5151515151515151,0.5151515151515151,0.6666666666666666,0.06060606060606061,0.8424274818189511,0.7575757575757576,0.7878787878787878,0.6060606060606061,40.6667152575873,59.696969696969695,46.37579158940201,downtrend,neutral_down,not_available_in_local_price_dataset,
21,COMI,Commercial International Bank-Egypt (CIB),2026-04-09,2001-05-15,6039,129.4,6.143876630301048,28.730600875447678,31.0379746835443,66.96774193548387,15.998337361934167,2.4493426989585565,-0.14287246210766824,-1.5174769409361688,18.666445740864116,3.486601769344009,51.70941945461275,-9.504161130148958,132.25313577088409,528508057.41999996,False,False,0.7575757575757576,0.6060606060606061,0.7575757575757576,0.9696969696969697,0.46666114352160293,0.42424242424242425,0.09090909090909091,0.6666666666666666,42.605977758884656,48.18181818181819,44.27872988576471,weak_ranging,neutral_down,not_available_in_local_price_dataset,
22,EGX30_INDEX,EGX30 Index,2018-06-27,1998-01-04,4999,16176.41,-2.8354557505885003,-5.204757456673425,10.177467317434651,19.897286443930383,-17.937020970186936,-18.41116466715109,-2.888870721111214,-4.038196285609452,20.708765160991273,1.2435606294084083,19.293545439068318,-11.908977095063033,-44.51381261070374,3287131185800.0,False,False,0.12121212121212122,0.36363636363636365,0.3939393939393939,1.0,0.5177191290247818,0.9696969696969697,0.9393939393939394,0.45454545454545453,21.553665723250518,86.36363636363637,40.99665691536627,downtrend,neutral_down,not_available_in_local_price_dataset,
23,HRHO,EFG Holding,2026-04-09,2001-05-15,5955,26.37,1.384083044982698,6.330645161290316,0.6488549618320683,-2.3333333333333317,-6.401618352223193,-27.939777022753674,-1.5188035569275615,-4.095662733415328,25.37187311895422,2.8743326544965853,33.768604287500395,-16.944881889763774,114.64723926380339,170143909.62,False,False,0.42424242424242425,0.21212121212121213,0.15151515151515152,0.8484848484848485,0.6342968279738554,0.7878787878787878,0.6666666666666666,0.21212121212121213,23.453846359001773,64.84848484848484,35.87223790584669,downtrend,neutral_down,not_available_in_local_price_dataset,
24,GBCO,GB Corp,2026-04-09,2007-07-05,4398,25.65,-0.15570260801869296,-1.3461538461538525,19.30232558139535,49.9123319696084,-14.07841735966736,-9.286306403190391,-0.815829676407398,-5.91011531333685,33.54514052415591,3.459478954965347,41.97745713168981,-19.314249764076752,34.008717616978956,72803799.25,False,False,0.18181818181818182,0.45454545454545453,0.6363636363636364,0.45454545454545453,0.8386285131038977,0.48484848484848486,0.36363636363636365,0.15151515151515152,32.57942769655847,37.57575757575758,34.0783266603182,downtrend,neutral_down,not_available_in_local_price_dataset,
25,ORWE,Oriental Weavers,2026-04-09,2001-05-15,5881,22.69,-1.3478260869565162,-0.9170305676855728,6.028037383177587,-7.614006514657968,-13.64929408119908,-22.560594601408155,-0.9970748144370267,-0.6468531002475908,16.152292810400567,2.143504341920949,16.09643245607986,-8.94863563402889,64.66603010048524,19319683.41,False,False,0.21212121212121213,0.2727272727272727,0.12121212121212122,0.15151515151515152,0.4038073202600142,0.9393939393939394,0.9696969696969697,0.696969696969697,16.208624955415363,74.24242424242425,33.61876474151803,weak_ranging,neutral_down,not_available_in_local_price_dataset,
26,PHDC,Palm Hills Development Company,2026-04-09,2008-03-16,4326,8.43,-3.657142857142859,-0.5896226415094463,15.479452054794528,28.899082568807334,-13.321886155022955,-13.109179929791214,-0.24882103822509993,-0.09884230284832318,22.007616091931855,3.6292200231299816,33.73515520617374,-13.44969199178645,-36.368122378485175,93111042.0,False,False,0.24242424242424243,0.42424242424242425,0.5151515151515151,0.6060606060606061,0.5501904022982964,0.2727272727272727,0.696969696969697,0.3333333333333333,27.192249973868385,47.878787878787875,33.39821134534423,downtrend,neutral_down,not_available_in_local_price_dataset,
27,EMFD,Emaar Misr for Development,2026-04-09,2015-07-05,2607,9.27,1.7563117453347932,-2.008456659619462,14.162561576354694,10.752688172043023,-14.74072017313297,-14.426070408231052,-1.3664459104001048,-0.4377417041261378,11.693359344585309,2.373425507554552,22.714991794911594,-10.521235521235518,88.90322580645167,19017587.84,False,False,0.15151515151515152,0.3939393939393939,0.3333333333333333,0.12121212121212122,0.2923339836146327,0.9090909090909091,0.9090909090909091,0.5151515151515151,18.32440369361343,67.27272727272727,33.00890076734758,weak_ranging,neutral_down,not_available_in_local_price_dataset,
28,ISPH,Ibnsina Pharma,2026-04-09,2017-12-12,2012,10.44,-3.512014787430695,-8.017621145374454,-4.83135824977211,56.287425149700596,-20.749884658887964,-33.419990234357854,-2.085473855373554,-3.7361888737562743,30.691961046185057,3.2822319935411874,37.97956445856986,-18.309859154929576,-12.931923922988544,63141930.879999995,False,False,0.06060606060606061,0.12121212121212122,0.696969696969697,0.36363636363636365,0.7672990261546264,0.6363636363636364,0.5454545454545454,0.18181818181818182,24.994333877167882,46.36363636363637,31.405124623108428,downtrend,neutral_down,not_available_in_local_price_dataset,
29,EAST,Eastern Company,2026-04-09,2001-05-15,5592,38.2,0.8181578252837163,6.111111111111112,-13.063268092853885,21.30835185773263,-6.621152402402397,-41.65190007743963,-0.06802383496729014,-2.097406301794691,32.89521175362356,3.226664391653756,45.345308434862694,-22.812689432208522,50.922617224457,41639658.480000004,False,False,0.3939393939393939,0.06060606060606061,0.42424242424242425,0.2727272727272727,0.8223802938405891,0.7272727272727273,0.24242424242424243,0.12121212121212122,27.48721955912399,36.969696969696976,30.331962782295882,downtrend,risk_off,not_available_in_local_price_dataset,
30,BFTH,Beltone Holding,2026-04-09,2008-09-10,3304,2.87,-2.3809523809523725,-15.339233038348087,-9.463722397476337,26.991150442477885,-28.071496551861596,-38.052354382062084,-6.049348915912045,-3.591942126668035,13.127049144055384,2.5653075846882243,23.253157026000466,-22.8494623655914,-50.637228504756116,123926325.4,False,False,0.030303030303030304,0.09090909090909091,0.45454545454545453,0.7272727272727273,0.3281762286013846,0.8787878787878788,0.8787878787878788,0.09090909090909091,13.710522216899559,69.0909090909091,30.324638279102416,weak_ranging,risk_off,not_available_in_local_price_dataset,
31,JUFO,Juhayna Food Industries,2026-04-09,2010-06-09,3746,26.6,0.37735849056603765,5.681366706396496,-4.693658187029737,-24.645892351274778,-7.050896807117013,-33.28229017161548,-0.8490554633567404,-4.337825410546237,25.674969931098754,2.872489014012719,32.327540145133604,-25.698324022346362,57.14883818296036,29811194.400000002,False,False,0.36363636363636365,0.15151515151515152,0.06060606060606061,0.24242424242424243,0.6418742482774689,0.8181818181818182,0.7272727272727273,0.06060606060606061,20.082659178707488,52.42424242424243,29.785134152367966,downtrend,risk_off,not_available_in_local_price_dataset,
32,EGCH,Egyptian Chemical Industries (KIMA),2026-04-09,2001-05-31,5354,11.3,-12.130637636080866,-5.833333333333323,0.9830205540661385,31.855309218203033,-18.565596846846834,-27.605611430519605,-4.73766247892653,-1.242793360916361,14.967711766414666,3.482501939902742,24.73478795810046,-14.909638554216853,-93.26286116983773,46884156.0,False,False,0.09090909090909091,0.24242424242424243,0.5454545454545454,0.30303030303030304,0.37419279416036666,0.45454545454545453,0.7575757575757576,0.2727272727272727,19.249255548769135,47.878787878787875,27.838115247774756,weak_ranging,neutral_down,not_available_in_local_price_dataset,
33,EFID,Edita Food Industries (EDITA),2026-04-09,2015-04-02,2459,27.7,0.727272727272732,-0.25207057976233127,54.7486033519553,1.0580080262677871,-12.98433409327584,26.15997136736956,-0.02434803642945571,-1.4130827517533473,16.155688432959394,4.035654434608783,41.6404576218932,-13.975155279503115,13.594054066727656,23789999.04,False,False,0.2727272727272727,0.7272727272727273,0.18181818181818182,0.18181818181818182,0.40389221082398485,0.15151515151515152,0.3939393939393939,0.30303030303030304,25.14929225326886,26.06060606060606,25.422686395470016,weak_ranging,neutral_down,not_available_in_local_price_dataset,
