date,open,high,low,close,volume,symbol,holding_name,weight
2021-09-19,24.81,29.73,23.62,24.28,915233,VLMRA,Valmore Holding-EGP,0.007
2021-09-20,24.28,25.29,23.27,24.17,311708,VLMRA,Valmore Holding-EGP,0.007
2021-09-21,24.17,25.28,23.47,23.64,458182,VLMRA,Valmore Holding-EGP,0.007
2021-09-22,23.64,24.19,23.64,23.97,451211,VLMRA,Valmore Holding-EGP,0.007
2021-09-23,23.97,24.52,23.97,24.23,229984,VLMRA,Valmore Holding-EGP,0.007
2021-09-26,24.23,26.99,24.02,25.48,612826,VLMRA,Valmore Holding-EGP,0.007
2021-09-27,25.48,25.52,24.17,24.29,658688,VLMRA,Valmore Holding-EGP,0.007
2021-09-28,24.29,24.54,24.05,24.29,110969,VLMRA,Valmore Holding-EGP,0.007
2021-09-29,24.29,24.57,23.62,24.49,31221,VLMRA,Valmore Holding-EGP,0.007
2021-09-30,24.49,24.49,23.63,24.29,366812,VLMRA,Valmore Holding-EGP,0.007
2021-10-03,24.29,24.29,23.9,24.17,152956,VLMRA,Valmore Holding-EGP,0.007
2021-10-04,24.17,24.17,24.05,24.17,313072,VLMRA,Valmore Holding-EGP,0.007
2021-10-05,24.17,24.49,23.71,24.16,752599,VLMRA,Valmore Holding-EGP,0.007
2021-10-06,24.16,24.46,24.1,24.29,1174635,VLMRA,Valmore Holding-EGP,0.007
2021-10-10,24.29,26.04,24.29,25.63,3385770,VLMRA,Valmore Holding-EGP,0.007
2021-10-11,25.63,25.64,25.36,25.62,1271184,VLMRA,Valmore Holding-EGP,0.007
2021-10-12,25.62,25.63,25.24,25.63,1842312,VLMRA,Valmore Holding-EGP,0.007
2021-10-13,25.63,25.97,25.23,25.65,3577569,VLMRA,Valmore Holding-EGP,0.007
2021-10-14,25.65,26.99,25.65,26.9,540428,VLMRA,Valmore Holding-EGP,0.007
2021-10-17,26.9,28.48,26.78,27.55,1645616,VLMRA,Valmore Holding-EGP,0.007
2021-10-18,27.55,28.61,27.07,27.24,531625,VLMRA,Valmore Holding-EGP,0.007
2021-10-19,27.24,28.72,27.24,28.17,799012,VLMRA,Valmore Holding-EGP,0.007
2021-10-20,28.17,28.72,28.0,28.18,447759,VLMRA,Valmore Holding-EGP,0.007
2021-10-24,28.18,29.61,28.18,29.32,373523,VLMRA,Valmore Holding-EGP,0.007
2021-10-25,29.32,29.55,27.68,28.7,408330,VLMRA,Valmore Holding-EGP,0.007
2021-10-26,28.7,30.06,28.33,29.43,852779,VLMRA,Valmore Holding-EGP,0.007
2021-10-27,29.43,29.67,28.07,28.55,71229,VLMRA,Valmore Holding-EGP,0.007
2021-10-28,28.55,29.46,28.33,28.85,163689,VLMRA,Valmore Holding-EGP,0.007
2021-10-31,28.85,29.38,27.32,27.92,1572581,VLMRA,Valmore Holding-EGP,0.007
2021-11-01,27.92,29.27,27.92,28.99,539145,VLMRA,Valmore Holding-EGP,0.007
2021-11-02,28.99,28.99,28.33,28.35,308065,VLMRA,Valmore Holding-EGP,0.007
2021-11-03,28.35,28.35,26.46,27.65,585625,VLMRA,Valmore Holding-EGP,0.007
2021-11-04,27.65,27.65,27.07,27.25,567037,VLMRA,Valmore Holding-EGP,0.007
2021-11-07,27.25,28.22,26.99,27.65,89281,VLMRA,Valmore Holding-EGP,0.007
2021-11-08,27.65,28.48,27.13,27.63,136593,VLMRA,Valmore Holding-EGP,0.007
2021-11-09,27.63,28.33,27.63,28.28,649553,VLMRA,Valmore Holding-EGP,0.007
2021-11-10,28.28,28.61,27.8,28.17,344744,VLMRA,Valmore Holding-EGP,0.007
2021-11-11,28.17,28.72,27.8,28.04,122757,VLMRA,Valmore Holding-EGP,0.007
2021-11-14,28.04,30.35,28.04,28.62,749870,VLMRA,Valmore Holding-EGP,0.007
2021-11-15,28.62,29.33,27.92,28.59,102956,VLMRA,Valmore Holding-EGP,0.007
2021-11-16,28.59,29.52,27.74,28.3,235047,VLMRA,Valmore Holding-EGP,0.007
2021-11-17,28.3,28.99,28.3,28.99,433718,VLMRA,Valmore Holding-EGP,0.007
2021-11-18,28.99,28.99,28.35,28.53,213996,VLMRA,Valmore Holding-EGP,0.007
2021-11-21,28.53,31.38,28.5,28.55,136488,VLMRA,Valmore Holding-EGP,0.007
2021-11-22,28.55,29.38,28.33,28.33,235519,VLMRA,Valmore Holding-EGP,0.007
2021-11-23,28.33,28.92,27.86,28.33,327777,VLMRA,Valmore Holding-EGP,0.007
2021-11-24,28.33,28.33,27.92,28.18,383679,VLMRA,Valmore Holding-EGP,0.007
2021-11-25,28.18,31.99,28.11,28.99,167652,VLMRA,Valmore Holding-EGP,0.007
2021-11-28,28.99,28.99,28.11,28.31,262132,VLMRA,Valmore Holding-EGP,0.007
2021-11-29,28.31,28.33,28.11,28.33,45867,VLMRA,Valmore Holding-EGP,0.007
2021-11-30,28.33,28.33,27.51,27.79,1672492,VLMRA,Valmore Holding-EGP,0.007
2021-12-01,27.79,27.8,27.65,27.8,254844,VLMRA,Valmore Holding-EGP,0.007
2021-12-02,27.8,28.06,27.65,27.86,62420,VLMRA,Valmore Holding-EGP,0.007
2021-12-05,27.86,28.18,27.44,27.65,6194141,VLMRA,Valmore Holding-EGP,0.007
2021-12-06,27.65,28.33,26.99,28.31,1223897,VLMRA,Valmore Holding-EGP,0.007
2021-12-07,28.31,28.31,27.6,28.29,60488,VLMRA,Valmore Holding-EGP,0.007
2021-12-08,28.29,28.33,27.65,28.33,236216,VLMRA,Valmore Holding-EGP,0.007
2021-12-09,28.33,28.33,28.11,28.29,12522016,VLMRA,Valmore Holding-EGP,0.007
2021-12-12,28.29,28.61,28.29,28.29,6672,VLMRA,Valmore Holding-EGP,0.007
2021-12-13,28.29,28.85,27.68,28.0,85110,VLMRA,Valmore Holding-EGP,0.007
2021-12-14,28.0,28.0,27.99,28.0,3781,VLMRA,Valmore Holding-EGP,0.007
2021-12-15,28.0,28.07,28.0,28.0,7282,VLMRA,Valmore Holding-EGP,0.007
2021-12-16,28.0,29.37,28.0,28.89,299435,VLMRA,Valmore Holding-EGP,0.007
2021-12-19,28.89,28.89,27.65,27.94,17714,VLMRA,Valmore Holding-EGP,0.007
2021-12-20,27.94,28.53,27.65,27.94,10005,VLMRA,Valmore Holding-EGP,0.007
2021-12-21,27.94,28.28,27.94,27.94,19,VLMRA,Valmore Holding-EGP,0.007
2021-12-22,27.94,28.16,26.32,27.32,379678,VLMRA,Valmore Holding-EGP,0.007
2021-12-23,27.32,27.65,26.49,26.69,113260,VLMRA,Valmore Holding-EGP,0.007
2021-12-26,26.69,27.65,26.51,26.87,285007,VLMRA,Valmore Holding-EGP,0.007
2021-12-27,26.87,27.32,26.46,26.83,29841,VLMRA,Valmore Holding-EGP,0.007
2021-12-28,26.83,28.33,26.83,27.62,612423,VLMRA,Valmore Holding-EGP,0.007
2021-12-29,27.62,27.62,26.37,26.82,166740,VLMRA,Valmore Holding-EGP,0.007
2021-12-30,26.82,27.27,26.51,26.51,1011620,VLMRA,Valmore Holding-EGP,0.007
2022-01-02,26.51,27.36,26.33,26.49,67806,VLMRA,Valmore Holding-EGP,0.007
2022-01-03,26.49,27.13,26.38,26.56,223790,VLMRA,Valmore Holding-EGP,0.007
2022-01-04,26.56,29.12,26.56,28.52,413028,VLMRA,Valmore Holding-EGP,0.007
2022-01-05,28.52,29.09,27.69,27.86,970705,VLMRA,Valmore Holding-EGP,0.007
2022-01-09,27.86,28.04,27.25,27.86,43002,VLMRA,Valmore Holding-EGP,0.007
2022-01-10,27.86,28.31,27.38,28.31,83932,VLMRA,Valmore Holding-EGP,0.007
2022-01-11,28.31,28.33,27.38,28.33,189210,VLMRA,Valmore Holding-EGP,0.007
2022-01-12,28.33,28.33,27.65,28.18,112702,VLMRA,Valmore Holding-EGP,0.007
2022-01-13,28.18,29.09,28.06,28.48,341661,VLMRA,Valmore Holding-EGP,0.007
2022-01-16,28.48,28.48,28.11,28.48,853,VLMRA,Valmore Holding-EGP,0.007
2022-01-17,28.48,28.71,28.18,28.33,740036,VLMRA,Valmore Holding-EGP,0.007
2022-01-18,28.33,28.48,27.94,28.18,28323,VLMRA,Valmore Holding-EGP,0.007
2022-01-19,28.18,28.18,27.92,28.06,27520,VLMRA,Valmore Holding-EGP,0.007
2022-01-20,28.06,28.29,27.65,28.29,889724,VLMRA,Valmore Holding-EGP,0.007
2022-01-23,28.29,28.29,27.25,27.63,96218,VLMRA,Valmore Holding-EGP,0.007
2022-01-24,27.63,27.65,27.26,27.63,284636,VLMRA,Valmore Holding-EGP,0.007
2022-01-25,27.63,28.16,27.07,27.65,264646,VLMRA,Valmore Holding-EGP,0.007
2022-01-26,27.65,28.33,27.38,28.33,179270,VLMRA,Valmore Holding-EGP,0.007
2022-01-30,28.33,28.33,27.53,28.33,1229,VLMRA,Valmore Holding-EGP,0.007
2022-01-31,28.33,28.33,27.65,28.11,411176,VLMRA,Valmore Holding-EGP,0.007
2022-02-01,28.11,28.11,27.65,27.8,101790,VLMRA,Valmore Holding-EGP,0.007
2022-02-02,27.8,27.92,27.8,27.92,930397,VLMRA,Valmore Holding-EGP,0.007
2022-02-03,27.92,28.13,27.92,27.92,263275,VLMRA,Valmore Holding-EGP,0.007
2022-02-06,27.92,28.29,27.67,27.82,20910,VLMRA,Valmore Holding-EGP,0.007
2022-02-07,27.82,28.06,27.65,27.94,784850,VLMRA,Valmore Holding-EGP,0.007
2022-02-08,27.94,28.0,27.67,27.7,2090693,VLMRA,Valmore Holding-EGP,0.007
2022-02-09,27.7,28.87,27.7,28.81,791077,VLMRA,Valmore Holding-EGP,0.007
2022-02-10,28.81,28.99,27.99,28.85,54272,VLMRA,Valmore Holding-EGP,0.007
2022-02-13,28.85,29.12,27.65,29.12,32394,VLMRA,Valmore Holding-EGP,0.007
2022-02-14,29.12,29.12,28.06,28.88,70415,VLMRA,Valmore Holding-EGP,0.007
2022-02-15,28.88,28.99,28.33,28.93,52838,VLMRA,Valmore Holding-EGP,0.007
2022-02-16,28.93,28.93,28.29,28.93,2200,VLMRA,Valmore Holding-EGP,0.007
2022-02-17,28.93,28.93,28.29,28.93,3800,VLMRA,Valmore Holding-EGP,0.007
2022-02-20,28.93,28.93,28.29,28.93,4418,VLMRA,Valmore Holding-EGP,0.007
2022-02-21,28.93,28.93,27.67,28.33,49265,VLMRA,Valmore Holding-EGP,0.007
2022-02-22,28.33,28.33,27.6,28.3,236262,VLMRA,Valmore Holding-EGP,0.007
2022-02-23,28.3,28.48,27.84,28.48,31181,VLMRA,Valmore Holding-EGP,0.007
2022-02-24,28.48,28.48,26.99,28.28,146799,VLMRA,Valmore Holding-EGP,0.007
2022-02-27,28.28,28.84,28.28,28.84,21018,VLMRA,Valmore Holding-EGP,0.007
2022-02-28,28.84,28.84,28.06,28.28,424061,VLMRA,Valmore Holding-EGP,0.007
2022-03-01,28.28,28.83,28.13,28.28,769,VLMRA,Valmore Holding-EGP,0.007
2022-03-02,28.28,28.83,28.18,28.33,433460,VLMRA,Valmore Holding-EGP,0.007
2022-03-03,28.33,29.08,28.33,28.84,364960,VLMRA,Valmore Holding-EGP,0.007
2022-03-06,28.84,29.09,27.82,28.07,113784,VLMRA,Valmore Holding-EGP,0.007
2022-03-07,28.07,28.18,27.52,28.17,334021,VLMRA,Valmore Holding-EGP,0.007
2022-03-08,28.17,28.17,26.69,27.51,1380671,VLMRA,Valmore Holding-EGP,0.007
2022-03-09,27.51,28.11,27.51,27.83,1458116,VLMRA,Valmore Holding-EGP,0.007
2022-03-10,27.83,28.33,27.38,28.33,1085290,VLMRA,Valmore Holding-EGP,0.007
2022-03-13,28.33,28.63,27.92,28.28,375033,VLMRA,Valmore Holding-EGP,0.007
2022-03-14,28.28,28.84,28.06,28.65,409413,VLMRA,Valmore Holding-EGP,0.007
2022-03-15,28.65,28.65,28.18,28.33,283131,VLMRA,Valmore Holding-EGP,0.007
2022-03-16,28.33,29.37,28.33,29.07,15224363,VLMRA,Valmore Holding-EGP,0.007
2022-03-17,29.07,29.07,28.38,28.89,1487813,VLMRA,Valmore Holding-EGP,0.007
2022-03-20,28.89,29.02,28.72,28.88,73553,VLMRA,Valmore Holding-EGP,0.007
2022-03-21,28.88,32.24,28.88,31.37,282914,VLMRA,Valmore Holding-EGP,0.007
2022-03-22,31.37,32.58,29.7,30.87,213441,VLMRA,Valmore Holding-EGP,0.007
2022-03-23,30.87,32.39,30.49,31.33,844581,VLMRA,Valmore Holding-EGP,0.007
2022-03-24,31.33,31.99,30.21,31.26,191162,VLMRA,Valmore Holding-EGP,0.007
2022-03-27,31.26,32.24,31.01,31.14,16064,VLMRA,Valmore Holding-EGP,0.007
2022-03-28,31.14,31.82,29.67,30.05,166540,VLMRA,Valmore Holding-EGP,0.007
2022-03-29,30.05,31.01,29.05,31.01,85171,VLMRA,Valmore Holding-EGP,0.007
2022-03-30,31.01,31.01,29.86,31.01,65118,VLMRA,Valmore Holding-EGP,0.007
2022-03-31,31.01,31.01,28.85,29.66,1285208,VLMRA,Valmore Holding-EGP,0.007
2022-04-03,29.66,31.01,29.24,31.01,1186522,VLMRA,Valmore Holding-EGP,0.007
2022-04-04,31.01,31.01,29.67,30.82,59410,VLMRA,Valmore Holding-EGP,0.007
2022-04-05,30.82,30.82,29.12,29.46,158854,VLMRA,Valmore Holding-EGP,0.007
2022-04-06,29.46,30.06,28.01,28.33,267398,VLMRA,Valmore Holding-EGP,0.007
2022-04-07,28.33,29.46,28.07,28.42,469932,VLMRA,Valmore Holding-EGP,0.007
2022-04-10,28.31,28.8,28.23,28.38,79136,VLMRA,Valmore Holding-EGP,0.007
2022-04-11,28.38,29.08,28.23,28.23,399562,VLMRA,Valmore Holding-EGP,0.007
2022-04-12,28.23,30.8,28.23,29.08,297290,VLMRA,Valmore Holding-EGP,0.007
2022-04-13,29.08,29.9,28.88,29.3,2226999,VLMRA,Valmore Holding-EGP,0.007
2022-04-14,29.3,30.24,28.87,28.89,2708768,VLMRA,Valmore Holding-EGP,0.007
2022-04-17,28.89,33.6,28.89,30.42,133377,VLMRA,Valmore Holding-EGP,0.007
2022-04-18,30.42,32.26,30.24,31.35,59460,VLMRA,Valmore Holding-EGP,0.007
2022-04-19,31.35,31.35,28.68,28.89,94378,VLMRA,Valmore Holding-EGP,0.007
2022-04-20,28.89,30.15,28.89,29.92,152665,VLMRA,Valmore Holding-EGP,0.007
2022-04-21,29.92,29.92,29.58,29.92,313064,VLMRA,Valmore Holding-EGP,0.007
2022-04-26,29.92,31.85,28.92,31.37,189149,VLMRA,Valmore Holding-EGP,0.007
2022-04-27,31.37,31.37,30.48,31.19,170055,VLMRA,Valmore Holding-EGP,0.007
2022-04-28,31.19,31.59,30.92,31.59,2859366,VLMRA,Valmore Holding-EGP,0.007
2022-05-08,31.59,32.26,29.61,31.59,75593,VLMRA,Valmore Holding-EGP,0.007
2022-05-09,31.59,32.18,30.24,32.18,105642,VLMRA,Valmore Holding-EGP,0.007
2022-05-10,32.18,32.18,30.92,31.35,122653,VLMRA,Valmore Holding-EGP,0.007
2022-05-11,31.35,32.28,31.35,31.97,325254,VLMRA,Valmore Holding-EGP,0.007
2022-05-12,31.97,32.26,30.92,31.59,265486,VLMRA,Valmore Holding-EGP,0.007
2022-05-15,31.59,31.59,30.92,31.14,109018,VLMRA,Valmore Holding-EGP,0.007
2022-05-16,31.14,31.45,30.49,31.38,798015,VLMRA,Valmore Holding-EGP,0.007
2022-05-17,31.38,33.35,31.38,31.79,158099,VLMRA,Valmore Holding-EGP,0.007
2022-05-18,31.21,31.55,30.95,31.31,343954,VLMRA,Valmore Holding-EGP,0.007
2022-05-19,31.31,33.66,30.15,32.21,1234356,VLMRA,Valmore Holding-EGP,0.007
2022-05-22,32.21,32.45,31.46,31.57,9703,VLMRA,Valmore Holding-EGP,0.007
2022-05-23,31.57,32.32,31.17,31.99,79732,VLMRA,Valmore Holding-EGP,0.007
2022-05-24,31.99,31.99,30.62,30.98,1186268,VLMRA,Valmore Holding-EGP,0.007
2022-05-25,30.98,31.54,29.69,30.78,132212,VLMRA,Valmore Holding-EGP,0.007
2022-05-26,30.78,30.86,29.85,30.78,351181,VLMRA,Valmore Holding-EGP,0.007
2022-05-29,30.78,30.78,30.35,30.35,59751,VLMRA,Valmore Holding-EGP,0.007
2022-05-30,30.35,30.83,29.96,30.34,731241,VLMRA,Valmore Holding-EGP,0.007
2022-05-31,30.34,31.61,30.34,31.05,1755795,VLMRA,Valmore Holding-EGP,0.007
2022-06-01,30.8,31.25,30.16,31.25,182351,VLMRA,Valmore Holding-EGP,0.007
2022-06-02,31.25,31.25,30.61,30.87,244196,VLMRA,Valmore Holding-EGP,0.007
2022-06-05,30.87,30.89,30.53,30.87,9427,VLMRA,Valmore Holding-EGP,0.007
2022-06-06,30.87,30.87,30.74,30.75,83577,VLMRA,Valmore Holding-EGP,0.007
2022-06-07,30.75,31.14,30.09,31.14,272323,VLMRA,Valmore Holding-EGP,0.007
2022-06-08,31.14,31.25,30.64,31.11,97481,VLMRA,Valmore Holding-EGP,0.007
2022-06-09,31.11,31.14,30.61,31.01,136526,VLMRA,Valmore Holding-EGP,0.007
2022-06-12,31.01,31.01,30.13,30.21,74672,VLMRA,Valmore Holding-EGP,0.007
2022-06-13,30.21,30.21,29.42,29.83,159106,VLMRA,Valmore Holding-EGP,0.007
2022-06-14,29.83,30.75,29.42,30.5,650341,VLMRA,Valmore Holding-EGP,0.007
2022-06-15,29.53,29.53,28.63,29.03,1116647,VLMRA,Valmore Holding-EGP,0.007
2022-06-16,29.03,29.03,28.03,28.17,1360367,VLMRA,Valmore Holding-EGP,0.007
2022-06-19,28.17,28.85,28.14,28.29,105205,VLMRA,Valmore Holding-EGP,0.007
2022-06-20,28.29,28.49,27.91,28.04,158710,VLMRA,Valmore Holding-EGP,0.007
2022-06-21,28.04,28.81,27.41,27.69,597607,VLMRA,Valmore Holding-EGP,0.007
2022-06-22,27.69,27.69,26.93,27.53,162518,VLMRA,Valmore Holding-EGP,0.007
2022-06-23,27.53,27.53,26.6,27.09,185502,VLMRA,Valmore Holding-EGP,0.007
2022-06-26,27.09,27.27,26.59,27.09,9977,VLMRA,Valmore Holding-EGP,0.007
2022-06-27,27.09,27.09,25.97,26.16,30053,VLMRA,Valmore Holding-EGP,0.007
2022-06-28,26.16,26.16,24.07,26.0,1164879,VLMRA,Valmore Holding-EGP,0.007
2022-06-29,26.0,26.33,25.97,26.33,60270,VLMRA,Valmore Holding-EGP,0.007
2022-07-03,26.33,26.33,25.31,26.33,599196,VLMRA,Valmore Holding-EGP,0.007
2022-07-04,26.33,26.59,25.63,25.97,56296,VLMRA,Valmore Holding-EGP,0.007
2022-07-05,25.97,26.28,25.44,25.95,373094,VLMRA,Valmore Holding-EGP,0.007
2022-07-06,25.95,26.52,25.38,25.61,311864,VLMRA,Valmore Holding-EGP,0.007
2022-07-07,25.61,25.97,25.38,25.97,271583,VLMRA,Valmore Holding-EGP,0.007
2022-07-17,25.97,25.97,25.31,25.64,36820,VLMRA,Valmore Holding-EGP,0.007
2022-07-18,25.64,26.59,25.51,26.59,37150,VLMRA,Valmore Holding-EGP,0.007
2022-07-19,26.59,28.49,25.84,27.18,991308,VLMRA,Valmore Holding-EGP,0.007
2022-07-20,27.18,27.19,26.1,27.19,421243,VLMRA,Valmore Holding-EGP,0.007
2022-07-21,27.19,27.85,26.96,27.21,294521,VLMRA,Valmore Holding-EGP,0.007
2022-07-24,27.21,27.21,26.63,26.96,29374,VLMRA,Valmore Holding-EGP,0.007
2022-07-25,26.96,27.05,26.7,26.77,21659,VLMRA,Valmore Holding-EGP,0.007
2022-07-26,26.77,27.17,26.73,27.09,452634,VLMRA,Valmore Holding-EGP,0.007
2022-07-27,26.69,26.82,26.48,26.82,331956,VLMRA,Valmore Holding-EGP,0.007
2022-07-28,26.82,27.97,26.31,27.97,16861,VLMRA,Valmore Holding-EGP,0.007
2022-07-31,27.97,27.97,26.87,27.97,1175,VLMRA,Valmore Holding-EGP,0.007
2022-08-01,27.97,27.97,26.73,27.97,10310,VLMRA,Valmore Holding-EGP,0.007
2022-08-02,27.97,27.97,26.97,27.97,3334,VLMRA,Valmore Holding-EGP,0.007
2022-08-03,27.97,27.97,26.84,27.44,55323,VLMRA,Valmore Holding-EGP,0.007
2022-08-04,27.44,31.2,27.35,30.6,1180675,VLMRA,Valmore Holding-EGP,0.007
2022-08-07,30.6,30.62,29.98,30.6,866303,VLMRA,Valmore Holding-EGP,0.007
2022-08-08,30.6,30.6,28.83,30.6,9269,VLMRA,Valmore Holding-EGP,0.007
2022-08-09,30.6,30.6,29.38,29.8,16926,VLMRA,Valmore Holding-EGP,0.007
2022-08-10,29.8,29.97,29.7,29.8,6360,VLMRA,Valmore Holding-EGP,0.007
2022-08-11,29.8,30.38,29.41,29.81,107076,VLMRA,Valmore Holding-EGP,0.007
2022-08-14,29.81,30.58,29.02,29.15,160592,VLMRA,Valmore Holding-EGP,0.007
2022-08-15,29.15,29.78,28.47,29.45,16799,VLMRA,Valmore Holding-EGP,0.007
2022-08-16,29.45,29.62,29.02,29.33,111070,VLMRA,Valmore Holding-EGP,0.007
2022-08-17,25.98,26.52,25.92,26.47,991763,VLMRA,Valmore Holding-EGP,0.007
2022-08-18,26.47,26.8,26.2,26.52,377293,VLMRA,Valmore Holding-EGP,0.007
2022-08-21,26.52,26.52,26.09,26.23,129502,VLMRA,Valmore Holding-EGP,0.007
2022-08-22,26.23,26.4,24.31,26.23,1119546,VLMRA,Valmore Holding-EGP,0.007
2022-08-23,26.23,26.3,24.69,25.97,608160,VLMRA,Valmore Holding-EGP,0.007
2022-08-24,25.97,26.83,25.63,25.67,720681,VLMRA,Valmore Holding-EGP,0.007
2022-08-25,25.67,26.77,25.67,26.6,168317,VLMRA,Valmore Holding-EGP,0.007
2022-08-28,26.6,26.6,25.66,26.52,59164,VLMRA,Valmore Holding-EGP,0.007
2022-08-29,26.52,27.08,25.44,26.89,314299,VLMRA,Valmore Holding-EGP,0.007
2022-08-30,26.89,26.89,25.57,26.89,32520,VLMRA,Valmore Holding-EGP,0.007
2022-08-31,26.84,27.01,26.49,26.84,1610,VLMRA,Valmore Holding-EGP,0.007
2022-09-01,26.84,26.84,25.95,26.32,99676,VLMRA,Valmore Holding-EGP,0.007
2022-09-04,26.32,26.84,26.32,26.52,153009,VLMRA,Valmore Holding-EGP,0.007
2022-09-05,26.52,26.84,26.11,26.15,2064301,VLMRA,Valmore Holding-EGP,0.007
2022-09-06,26.15,26.69,25.98,26.47,74438,VLMRA,Valmore Holding-EGP,0.007
2022-09-07,26.47,26.49,26.01,26.47,11009,VLMRA,Valmore Holding-EGP,0.007
2022-09-08,26.47,26.47,25.95,26.47,11206,VLMRA,Valmore Holding-EGP,0.007
2022-09-11,26.47,26.59,25.95,26.03,68087,VLMRA,Valmore Holding-EGP,0.007
2022-09-12,26.03,26.49,25.59,26.49,785944,VLMRA,Valmore Holding-EGP,0.007
2022-09-13,26.49,26.49,25.83,25.94,331944,VLMRA,Valmore Holding-EGP,0.007
2022-09-14,25.94,25.94,24.59,25.25,3302391,VLMRA,Valmore Holding-EGP,0.007
2022-09-15,25.25,25.34,24.01,24.01,696667,VLMRA,Valmore Holding-EGP,0.007
2022-09-18,24.01,25.0,23.55,23.68,2295761,VLMRA,Valmore Holding-EGP,0.007
2022-09-19,23.68,24.06,22.41,23.55,424450,VLMRA,Valmore Holding-EGP,0.007
2022-09-20,23.55,24.28,22.9,23.71,344252,VLMRA,Valmore Holding-EGP,0.007
2022-09-21,23.65,24.12,23.44,23.79,155744,VLMRA,Valmore Holding-EGP,0.007
2022-09-22,23.79,24.18,23.79,23.85,68199,VLMRA,Valmore Holding-EGP,0.007
2022-09-25,23.85,24.62,23.67,24.54,76806,VLMRA,Valmore Holding-EGP,0.007
2022-09-26,24.54,26.1,24.54,25.58,758006,VLMRA,Valmore Holding-EGP,0.007
2022-09-27,25.58,25.58,25.31,25.32,12662,VLMRA,Valmore Holding-EGP,0.007
2022-09-28,25.32,25.87,25.2,25.31,34161,VLMRA,Valmore Holding-EGP,0.007
2022-09-29,25.31,25.88,25.31,25.76,483237,VLMRA,Valmore Holding-EGP,0.007
2022-10-02,25.76,25.76,24.67,25.2,1006942,VLMRA,Valmore Holding-EGP,0.007
2022-10-03,25.2,25.84,25.2,25.32,125718,VLMRA,Valmore Holding-EGP,0.007
2022-10-04,25.32,25.65,25.31,25.53,604056,VLMRA,Valmore Holding-EGP,0.007
2022-10-05,25.4,25.67,25.4,25.4,116848,VLMRA,Valmore Holding-EGP,0.007
2022-10-09,25.4,25.63,25.18,25.4,5463,VLMRA,Valmore Holding-EGP,0.007
2022-10-10,25.4,25.62,25.18,25.19,797739,VLMRA,Valmore Holding-EGP,0.007
2022-10-11,25.19,25.46,25.18,25.19,65010,VLMRA,Valmore Holding-EGP,0.007
2022-10-12,25.19,25.19,24.1,25.18,192384,VLMRA,Valmore Holding-EGP,0.007
2022-10-13,25.18,25.29,24.63,25.12,72475,VLMRA,Valmore Holding-EGP,0.007
2022-10-16,25.12,25.67,25.12,25.18,529536,VLMRA,Valmore Holding-EGP,0.007
2022-10-17,25.18,25.46,25.18,25.28,871551,VLMRA,Valmore Holding-EGP,0.007
2022-10-18,25.28,25.46,24.97,25.13,184822,VLMRA,Valmore Holding-EGP,0.007
2022-10-19,24.5,24.81,24.46,24.78,419890,VLMRA,Valmore Holding-EGP,0.007
2022-10-20,24.78,25.08,24.59,24.9,162753,VLMRA,Valmore Holding-EGP,0.007
2022-10-23,24.9,25.29,23.48,23.96,316085,VLMRA,Valmore Holding-EGP,0.007
2022-10-24,23.96,24.7,23.73,24.69,109704,VLMRA,Valmore Holding-EGP,0.007
2022-10-25,24.69,24.85,24.36,24.69,81244,VLMRA,Valmore Holding-EGP,0.007
2022-10-26,24.69,25.13,24.69,25.07,1021742,VLMRA,Valmore Holding-EGP,0.007
2022-10-27,25.07,28.81,24.88,27.5,1138199,VLMRA,Valmore Holding-EGP,0.007
2022-10-30,27.5,28.81,26.67,28.71,512615,VLMRA,Valmore Holding-EGP,0.007
2022-10-31,28.71,28.81,27.43,28.37,305927,VLMRA,Valmore Holding-EGP,0.007
2022-11-01,28.37,28.81,27.88,28.71,789943,VLMRA,Valmore Holding-EGP,0.007
2022-11-02,28.71,29.01,27.75,27.75,132158,VLMRA,Valmore Holding-EGP,0.007
2022-11-03,27.75,28.81,27.32,28.81,98377,VLMRA,Valmore Holding-EGP,0.007
2022-11-06,28.81,28.81,26.89,27.61,146417,VLMRA,Valmore Holding-EGP,0.007
2022-11-07,27.61,28.5,27.61,28.36,225323,VLMRA,Valmore Holding-EGP,0.007
2022-11-08,28.36,28.61,27.48,27.67,363960,VLMRA,Valmore Holding-EGP,0.007
2022-11-09,27.65,27.98,27.41,27.73,413400,VLMRA,Valmore Holding-EGP,0.007
2022-11-10,27.73,28.9,27.73,28.79,302507,VLMRA,Valmore Holding-EGP,0.007
2022-11-13,28.79,31.88,28.28,30.16,429466,VLMRA,Valmore Holding-EGP,0.007
2022-11-14,30.16,31.82,29.79,29.85,333549,VLMRA,Valmore Holding-EGP,0.007
2022-11-15,29.85,30.72,29.81,30.33,292519,VLMRA,Valmore Holding-EGP,0.007
2022-11-16,30.33,30.84,30.33,30.63,128708,VLMRA,Valmore Holding-EGP,0.007
2022-11-17,30.63,30.92,30.33,30.39,287127,VLMRA,Valmore Holding-EGP,0.007
2022-11-20,30.39,31.44,30.23,31.08,4163676,VLMRA,Valmore Holding-EGP,0.007
2022-11-21,31.08,31.43,30.57,31.27,221568,VLMRA,Valmore Holding-EGP,0.007
2022-11-22,31.27,31.34,30.92,31.29,541844,VLMRA,Valmore Holding-EGP,0.007
2022-11-23,31.29,31.61,31.04,31.45,214514,VLMRA,Valmore Holding-EGP,0.007
2022-11-24,31.45,31.88,30.92,31.05,92774,VLMRA,Valmore Holding-EGP,0.007
2022-11-27,31.05,31.87,31.02,31.67,79720,VLMRA,Valmore Holding-EGP,0.007
2022-11-28,31.67,32.15,31.23,31.32,1467575,VLMRA,Valmore Holding-EGP,0.007
2022-11-29,31.32,31.83,31.32,31.76,629356,VLMRA,Valmore Holding-EGP,0.007
2022-11-30,31.76,33.05,31.56,32.52,601867,VLMRA,Valmore Holding-EGP,0.007
2022-12-01,32.52,39.02,32.25,35.8,707675,VLMRA,Valmore Holding-EGP,0.007
2022-12-04,35.8,37.29,35.8,36.73,108283,VLMRA,Valmore Holding-EGP,0.007
2022-12-05,36.73,38.14,36.63,37.63,88289,VLMRA,Valmore Holding-EGP,0.007
2022-12-06,37.63,38.31,36.9,37.78,164430,VLMRA,Valmore Holding-EGP,0.007
2022-12-07,37.78,38.38,35.45,36.89,1335999,VLMRA,Valmore Holding-EGP,0.007
2022-12-08,36.89,37.85,36.8,37.31,668318,VLMRA,Valmore Holding-EGP,0.007
2022-12-11,37.31,38.06,36.29,36.29,196576,VLMRA,Valmore Holding-EGP,0.007
2022-12-12,36.29,37.75,36.26,37.31,260454,VLMRA,Valmore Holding-EGP,0.007
2022-12-13,37.31,38.38,37.01,37.96,518196,VLMRA,Valmore Holding-EGP,0.007
2022-12-14,37.96,39.46,37.87,38.37,2448832,VLMRA,Valmore Holding-EGP,0.007
2022-12-15,38.37,39.02,36.26,36.26,592261,VLMRA,Valmore Holding-EGP,0.007
2022-12-18,36.26,36.8,35.23,35.52,119207,VLMRA,Valmore Holding-EGP,0.007
2022-12-19,35.52,36.53,33.48,33.87,1251593,VLMRA,Valmore Holding-EGP,0.007
2022-12-20,33.87,34.85,31.99,32.75,552769,VLMRA,Valmore Holding-EGP,0.007
2022-12-21,32.75,33.56,32.01,32.52,577337,VLMRA,Valmore Holding-EGP,0.007
2022-12-22,32.52,34.65,32.52,33.83,1374738,VLMRA,Valmore Holding-EGP,0.007
2022-12-25,33.83,34.11,32.57,32.62,172683,VLMRA,Valmore Holding-EGP,0.007
2022-12-26,32.62,33.8,32.62,33.17,81662,VLMRA,Valmore Holding-EGP,0.007
2022-12-27,33.17,34.35,33.17,33.58,547423,VLMRA,Valmore Holding-EGP,0.007
2022-12-28,33.35,34.32,33.05,33.39,154318,VLMRA,Valmore Holding-EGP,0.007
2022-12-29,33.39,34.57,33.09,33.37,255204,VLMRA,Valmore Holding-EGP,0.007
2023-01-02,33.37,34.56,33.37,34.52,490210,VLMRA,Valmore Holding-EGP,0.007
2023-01-03,34.52,34.96,34.09,34.69,757723,VLMRA,Valmore Holding-EGP,0.007
2023-01-04,34.12,36.46,33.12,36.46,3911603,VLMRA,Valmore Holding-EGP,0.007
2023-01-05,36.46,37.5,35.83,36.46,2476057,VLMRA,Valmore Holding-EGP,0.007
2023-01-09,36.46,37.22,35.42,36.25,441431,VLMRA,Valmore Holding-EGP,0.007
2023-01-10,36.25,36.66,34.95,35.68,252200,VLMRA,Valmore Holding-EGP,0.007
2023-01-11,35.68,38.12,35.46,38.02,973950,VLMRA,Valmore Holding-EGP,0.007
2023-01-12,38.02,38.32,36.92,37.25,327053,VLMRA,Valmore Holding-EGP,0.007
2023-01-15,37.25,37.6,37.25,37.45,186004,VLMRA,Valmore Holding-EGP,0.007
2023-01-16,37.45,37.7,37.13,37.5,178457,VLMRA,Valmore Holding-EGP,0.007
2023-01-17,37.5,37.81,36.97,37.14,337567,VLMRA,Valmore Holding-EGP,0.007
2023-01-18,37.14,37.45,36.0,37.02,383806,VLMRA,Valmore Holding-EGP,0.007
2023-01-19,37.02,37.39,36.46,36.47,407722,VLMRA,Valmore Holding-EGP,0.007
2023-01-22,36.47,36.97,36.14,36.65,139961,VLMRA,Valmore Holding-EGP,0.007
2023-01-23,36.65,37.02,35.32,36.13,2154151,VLMRA,Valmore Holding-EGP,0.007
2023-01-24,36.13,36.13,35.42,35.54,317493,VLMRA,Valmore Holding-EGP,0.007
2023-01-25,35.54,36.84,35.54,36.46,806611,VLMRA,Valmore Holding-EGP,0.007
2023-01-29,36.46,36.77,35.93,36.33,109237,VLMRA,Valmore Holding-EGP,0.007
2023-01-30,36.33,37.39,36.13,36.42,182571,VLMRA,Valmore Holding-EGP,0.007
2023-01-31,36.42,36.96,36.24,36.46,310918,VLMRA,Valmore Holding-EGP,0.007
2023-02-01,36.46,36.87,35.74,36.46,293349,VLMRA,Valmore Holding-EGP,0.007
2023-02-02,36.46,37.05,34.97,35.48,691099,VLMRA,Valmore Holding-EGP,0.007
2023-02-05,35.48,36.29,34.88,35.21,688802,VLMRA,Valmore Holding-EGP,0.007
2023-02-06,35.21,36.02,35.05,35.22,165884,VLMRA,Valmore Holding-EGP,0.007
2023-02-07,35.22,35.81,35.0,35.31,302854,VLMRA,Valmore Holding-EGP,0.007
2023-02-08,35.31,37.5,35.01,35.93,854205,VLMRA,Valmore Holding-EGP,0.007
2023-02-09,35.93,36.83,35.42,36.2,521685,VLMRA,Valmore Holding-EGP,0.007
2023-02-12,36.2,36.36,35.53,35.97,376350,VLMRA,Valmore Holding-EGP,0.007
2023-02-13,35.97,36.36,35.83,35.93,601489,VLMRA,Valmore Holding-EGP,0.007
2023-02-14,35.93,36.36,35.83,35.95,127850,VLMRA,Valmore Holding-EGP,0.007
2023-02-15,35.95,36.46,35.95,36.14,574209,VLMRA,Valmore Holding-EGP,0.007
2023-02-16,36.14,37.18,36.14,37.15,498362,VLMRA,Valmore Holding-EGP,0.007
2023-02-19,37.15,37.58,35.93,36.26,1215638,VLMRA,Valmore Holding-EGP,0.007
2023-02-20,36.26,36.46,34.87,34.98,478943,VLMRA,Valmore Holding-EGP,0.007
2023-02-21,34.98,35.9,34.87,35.57,215563,VLMRA,Valmore Holding-EGP,0.007
2023-02-22,35.57,35.9,33.25,34.86,198912,VLMRA,Valmore Holding-EGP,0.007
2023-02-23,34.86,36.97,34.86,36.61,333489,VLMRA,Valmore Holding-EGP,0.007
2023-02-26,36.61,38.42,36.61,38.19,518424,VLMRA,Valmore Holding-EGP,0.007
2023-02-27,38.19,38.41,37.81,38.01,1591567,VLMRA,Valmore Holding-EGP,0.007
2023-02-28,38.01,38.12,36.63,37.26,300092,VLMRA,Valmore Holding-EGP,0.007
2023-03-01,37.26,37.5,36.97,37.18,1858803,VLMRA,Valmore Holding-EGP,0.007
2023-03-02,37.18,37.61,37.14,37.49,337096,VLMRA,Valmore Holding-EGP,0.007
2023-03-05,37.49,38.02,37.31,37.5,185795,VLMRA,Valmore Holding-EGP,0.007
2023-03-06,37.5,37.89,36.49,36.57,125513,VLMRA,Valmore Holding-EGP,0.007
2023-03-07,36.57,36.97,36.26,36.46,579488,VLMRA,Valmore Holding-EGP,0.007
2023-03-08,36.46,36.8,35.88,35.93,955647,VLMRA,Valmore Holding-EGP,0.007
2023-03-09,35.93,37.5,35.93,37.35,96173,VLMRA,Valmore Holding-EGP,0.007
2023-03-12,37.35,37.95,36.19,37.62,248067,VLMRA,Valmore Holding-EGP,0.007
2023-03-13,37.62,38.12,36.56,36.98,1237225,VLMRA,Valmore Holding-EGP,0.007
2023-03-14,36.98,37.48,36.41,36.97,324072,VLMRA,Valmore Holding-EGP,0.007
2023-03-15,36.97,37.36,35.68,35.94,723468,VLMRA,Valmore Holding-EGP,0.007
2023-03-16,35.94,37.23,35.62,36.26,1058905,VLMRA,Valmore Holding-EGP,0.007
2023-03-19,36.26,37.07,36.2,36.46,112946,VLMRA,Valmore Holding-EGP,0.007
2023-03-20,36.46,36.97,36.3,36.39,475211,VLMRA,Valmore Holding-EGP,0.007
2023-03-21,36.39,37.17,36.24,36.79,1131681,VLMRA,Valmore Holding-EGP,0.007
2023-03-22,36.79,38.22,36.38,37.89,613706,VLMRA,Valmore Holding-EGP,0.007
2023-03-23,37.89,42.18,37.34,41.67,1998803,VLMRA,Valmore Holding-EGP,0.007
2023-03-26,41.67,42.17,40.67,41.63,251599,VLMRA,Valmore Holding-EGP,0.007
2023-03-27,41.63,41.66,39.85,40.26,342709,VLMRA,Valmore Holding-EGP,0.007
2023-03-28,40.26,41.71,39.78,41.66,682732,VLMRA,Valmore Holding-EGP,0.007
2023-03-29,41.66,48.96,41.66,45.82,1288153,VLMRA,Valmore Holding-EGP,0.007
2023-03-30,45.82,48.42,44.88,45.63,966538,VLMRA,Valmore Holding-EGP,0.007
2023-04-02,45.63,46.66,44.68,44.78,65213,VLMRA,Valmore Holding-EGP,0.007
2023-04-03,44.78,46.31,44.78,45.74,273687,VLMRA,Valmore Holding-EGP,0.007
2023-04-04,45.74,45.74,44.83,45.39,675438,VLMRA,Valmore Holding-EGP,0.007
2023-04-05,45.39,45.66,44.78,44.78,232472,VLMRA,Valmore Holding-EGP,0.007
2023-04-06,44.78,44.78,43.12,43.12,681907,VLMRA,Valmore Holding-EGP,0.007
2023-04-09,43.12,46.33,43.12,45.8,689285,VLMRA,Valmore Holding-EGP,0.007
2023-04-10,45.8,47.38,45.31,46.84,1247819,VLMRA,Valmore Holding-EGP,0.007
2023-04-11,46.84,47.37,45.93,46.33,920281,VLMRA,Valmore Holding-EGP,0.007
2023-04-12,46.33,46.33,40.35,42.07,7160647,VLMRA,Valmore Holding-EGP,0.007
2023-04-13,42.07,43.52,41.95,43.42,621708,VLMRA,Valmore Holding-EGP,0.007
2023-04-18,43.42,46.85,42.7,45.81,515124,VLMRA,Valmore Holding-EGP,0.007
2023-04-19,45.81,46.85,45.3,45.73,356818,VLMRA,Valmore Holding-EGP,0.007
2023-04-26,45.73,45.82,44.68,45.22,226997,VLMRA,Valmore Holding-EGP,0.007
2023-04-27,45.22,45.93,44.88,45.71,137196,VLMRA,Valmore Holding-EGP,0.007
2023-04-30,45.71,46.44,44.42,44.57,333988,VLMRA,Valmore Holding-EGP,0.007
2023-05-01,44.57,44.88,42.54,42.6,346043,VLMRA,Valmore Holding-EGP,0.007
2023-05-02,42.6,43.71,42.59,43.49,91473,VLMRA,Valmore Holding-EGP,0.007
2023-05-03,43.49,44.26,43.43,43.85,466414,VLMRA,Valmore Holding-EGP,0.007
2023-05-07,43.11,43.51,41.97,43.46,59355,VLMRA,Valmore Holding-EGP,0.007
2023-05-08,43.46,45.25,43.31,45.05,458190,VLMRA,Valmore Holding-EGP,0.007
2023-05-09,45.05,45.17,44.02,44.05,165670,VLMRA,Valmore Holding-EGP,0.007
2023-05-10,44.05,44.64,43.1,44.1,168327,VLMRA,Valmore Holding-EGP,0.007
2023-05-11,44.1,44.59,43.41,43.65,262453,VLMRA,Valmore Holding-EGP,0.007
2023-05-14,43.65,44.02,41.67,42.36,391124,VLMRA,Valmore Holding-EGP,0.007
2023-05-15,42.36,43.36,41.97,41.97,474590,VLMRA,Valmore Holding-EGP,0.007
2023-05-16,41.97,42.19,41.47,41.93,1100273,VLMRA,Valmore Holding-EGP,0.007
2023-05-17,41.93,41.97,40.44,40.72,127523,VLMRA,Valmore Holding-EGP,0.007
2023-05-18,40.72,42.08,40.44,41.97,945291,VLMRA,Valmore Holding-EGP,0.007
2023-05-21,41.97,42.19,40.76,41.73,68897,VLMRA,Valmore Holding-EGP,0.007
2023-05-22,41.73,41.97,40.62,40.88,321710,VLMRA,Valmore Holding-EGP,0.007
2023-05-23,40.88,41.47,39.88,40.44,85631,VLMRA,Valmore Holding-EGP,0.007
2023-05-24,40.44,41.25,40.44,40.97,100057,VLMRA,Valmore Holding-EGP,0.007
2023-05-25,40.97,41.42,40.75,40.96,366585,VLMRA,Valmore Holding-EGP,0.007
2023-05-28,40.96,41.3,40.54,40.92,138113,VLMRA,Valmore Holding-EGP,0.007
2023-05-29,40.92,40.96,39.52,40.23,429811,VLMRA,Valmore Holding-EGP,0.007
2023-05-30,40.23,40.96,40.14,40.75,152398,VLMRA,Valmore Holding-EGP,0.007
2023-05-31,40.75,41.16,39.91,40.08,1344137,VLMRA,Valmore Holding-EGP,0.007
2023-06-01,40.08,40.8,39.78,40.25,247459,VLMRA,Valmore Holding-EGP,0.007
2023-06-04,40.25,40.75,39.52,39.52,164729,VLMRA,Valmore Holding-EGP,0.007
2023-06-05,39.52,40.14,38.86,38.91,810238,VLMRA,Valmore Holding-EGP,0.007
2023-06-06,38.91,39.31,37.37,37.68,344162,VLMRA,Valmore Holding-EGP,0.007
2023-06-07,37.68,38.19,36.06,36.38,940035,VLMRA,Valmore Holding-EGP,0.007
2023-06-08,36.38,38.71,35.66,36.59,686002,VLMRA,Valmore Holding-EGP,0.007
2023-06-11,36.59,38.39,36.59,36.88,185209,VLMRA,Valmore Holding-EGP,0.007
2023-06-12,36.88,37.89,36.88,37.23,32661,VLMRA,Valmore Holding-EGP,0.007
2023-06-13,37.23,38.66,36.14,36.51,1108243,VLMRA,Valmore Holding-EGP,0.007
2023-06-14,36.51,38.39,36.51,36.91,404433,VLMRA,Valmore Holding-EGP,0.007
2023-06-15,36.91,37.58,36.86,37.35,251932,VLMRA,Valmore Holding-EGP,0.007
2023-06-18,37.35,37.84,37.32,37.48,104918,VLMRA,Valmore Holding-EGP,0.007
2023-06-19,37.48,37.58,36.66,36.85,318734,VLMRA,Valmore Holding-EGP,0.007
2023-06-20,36.85,37.15,36.46,36.57,240243,VLMRA,Valmore Holding-EGP,0.007
2023-06-21,36.57,36.8,35.66,35.86,302425,VLMRA,Valmore Holding-EGP,0.007
2023-06-22,35.86,36.29,35.74,35.89,300197,VLMRA,Valmore Holding-EGP,0.007
2023-06-25,35.89,36.04,35.62,35.65,105360,VLMRA,Valmore Holding-EGP,0.007
2023-06-26,35.65,36.36,35.64,36.36,298288,VLMRA,Valmore Holding-EGP,0.007
2023-07-04,36.36,36.83,36.36,36.64,70480,VLMRA,Valmore Holding-EGP,0.007
2023-07-05,36.64,38.29,36.51,38.22,279491,VLMRA,Valmore Holding-EGP,0.007
2023-07-06,38.22,38.26,36.48,36.74,476140,VLMRA,Valmore Holding-EGP,0.007
2023-07-09,36.74,36.86,33.78,34.73,170015,VLMRA,Valmore Holding-EGP,0.007
2023-07-10,34.73,37.26,34.73,37.05,177828,VLMRA,Valmore Holding-EGP,0.007
2023-07-11,37.05,37.37,35.95,37.31,117368,VLMRA,Valmore Holding-EGP,0.007
2023-07-12,37.31,37.37,36.87,37.34,39647,VLMRA,Valmore Holding-EGP,0.007
2023-07-13,37.34,37.99,36.96,37.89,228357,VLMRA,Valmore Holding-EGP,0.007
2023-07-16,37.89,39.82,37.89,38.58,499545,VLMRA,Valmore Holding-EGP,0.007
2023-07-17,38.58,39.37,38.58,38.99,154389,VLMRA,Valmore Holding-EGP,0.007
2023-07-18,38.99,39.16,38.51,38.68,96554,VLMRA,Valmore Holding-EGP,0.007
2023-07-19,38.68,38.9,38.29,38.32,39015,VLMRA,Valmore Holding-EGP,0.007
2023-07-24,38.32,38.34,36.86,37.11,678548,VLMRA,Valmore Holding-EGP,0.007
2023-07-25,37.11,37.77,36.98,37.38,256983,VLMRA,Valmore Holding-EGP,0.007
2023-07-26,37.38,37.67,36.91,37.0,147396,VLMRA,Valmore Holding-EGP,0.007
2023-07-27,37.0,37.43,36.91,36.97,308818,VLMRA,Valmore Holding-EGP,0.007
2023-07-30,36.97,37.32,36.71,36.74,166864,VLMRA,Valmore Holding-EGP,0.007
2023-07-31,36.74,37.32,36.74,37.18,182918,VLMRA,Valmore Holding-EGP,0.007
2023-08-01,37.18,37.36,36.91,36.91,135907,VLMRA,Valmore Holding-EGP,0.007
2023-08-02,36.91,37.21,36.81,36.87,166769,VLMRA,Valmore Holding-EGP,0.007
2023-08-03,36.87,37.14,36.67,36.76,307125,VLMRA,Valmore Holding-EGP,0.007
2023-08-06,36.76,37.1,36.76,37.03,40749,VLMRA,Valmore Holding-EGP,0.007
2023-08-07,37.03,37.27,36.86,37.16,34396,VLMRA,Valmore Holding-EGP,0.007
2023-08-08,37.16,37.88,36.97,37.21,77794,VLMRA,Valmore Holding-EGP,0.007
2023-08-09,37.21,37.57,36.88,36.92,95928,VLMRA,Valmore Holding-EGP,0.007
2023-08-10,36.92,37.17,36.91,36.92,40986,VLMRA,Valmore Holding-EGP,0.007
2023-08-13,36.92,37.12,36.82,36.87,170456,VLMRA,Valmore Holding-EGP,0.007
2023-08-14,36.87,37.57,36.87,37.38,139227,VLMRA,Valmore Holding-EGP,0.007
2023-08-15,37.38,37.57,36.9,37.22,194261,VLMRA,Valmore Holding-EGP,0.007
2023-08-16,37.22,38.39,37.0,38.38,504596,VLMRA,Valmore Holding-EGP,0.007
2023-08-17,38.38,38.66,37.38,37.89,1298965,VLMRA,Valmore Holding-EGP,0.007
2023-08-20,37.89,38.19,37.44,37.58,35269,VLMRA,Valmore Holding-EGP,0.007
2023-08-21,37.58,37.87,36.86,36.97,86928,VLMRA,Valmore Holding-EGP,0.007
2023-08-22,36.97,37.37,36.96,37.07,46322,VLMRA,Valmore Holding-EGP,0.007
2023-08-23,37.07,37.48,37.07,37.38,90893,VLMRA,Valmore Holding-EGP,0.007
2023-08-24,37.38,38.04,37.37,37.9,111126,VLMRA,Valmore Holding-EGP,0.007
2023-08-27,37.9,38.4,37.89,38.39,209239,VLMRA,Valmore Holding-EGP,0.007
2023-08-28,38.39,39.42,37.8,37.88,1340350,VLMRA,Valmore Holding-EGP,0.007
2023-08-29,37.88,38.08,37.38,37.48,191573,VLMRA,Valmore Holding-EGP,0.007
2023-08-30,37.48,37.88,37.43,37.52,41955,VLMRA,Valmore Holding-EGP,0.007
2023-08-31,37.52,37.87,37.37,37.37,189521,VLMRA,Valmore Holding-EGP,0.007
2023-09-03,37.37,37.68,37.37,37.44,17668,VLMRA,Valmore Holding-EGP,0.007
2023-09-04,37.44,37.62,37.37,37.45,58604,VLMRA,Valmore Holding-EGP,0.007
2023-09-05,37.45,37.68,36.86,37.37,309611,VLMRA,Valmore Holding-EGP,0.007
2023-09-06,37.37,37.89,37.37,37.69,321597,VLMRA,Valmore Holding-EGP,0.007
2023-09-07,37.69,38.66,37.37,38.38,938857,VLMRA,Valmore Holding-EGP,0.007
2023-09-10,38.38,39.11,38.34,38.91,247948,VLMRA,Valmore Holding-EGP,0.007
2023-09-11,38.91,39.01,38.62,38.63,5946413,VLMRA,Valmore Holding-EGP,0.007
2023-09-12,38.63,39.0,38.49,38.91,339948,VLMRA,Valmore Holding-EGP,0.007
2023-09-13,38.91,38.91,38.39,38.62,47170,VLMRA,Valmore Holding-EGP,0.007
2023-09-14,38.62,38.9,38.11,38.15,186225,VLMRA,Valmore Holding-EGP,0.007
2023-09-17,38.15,39.88,38.15,39.73,197900,VLMRA,Valmore Holding-EGP,0.007
2023-09-18,39.73,39.73,39.28,39.32,500260,VLMRA,Valmore Holding-EGP,0.007
2023-09-19,39.32,39.71,38.39,38.48,88340,VLMRA,Valmore Holding-EGP,0.007
2023-09-20,38.48,39.59,38.48,39.03,634814,VLMRA,Valmore Holding-EGP,0.007
2023-09-21,39.03,43.0,38.91,42.49,2609982,VLMRA,Valmore Holding-EGP,0.007
2023-09-24,42.49,44.01,41.37,41.71,971569,VLMRA,Valmore Holding-EGP,0.007
2023-09-25,41.71,42.34,41.71,42.14,125079,VLMRA,Valmore Holding-EGP,0.007
2023-09-26,42.14,42.29,40.96,41.4,429592,VLMRA,Valmore Holding-EGP,0.007
2023-09-27,41.4,41.82,40.7,40.85,656777,VLMRA,Valmore Holding-EGP,0.007
2023-10-01,40.85,42.26,40.85,41.96,996440,VLMRA,Valmore Holding-EGP,0.007
2023-10-02,41.96,42.49,40.85,41.85,1016977,VLMRA,Valmore Holding-EGP,0.007
2023-10-03,41.85,41.85,40.12,40.96,604196,VLMRA,Valmore Holding-EGP,0.007
2023-10-04,40.96,42.48,40.44,41.97,725154,VLMRA,Valmore Holding-EGP,0.007
2023-10-08,41.97,41.97,40.75,41.48,880508,VLMRA,Valmore Holding-EGP,0.007
2023-10-09,41.48,41.97,41.27,41.49,838365,VLMRA,Valmore Holding-EGP,0.007
2023-10-10,41.49,41.85,41.31,41.47,252980,VLMRA,Valmore Holding-EGP,0.007
2023-10-11,41.47,43.21,41.36,42.87,725003,VLMRA,Valmore Holding-EGP,0.007
2023-10-12,42.87,45.05,42.5,44.92,790009,VLMRA,Valmore Holding-EGP,0.007
2023-10-15,44.92,47.56,44.92,47.5,1470201,VLMRA,Valmore Holding-EGP,0.007
2023-10-16,47.5,52.71,46.58,50.19,1477105,VLMRA,Valmore Holding-EGP,0.007
2023-10-17,50.19,55.19,50.18,53.36,1111166,VLMRA,Valmore Holding-EGP,0.007
2023-10-18,53.36,54.26,49.15,49.24,1799878,VLMRA,Valmore Holding-EGP,0.007
2023-10-19,49.24,50.05,48.12,48.38,700630,VLMRA,Valmore Holding-EGP,0.007
2023-10-22,48.38,51.4,47.81,50.14,692422,VLMRA,Valmore Holding-EGP,0.007
2023-10-23,50.14,51.08,49.19,49.87,146623,VLMRA,Valmore Holding-EGP,0.007
2023-10-24,49.87,50.68,48.95,49.66,253343,VLMRA,Valmore Holding-EGP,0.007
2023-10-25,49.66,57.34,49.2,54.9,525068,VLMRA,Valmore Holding-EGP,0.007
2023-10-26,54.9,55.74,52.73,53.76,252615,VLMRA,Valmore Holding-EGP,0.007
2023-10-29,53.76,55.25,52.8,53.83,261641,VLMRA,Valmore Holding-EGP,0.007
2023-10-30,53.83,53.83,51.19,52.22,345123,VLMRA,Valmore Holding-EGP,0.007
2023-10-31,52.22,53.24,47.93,49.04,2877123,VLMRA,Valmore Holding-EGP,0.007
2023-11-01,49.04,50.14,48.22,48.3,1339922,VLMRA,Valmore Holding-EGP,0.007
2023-11-02,48.3,49.66,48.3,48.77,34803,VLMRA,Valmore Holding-EGP,0.007
2023-11-05,48.77,49.71,48.77,49.44,83949,VLMRA,Valmore Holding-EGP,0.007
2023-11-06,49.44,49.96,48.95,49.64,1021370,VLMRA,Valmore Holding-EGP,0.007
2023-11-07,49.64,49.76,48.63,48.63,131875,VLMRA,Valmore Holding-EGP,0.007
2023-11-08,48.63,49.15,48.07,48.3,321389,VLMRA,Valmore Holding-EGP,0.007
2023-11-09,48.3,49.76,48.3,48.85,1211935,VLMRA,Valmore Holding-EGP,0.007
2023-11-12,48.85,49.56,48.63,49.05,97387,VLMRA,Valmore Holding-EGP,0.007
2023-11-13,49.05,49.56,47.87,47.89,80692,VLMRA,Valmore Holding-EGP,0.007
2023-11-14,47.89,49.13,47.89,48.09,472211,VLMRA,Valmore Holding-EGP,0.007
2023-11-15,48.09,48.63,47.7,47.91,66413,VLMRA,Valmore Holding-EGP,0.007
2023-11-16,47.91,48.63,47.74,48.63,586729,VLMRA,Valmore Holding-EGP,0.007
2023-11-19,48.63,49.66,48.63,49.26,323612,VLMRA,Valmore Holding-EGP,0.007
2023-11-20,49.26,51.71,46.12,47.66,445474,VLMRA,Valmore Holding-EGP,0.007
2023-11-21,47.66,48.61,47.66,48.2,57318,VLMRA,Valmore Holding-EGP,0.007
2023-11-22,48.2,49.31,47.81,48.14,247469,VLMRA,Valmore Holding-EGP,0.007
2023-11-23,48.14,48.93,47.95,48.04,145509,VLMRA,Valmore Holding-EGP,0.007
2023-11-26,48.04,48.63,47.71,48.58,105414,VLMRA,Valmore Holding-EGP,0.007
2023-11-27,48.58,48.58,47.72,47.8,322426,VLMRA,Valmore Holding-EGP,0.007
2023-11-28,47.8,48.27,46.28,47.09,395655,VLMRA,Valmore Holding-EGP,0.007
2023-11-29,47.09,47.45,44.95,45.56,12907670,VLMRA,Valmore Holding-EGP,0.007
2023-11-30,45.56,46.57,45.56,45.66,592495,VLMRA,Valmore Holding-EGP,0.007
2023-12-03,45.66,46.05,43.72,44.92,609606,VLMRA,Valmore Holding-EGP,0.007
2023-12-04,44.92,45.97,44.72,44.92,237611,VLMRA,Valmore Holding-EGP,0.007
2023-12-05,44.92,45.84,44.04,44.21,554935,VLMRA,Valmore Holding-EGP,0.007
2023-12-06,44.21,44.92,42.6,42.78,271316,VLMRA,Valmore Holding-EGP,0.007
2023-12-07,42.78,44.02,42.3,43.83,352222,VLMRA,Valmore Holding-EGP,0.007
2023-12-10,43.83,44.02,43.21,43.6,369203,VLMRA,Valmore Holding-EGP,0.007
2023-12-11,43.6,43.6,41.82,42.72,320753,VLMRA,Valmore Holding-EGP,0.007
2023-12-12,42.72,44.64,42.08,44.07,503232,VLMRA,Valmore Holding-EGP,0.007
2023-12-13,44.07,44.69,43.73,43.93,358104,VLMRA,Valmore Holding-EGP,0.007
2023-12-14,43.93,44.64,42.19,42.19,1953854,VLMRA,Valmore Holding-EGP,0.007
2023-12-17,42.19,43.15,42.19,42.96,139824,VLMRA,Valmore Holding-EGP,0.007
2023-12-18,42.96,43.97,42.95,43.04,172691,VLMRA,Valmore Holding-EGP,0.007
2023-12-19,43.04,43.77,42.9,43.09,179725,VLMRA,Valmore Holding-EGP,0.007
2023-12-20,43.09,43.35,42.49,43.0,132299,VLMRA,Valmore Holding-EGP,0.007
2023-12-21,43.0,43.26,40.24,40.8,827047,VLMRA,Valmore Holding-EGP,0.007
2023-12-24,40.8,41.16,40.07,40.39,1010876,VLMRA,Valmore Holding-EGP,0.007
2023-12-25,40.39,40.69,39.6,39.91,292802,VLMRA,Valmore Holding-EGP,0.007
2023-12-26,39.91,40.13,39.02,39.26,826759,VLMRA,Valmore Holding-EGP,0.007
2023-12-27,39.26,39.62,38.86,39.01,3066934,VLMRA,Valmore Holding-EGP,0.007
2023-12-28,39.01,40.44,39.01,40.04,1532528,VLMRA,Valmore Holding-EGP,0.007
2023-12-31,40.04,41.61,40.04,41.24,490622,VLMRA,Valmore Holding-EGP,0.007
2024-01-02,41.24,41.87,41.24,41.72,1303334,VLMRA,Valmore Holding-EGP,0.007
2024-01-03,41.72,41.91,40.97,41.36,515723,VLMRA,Valmore Holding-EGP,0.007
2024-01-04,41.36,41.77,41.16,41.37,801998,VLMRA,Valmore Holding-EGP,0.007
2024-01-08,41.37,41.72,41.21,41.36,125271,VLMRA,Valmore Holding-EGP,0.007
2024-01-09,41.36,42.18,41.21,41.83,723677,VLMRA,Valmore Holding-EGP,0.007
2024-01-10,41.83,42.39,41.42,42.09,1278061,VLMRA,Valmore Holding-EGP,0.007
2024-01-11,42.09,43.0,41.98,42.63,427712,VLMRA,Valmore Holding-EGP,0.007
2024-01-14,42.63,43.26,42.63,42.85,662179,VLMRA,Valmore Holding-EGP,0.007
2024-01-15,42.85,42.99,42.64,42.71,603673,VLMRA,Valmore Holding-EGP,0.007
2024-01-16,42.71,45.45,42.71,45.45,1395256,VLMRA,Valmore Holding-EGP,0.007
2024-01-17,45.45,45.81,44.34,44.46,296160,VLMRA,Valmore Holding-EGP,0.007
2024-01-18,44.46,47.08,44.46,45.77,832388,VLMRA,Valmore Holding-EGP,0.007
2024-01-21,45.77,48.47,45.77,48.46,1555608,VLMRA,Valmore Holding-EGP,0.007
2024-01-22,48.46,48.73,47.6,48.12,811780,VLMRA,Valmore Holding-EGP,0.007
2024-01-23,48.12,48.12,46.17,46.83,872504,VLMRA,Valmore Holding-EGP,0.007
2024-01-24,46.83,47.7,46.12,47.26,292996,VLMRA,Valmore Holding-EGP,0.007
2024-01-28,47.26,51.4,47.2,51.19,1410692,VLMRA,Valmore Holding-EGP,0.007
2024-01-29,51.19,53.23,50.19,51.19,1635064,VLMRA,Valmore Holding-EGP,0.007
2024-01-30,51.19,55.79,51.19,54.3,1269525,VLMRA,Valmore Holding-EGP,0.007
2024-01-31,54.3,55.16,49.41,49.41,1859188,VLMRA,Valmore Holding-EGP,0.007
2024-02-01,49.41,50.68,43.51,45.31,1831451,VLMRA,Valmore Holding-EGP,0.007
2024-02-04,45.31,46.94,44.03,44.34,1576102,VLMRA,Valmore Holding-EGP,0.007
2024-02-05,44.34,50.63,43.44,50.0,23774356,VLMRA,Valmore Holding-EGP,0.007
2024-02-06,50.0,56.11,50.0,51.71,3552732,VLMRA,Valmore Holding-EGP,0.007
2024-02-07,51.71,54.78,50.89,52.22,2342431,VLMRA,Valmore Holding-EGP,0.007
2024-02-08,52.22,54.74,51.21,54.61,1142302,VLMRA,Valmore Holding-EGP,0.007
2024-02-11,54.61,54.61,50.0,53.21,1226065,VLMRA,Valmore Holding-EGP,0.007
2024-02-12,53.21,53.21,49.98,51.22,943506,VLMRA,Valmore Holding-EGP,0.007
2024-02-13,51.22,53.19,50.68,51.09,680174,VLMRA,Valmore Holding-EGP,0.007
2024-02-14,51.09,52.7,50.75,51.19,667046,VLMRA,Valmore Holding-EGP,0.007
2024-02-15,51.19,52.43,51.05,52.22,728126,VLMRA,Valmore Holding-EGP,0.007
2024-02-18,52.22,54.47,52.22,53.24,1177708,VLMRA,Valmore Holding-EGP,0.007
2024-02-19,53.24,54.57,52.74,54.25,577147,VLMRA,Valmore Holding-EGP,0.007
2024-02-20,54.25,54.26,52.84,53.19,303630,VLMRA,Valmore Holding-EGP,0.007
2024-02-21,53.19,53.21,51.83,52.84,514110,VLMRA,Valmore Holding-EGP,0.007
2024-02-22,52.84,53.24,46.07,52.22,394940,VLMRA,Valmore Holding-EGP,0.007
2024-02-25,52.22,52.22,44.95,45.92,1758804,VLMRA,Valmore Holding-EGP,0.007
2024-02-26,45.92,48.11,45.05,45.05,1025232,VLMRA,Valmore Holding-EGP,0.007
2024-02-27,45.05,47.1,45.05,45.97,1184765,VLMRA,Valmore Holding-EGP,0.007
2024-02-28,45.97,48.55,45.89,47.1,1029168,VLMRA,Valmore Holding-EGP,0.007
2024-02-29,47.1,47.2,44.6,46.07,1228943,VLMRA,Valmore Holding-EGP,0.007
2024-03-03,46.07,46.17,44.64,45.87,681083,VLMRA,Valmore Holding-EGP,0.007
2024-03-04,45.87,49.15,45.08,48.07,458159,VLMRA,Valmore Holding-EGP,0.007
2024-03-05,48.07,48.11,45.66,45.82,808501,VLMRA,Valmore Holding-EGP,0.007
2024-03-06,45.82,49.13,45.28,45.86,708085,VLMRA,Valmore Holding-EGP,0.007
2024-03-07,45.86,48.6,44.74,48.07,1548510,VLMRA,Valmore Holding-EGP,0.007
2024-03-10,48.07,49.09,45.56,46.06,1351351,VLMRA,Valmore Holding-EGP,0.007
2024-03-11,46.06,46.58,44.05,44.4,1548146,VLMRA,Valmore Holding-EGP,0.007
2024-03-12,44.4,45.05,41.49,42.9,1841887,VLMRA,Valmore Holding-EGP,0.007
2024-03-13,42.9,43.49,41.15,42.48,1913450,VLMRA,Valmore Holding-EGP,0.007
2024-03-14,42.48,42.99,39.21,39.21,1081010,VLMRA,Valmore Holding-EGP,0.007
2024-03-17,39.21,41.97,39.21,40.96,1711320,VLMRA,Valmore Holding-EGP,0.007
2024-03-18,40.96,42.38,39.62,39.83,717920,VLMRA,Valmore Holding-EGP,0.007
2024-03-19,39.83,42.19,39.83,41.03,8420527,VLMRA,Valmore Holding-EGP,0.007
2024-03-20,41.03,42.78,41.03,41.61,230493,VLMRA,Valmore Holding-EGP,0.007
2024-03-21,41.61,42.49,40.96,41.72,235096,VLMRA,Valmore Holding-EGP,0.007
2024-03-24,41.72,42.34,40.26,40.96,338268,VLMRA,Valmore Holding-EGP,0.007
2024-03-25,40.96,41.36,40.75,40.99,117152,VLMRA,Valmore Holding-EGP,0.007
2024-03-26,40.99,41.87,40.96,40.96,5255130,VLMRA,Valmore Holding-EGP,0.007
2024-03-27,40.96,40.96,39.62,39.96,148373,VLMRA,Valmore Holding-EGP,0.007
2024-03-28,39.96,40.64,39.42,39.93,139803,VLMRA,Valmore Holding-EGP,0.007
2024-03-31,39.93,40.14,37.01,37.26,236936,VLMRA,Valmore Holding-EGP,0.007
2024-04-01,37.26,39.93,37.26,38.62,572805,VLMRA,Valmore Holding-EGP,0.007
2024-04-02,38.62,39.41,38.62,38.9,128034,VLMRA,Valmore Holding-EGP,0.007
2024-04-03,38.9,38.9,37.54,37.92,167815,VLMRA,Valmore Holding-EGP,0.007
2024-04-04,37.92,38.49,37.52,37.58,759278,VLMRA,Valmore Holding-EGP,0.007
2024-04-07,37.58,38.33,37.58,38.21,254117,VLMRA,Valmore Holding-EGP,0.007
2024-04-08,38.21,39.82,37.99,39.73,1025840,VLMRA,Valmore Holding-EGP,0.007
2024-04-15,39.73,40.81,39.52,40.76,1125515,VLMRA,Valmore Holding-EGP,0.007
2024-04-16,40.76,42.42,40.54,42.28,634195,VLMRA,Valmore Holding-EGP,0.007
2024-04-17,42.28,44.21,41.62,42.81,857257,VLMRA,Valmore Holding-EGP,0.007
2024-04-18,42.81,43.4,40.44,40.96,605446,VLMRA,Valmore Holding-EGP,0.007
2024-04-21,40.96,41.95,40.96,41.57,304049,VLMRA,Valmore Holding-EGP,0.007
2024-04-22,41.57,41.87,40.65,40.7,423411,VLMRA,Valmore Holding-EGP,0.007
2024-04-23,40.7,41.46,39.62,39.83,755043,VLMRA,Valmore Holding-EGP,0.007
2024-04-24,39.83,40.44,38.86,39.52,1060547,VLMRA,Valmore Holding-EGP,0.007
2024-04-28,39.52,39.52,33.78,34.08,840903,VLMRA,Valmore Holding-EGP,0.007
2024-04-29,34.08,35.72,33.4,35.62,781466,VLMRA,Valmore Holding-EGP,0.007
2024-04-30,35.62,35.81,32.7,33.48,1708915,VLMRA,Valmore Holding-EGP,0.007
2024-05-01,33.48,34.12,31.99,33.74,343794,VLMRA,Valmore Holding-EGP,0.007
2024-05-02,33.74,34.67,33.32,33.61,541484,VLMRA,Valmore Holding-EGP,0.007
2024-05-07,33.61,34.3,32.87,33.68,300691,VLMRA,Valmore Holding-EGP,0.007
2024-05-08,33.68,34.09,30.89,31.36,978854,VLMRA,Valmore Holding-EGP,0.007
2024-05-09,31.36,33.62,31.12,33.6,864834,VLMRA,Valmore Holding-EGP,0.007
2024-05-12,33.6,33.6,31.76,31.89,167607,VLMRA,Valmore Holding-EGP,0.007
2024-05-13,31.89,32.75,31.07,31.81,156999,VLMRA,Valmore Holding-EGP,0.007
2024-05-14,31.81,32.55,30.6,30.84,1298135,VLMRA,Valmore Holding-EGP,0.007
2024-05-15,30.84,31.65,30.82,31.13,504884,VLMRA,Valmore Holding-EGP,0.007
2024-05-16,31.13,31.74,30.92,31.33,1148626,VLMRA,Valmore Holding-EGP,0.007
2024-05-19,31.33,32.45,30.72,32.04,3429353,VLMRA,Valmore Holding-EGP,0.007
2024-05-20,32.04,32.59,31.22,31.26,2831001,VLMRA,Valmore Holding-EGP,0.007
2024-05-21,31.26,32.55,31.09,31.85,2573276,VLMRA,Valmore Holding-EGP,0.007
2024-05-22,31.85,32.51,31.64,32.37,1302466,VLMRA,Valmore Holding-EGP,0.007
2024-05-23,32.37,33.78,32.37,33.04,2197278,VLMRA,Valmore Holding-EGP,0.007
2024-05-26,33.04,33.37,32.76,33.24,615850,VLMRA,Valmore Holding-EGP,0.007
2024-05-27,33.24,33.58,32.78,32.78,887978,VLMRA,Valmore Holding-EGP,0.007
2024-05-28,32.78,32.97,31.75,32.96,1277104,VLMRA,Valmore Holding-EGP,0.007
2024-05-29,32.96,32.96,32.46,32.57,854061,VLMRA,Valmore Holding-EGP,0.007
2024-05-30,32.57,32.87,31.4,31.89,1336251,VLMRA,Valmore Holding-EGP,0.007
2024-06-02,31.89,32.41,31.22,31.29,433866,VLMRA,Valmore Holding-EGP,0.007
2024-06-03,31.29,31.69,31.29,31.4,359185,VLMRA,Valmore Holding-EGP,0.007
2024-06-04,31.4,32.54,31.4,32.48,489469,VLMRA,Valmore Holding-EGP,0.007
2024-06-05,32.48,32.48,30.56,31.29,949462,VLMRA,Valmore Holding-EGP,0.007
2024-06-06,31.29,31.72,30.87,31.38,409003,VLMRA,Valmore Holding-EGP,0.007
2024-06-09,31.38,31.53,30.02,30.07,421175,VLMRA,Valmore Holding-EGP,0.007
2024-06-10,30.07,30.32,29.74,30.23,534569,VLMRA,Valmore Holding-EGP,0.007
2024-06-11,30.23,30.61,30.0,30.09,632623,VLMRA,Valmore Holding-EGP,0.007
2024-06-12,30.09,30.45,30.04,30.14,195656,VLMRA,Valmore Holding-EGP,0.007
2024-06-13,30.14,30.89,29.83,29.83,1772548,VLMRA,Valmore Holding-EGP,0.007
2024-06-23,29.83,31.19,29.83,30.98,558217,VLMRA,Valmore Holding-EGP,0.007
2024-06-24,30.98,31.22,30.62,30.65,767103,VLMRA,Valmore Holding-EGP,0.007
2024-06-25,30.65,30.72,30.11,30.38,566920,VLMRA,Valmore Holding-EGP,0.007
2024-06-26,30.38,30.62,30.22,30.47,624747,VLMRA,Valmore Holding-EGP,0.007
2024-06-27,30.47,30.92,30.47,30.56,683121,VLMRA,Valmore Holding-EGP,0.007
2024-07-01,30.56,31.15,30.52,30.52,1080300,VLMRA,Valmore Holding-EGP,0.007
2024-07-02,30.52,30.62,29.75,30.01,957721,VLMRA,Valmore Holding-EGP,0.007
2024-07-03,30.01,30.3,29.9,29.9,1057004,VLMRA,Valmore Holding-EGP,0.007
2024-07-04,29.9,30.13,29.07,29.51,1540128,VLMRA,Valmore Holding-EGP,0.007
2024-07-07,29.51,29.9,29.46,29.5,997267,VLMRA,Valmore Holding-EGP,0.007
2024-07-08,29.5,29.77,29.49,29.5,1023889,VLMRA,Valmore Holding-EGP,0.007
2024-07-09,29.5,29.7,28.47,29.69,2317282,VLMRA,Valmore Holding-EGP,0.007
2024-07-10,29.69,30.64,29.69,30.2,3482670,VLMRA,Valmore Holding-EGP,0.007
2024-07-14,30.2,30.62,30.0,30.1,1200319,VLMRA,Valmore Holding-EGP,0.007
2024-07-15,30.1,30.29,29.49,29.62,880258,VLMRA,Valmore Holding-EGP,0.007
2024-07-16,29.62,29.82,29.29,29.43,582212,VLMRA,Valmore Holding-EGP,0.007
2024-07-17,29.43,30.56,29.43,30.32,1403724,VLMRA,Valmore Holding-EGP,0.007
2024-07-18,30.32,31.01,30.32,30.62,1862771,VLMRA,Valmore Holding-EGP,0.007
2024-07-21,30.62,30.91,30.2,30.72,1772258,VLMRA,Valmore Holding-EGP,0.007
2024-07-22,30.72,32.25,30.72,31.79,3240049,VLMRA,Valmore Holding-EGP,0.007
2024-07-23,31.79,33.99,31.79,33.78,6336647,VLMRA,Valmore Holding-EGP,0.007
2024-07-24,33.78,34.77,33.31,34.04,2949979,VLMRA,Valmore Holding-EGP,0.007
2024-07-28,34.04,34.19,33.47,33.6,540065,VLMRA,Valmore Holding-EGP,0.007
2024-07-29,33.6,33.95,33.18,33.29,809939,VLMRA,Valmore Holding-EGP,0.007
2024-07-30,33.29,33.58,33.17,33.58,777809,VLMRA,Valmore Holding-EGP,0.007
2024-07-31,33.58,33.88,33.27,33.88,1429715,VLMRA,Valmore Holding-EGP,0.007
2024-08-01,33.88,34.48,33.88,34.25,1946462,VLMRA,Valmore Holding-EGP,0.007
2024-08-04,34.25,34.25,30.83,31.91,1764144,VLMRA,Valmore Holding-EGP,0.007
2024-08-05,31.91,31.91,29.74,31.17,1413353,VLMRA,Valmore Holding-EGP,0.007
2024-08-06,31.17,32.25,31.17,31.43,386594,VLMRA,Valmore Holding-EGP,0.007
2024-08-07,31.43,32.05,31.43,31.75,379731,VLMRA,Valmore Holding-EGP,0.007
2024-08-08,31.75,32.05,31.43,31.74,349489,VLMRA,Valmore Holding-EGP,0.007
2024-08-11,31.74,32.5,31.74,32.04,299147,VLMRA,Valmore Holding-EGP,0.007
2024-08-12,32.04,33.17,31.22,31.41,1122966,VLMRA,Valmore Holding-EGP,0.007
2024-08-13,31.41,31.84,31.02,31.12,658660,VLMRA,Valmore Holding-EGP,0.007
2024-08-14,31.12,31.74,31.04,31.43,565155,VLMRA,Valmore Holding-EGP,0.007
2024-08-15,31.43,31.72,30.67,30.92,976297,VLMRA,Valmore Holding-EGP,0.007
2024-08-18,30.92,31.22,30.57,30.7,1029782,VLMRA,Valmore Holding-EGP,0.007
2024-08-19,30.7,30.88,30.56,30.6,624427,VLMRA,Valmore Holding-EGP,0.007
2024-08-20,30.6,31.43,30.6,30.85,2539381,VLMRA,Valmore Holding-EGP,0.007
2024-08-21,30.85,31.16,30.67,30.79,1076159,VLMRA,Valmore Holding-EGP,0.007
2024-08-22,30.79,31.58,30.79,31.02,1157414,VLMRA,Valmore Holding-EGP,0.007
2024-08-25,31.02,31.2,30.67,30.73,883715,VLMRA,Valmore Holding-EGP,0.007
2024-08-26,30.73,30.96,30.21,30.4,1314576,VLMRA,Valmore Holding-EGP,0.007
2024-08-27,29.7,29.9,29.4,29.55,1951254,VLMRA,Valmore Holding-EGP,0.007
2024-08-28,30.25,30.5,30.25,30.29,339446,VLMRA,Valmore Holding-EGP,0.007
2024-08-29,30.29,31.19,30.29,30.92,1088167,VLMRA,Valmore Holding-EGP,0.007
2024-09-01,30.92,31.74,30.92,31.46,1567435,VLMRA,Valmore Holding-EGP,0.007
2024-09-02,31.46,32.4,31.38,31.63,2474963,VLMRA,Valmore Holding-EGP,0.007
2024-09-03,31.63,32.12,31.51,31.74,651973,VLMRA,Valmore Holding-EGP,0.007
2024-09-04,31.74,31.74,30.93,31.36,718805,VLMRA,Valmore Holding-EGP,0.007
2024-09-05,31.36,31.84,31.28,31.52,407060,VLMRA,Valmore Holding-EGP,0.007
2024-09-08,31.52,32.25,31.49,31.74,1189380,VLMRA,Valmore Holding-EGP,0.007
2024-09-09,31.74,33.02,31.74,32.72,3222980,VLMRA,Valmore Holding-EGP,0.007
2024-09-10,32.72,33.27,32.45,32.47,1824648,VLMRA,Valmore Holding-EGP,0.007
2024-09-11,32.47,34.04,31.84,33.99,2763985,VLMRA,Valmore Holding-EGP,0.007
2024-09-12,33.99,35.36,33.68,35.23,4469208,VLMRA,Valmore Holding-EGP,0.007
2024-09-16,35.23,36.29,34.8,35.02,2395972,VLMRA,Valmore Holding-EGP,0.007
2024-09-17,35.02,35.31,33.89,33.99,1354535,VLMRA,Valmore Holding-EGP,0.007
2024-09-18,33.99,34.35,33.58,33.58,973525,VLMRA,Valmore Holding-EGP,0.007
2024-09-19,33.58,34.7,33.58,33.79,10265597,VLMRA,Valmore Holding-EGP,0.007
2024-09-22,33.79,36.24,33.79,35.69,7235505,VLMRA,Valmore Holding-EGP,0.007
2024-09-23,35.69,36.03,35.02,35.54,875502,VLMRA,Valmore Holding-EGP,0.007
2024-09-24,35.54,35.85,35.05,35.53,1190442,VLMRA,Valmore Holding-EGP,0.007
2024-09-25,35.53,36.86,35.53,36.19,4308489,VLMRA,Valmore Holding-EGP,0.007
2024-09-26,36.19,36.56,35.36,35.48,833731,VLMRA,Valmore Holding-EGP,0.007
2024-09-29,35.48,36.22,35.02,35.47,1089949,VLMRA,Valmore Holding-EGP,0.007
2024-09-30,35.47,35.8,34.42,34.79,1806370,VLMRA,Valmore Holding-EGP,0.007
2024-10-01,34.79,35.33,34.41,34.45,1047020,VLMRA,Valmore Holding-EGP,0.007
2024-10-02,34.45,35.17,34.01,34.13,1465301,VLMRA,Valmore Holding-EGP,0.007
2024-10-03,34.13,35.84,34.13,35.23,1833935,VLMRA,Valmore Holding-EGP,0.007
2024-10-07,35.23,35.74,34.69,34.73,1398703,VLMRA,Valmore Holding-EGP,0.007
2024-10-08,34.73,34.92,32.5,33.66,1164172,VLMRA,Valmore Holding-EGP,0.007
2024-10-09,33.19,34.06,32.55,33.63,639752,VLMRA,Valmore Holding-EGP,0.007
2024-10-10,33.63,34.16,33.31,33.58,423875,VLMRA,Valmore Holding-EGP,0.007
2024-10-13,33.58,33.9,32.5,32.51,628354,VLMRA,Valmore Holding-EGP,0.007
2024-10-14,32.51,32.91,31.8,32.79,467656,VLMRA,Valmore Holding-EGP,0.007
2024-10-15,32.79,33.21,32.6,32.73,611925,VLMRA,Valmore Holding-EGP,0.007
2024-10-16,32.73,35.32,32.73,34.22,2722023,VLMRA,Valmore Holding-EGP,0.007
2024-10-17,34.22,34.77,33.31,33.43,867152,VLMRA,Valmore Holding-EGP,0.007
2024-10-20,33.43,34.02,32.23,32.4,610447,VLMRA,Valmore Holding-EGP,0.007
2024-10-21,32.4,32.8,31.62,32.7,1033994,VLMRA,Valmore Holding-EGP,0.007
2024-10-22,32.7,33.4,32.7,33.12,408513,VLMRA,Valmore Holding-EGP,0.007
2024-10-23,32.83,33.15,32.72,32.72,486521,VLMRA,Valmore Holding-EGP,0.007
2024-10-24,32.72,33.02,32.42,32.61,816551,VLMRA,Valmore Holding-EGP,0.007
2024-10-27,32.61,33.37,32.57,33.12,970661,VLMRA,Valmore Holding-EGP,0.007
2024-10-28,33.12,33.33,32.5,32.52,488002,VLMRA,Valmore Holding-EGP,0.007
2024-10-29,32.52,33.07,32.45,33.02,721422,VLMRA,Valmore Holding-EGP,0.007
2024-10-30,33.02,33.12,32.81,33.02,468475,VLMRA,Valmore Holding-EGP,0.007
2024-10-31,33.02,33.37,32.82,32.83,555248,VLMRA,Valmore Holding-EGP,0.007
2024-11-03,32.83,33.37,32.83,33.02,587887,VLMRA,Valmore Holding-EGP,0.007
2024-11-04,33.02,33.52,33.02,33.27,546382,VLMRA,Valmore Holding-EGP,0.007
2024-11-05,33.27,34.12,33.08,33.52,682258,VLMRA,Valmore Holding-EGP,0.007
2024-11-06,33.5,35.0,33.5,34.5,1082059,VLMRA,Valmore Holding-EGP,0.007
2024-11-07,34.5,34.87,34.33,34.46,317243,VLMRA,Valmore Holding-EGP,0.007
2024-11-10,34.46,34.67,34.03,34.48,230528,VLMRA,Valmore Holding-EGP,0.007
2024-11-11,34.48,34.5,34.1,34.12,156930,VLMRA,Valmore Holding-EGP,0.007
2024-11-12,34.12,34.8,34.12,34.58,731597,VLMRA,Valmore Holding-EGP,0.007
2024-11-13,34.58,35.34,34.4,34.43,932771,VLMRA,Valmore Holding-EGP,0.007
2024-11-14,34.43,34.75,33.7,33.78,501983,VLMRA,Valmore Holding-EGP,0.007
2024-11-17,33.78,33.9,33.1,33.38,325085,VLMRA,Valmore Holding-EGP,0.007
2024-11-18,33.38,33.6,32.9,32.98,215961,VLMRA,Valmore Holding-EGP,0.007
2024-11-19,32.98,33.26,32.62,32.68,1730696,VLMRA,Valmore Holding-EGP,0.007
2024-11-20,32.68,33.18,32.53,32.67,114469,VLMRA,Valmore Holding-EGP,0.007
2024-11-21,32.67,33.13,32.67,32.88,231299,VLMRA,Valmore Holding-EGP,0.007
2024-11-24,32.88,33.1,32.75,32.87,111047,VLMRA,Valmore Holding-EGP,0.007
2024-11-25,32.87,33.0,32.51,32.92,72475,VLMRA,Valmore Holding-EGP,0.007
2024-11-26,32.92,33.25,32.71,33.17,113810,VLMRA,Valmore Holding-EGP,0.007
2024-11-27,33.17,33.3,32.5,32.7,204794,VLMRA,Valmore Holding-EGP,0.007
2024-11-28,32.7,32.7,32.0,32.22,439184,VLMRA,Valmore Holding-EGP,0.007
2024-12-01,32.22,32.73,32.22,32.58,193980,VLMRA,Valmore Holding-EGP,0.007
2024-12-02,32.58,32.9,32.24,32.42,284536,VLMRA,Valmore Holding-EGP,0.007
2024-12-03,32.42,33.0,32.33,32.7,708566,VLMRA,Valmore Holding-EGP,0.007
2024-12-04,32.7,33.0,32.47,32.62,683543,VLMRA,Valmore Holding-EGP,0.007
2024-12-05,32.62,32.98,32.4,32.5,1067066,VLMRA,Valmore Holding-EGP,0.007
2024-12-08,32.5,32.75,32.5,32.5,326161,VLMRA,Valmore Holding-EGP,0.007
2024-12-09,32.5,34.0,32.3,32.8,3777087,VLMRA,Valmore Holding-EGP,0.007
2024-12-10,32.8,33.5,32.5,32.53,2975384,VLMRA,Valmore Holding-EGP,0.007
2024-12-11,32.53,32.79,32.19,32.31,1091386,VLMRA,Valmore Holding-EGP,0.007
2024-12-12,32.31,32.6,32.19,32.2,610327,VLMRA,Valmore Holding-EGP,0.007
2024-12-15,32.2,32.6,31.78,31.83,490707,VLMRA,Valmore Holding-EGP,0.007
2024-12-16,31.83,31.99,31.39,31.44,396820,VLMRA,Valmore Holding-EGP,0.007
2024-12-17,31.44,32.4,31.4,31.8,672341,VLMRA,Valmore Holding-EGP,0.007
2024-12-18,31.8,31.92,30.95,31.0,430209,VLMRA,Valmore Holding-EGP,0.007
2024-12-19,31.0,31.38,30.32,30.7,664948,VLMRA,Valmore Holding-EGP,0.007
2024-12-22,30.7,31.24,30.5,30.66,391334,VLMRA,Valmore Holding-EGP,0.007
2024-12-23,30.66,30.9,30.09,30.26,181845,VLMRA,Valmore Holding-EGP,0.007
2024-12-24,30.26,30.46,29.77,30.39,366581,VLMRA,Valmore Holding-EGP,0.007
2024-12-25,30.39,30.6,30.2,30.3,274427,VLMRA,Valmore Holding-EGP,0.007
2024-12-26,30.3,30.59,30.3,30.56,264610,VLMRA,Valmore Holding-EGP,0.007
2024-12-29,30.56,30.75,30.2,30.27,122687,VLMRA,Valmore Holding-EGP,0.007
2024-12-30,30.27,30.31,29.86,30.0,220016,VLMRA,Valmore Holding-EGP,0.007
2024-12-31,30.0,30.7,29.8,30.61,347338,VLMRA,Valmore Holding-EGP,0.007
2025-01-02,30.61,31.55,30.61,31.4,417863,VLMRA,Valmore Holding-EGP,0.007
2025-01-05,31.4,31.67,30.8,30.9,417633,VLMRA,Valmore Holding-EGP,0.007
2025-01-06,30.9,31.15,30.73,30.82,457049,VLMRA,Valmore Holding-EGP,0.007
2025-01-08,30.82,31.0,30.55,31.0,223074,VLMRA,Valmore Holding-EGP,0.007
2025-01-09,31.0,31.05,30.64,30.67,139008,VLMRA,Valmore Holding-EGP,0.007
2025-01-12,30.67,30.67,29.85,30.2,486150,VLMRA,Valmore Holding-EGP,0.007
2025-01-13,30.2,31.18,30.2,30.93,1589235,VLMRA,Valmore Holding-EGP,0.007
2025-01-14,30.93,32.0,30.3,32.0,1135549,VLMRA,Valmore Holding-EGP,0.007
2025-01-15,32.0,33.0,31.7,32.81,2432918,VLMRA,Valmore Holding-EGP,0.007
2025-01-16,32.81,33.33,32.55,32.61,1719094,VLMRA,Valmore Holding-EGP,0.007
2025-01-19,32.61,32.7,32.25,32.33,364564,VLMRA,Valmore Holding-EGP,0.007
2025-01-20,32.33,32.59,32.1,32.17,211991,VLMRA,Valmore Holding-EGP,0.007
2025-01-21,32.17,32.9,32.02,32.9,531662,VLMRA,Valmore Holding-EGP,0.007
2025-01-22,32.9,33.2,32.5,32.5,345942,VLMRA,Valmore Holding-EGP,0.007
2025-01-23,32.5,32.66,32.03,32.05,261123,VLMRA,Valmore Holding-EGP,0.007
2025-01-26,32.05,32.3,31.61,31.7,442903,VLMRA,Valmore Holding-EGP,0.007
2025-01-27,31.7,32.29,31.4,31.52,7429997,VLMRA,Valmore Holding-EGP,0.007
2025-01-28,31.52,31.91,31.52,31.57,1039623,VLMRA,Valmore Holding-EGP,0.007
2025-01-29,31.57,31.83,31.54,31.77,462628,VLMRA,Valmore Holding-EGP,0.007
2025-01-30,31.77,31.81,30.98,31.0,1451749,VLMRA,Valmore Holding-EGP,0.007
2025-02-02,31.0,31.42,30.45,30.59,818172,VLMRA,Valmore Holding-EGP,0.007
2025-02-03,30.59,30.7,30.1,30.14,616312,VLMRA,Valmore Holding-EGP,0.007
2025-02-04,30.14,30.6,30.14,30.28,1468723,VLMRA,Valmore Holding-EGP,0.007
2025-02-05,30.28,30.44,30.09,30.1,373189,VLMRA,Valmore Holding-EGP,0.007
2025-02-06,30.1,30.34,30.1,30.16,696800,VLMRA,Valmore Holding-EGP,0.007
2025-02-09,30.16,30.89,30.16,30.3,721500,VLMRA,Valmore Holding-EGP,0.007
2025-02-10,30.3,30.5,30.23,30.34,416924,VLMRA,Valmore Holding-EGP,0.007
2025-02-11,30.34,30.43,30.14,30.15,527912,VLMRA,Valmore Holding-EGP,0.007
2025-02-12,30.15,30.2,29.56,30.0,547398,VLMRA,Valmore Holding-EGP,0.007
2025-02-13,30.0,30.19,29.9,29.94,256035,VLMRA,Valmore Holding-EGP,0.007
2025-02-16,29.94,30.34,29.94,30.28,763457,VLMRA,Valmore Holding-EGP,0.007
2025-02-17,30.28,30.45,30.16,30.34,426136,VLMRA,Valmore Holding-EGP,0.007
2025-02-18,30.34,31.9,30.25,31.6,5037332,VLMRA,Valmore Holding-EGP,0.007
2025-02-19,31.6,32.18,31.4,31.4,1758260,VLMRA,Valmore Holding-EGP,0.007
2025-02-20,31.4,32.2,30.9,32.02,2455486,VLMRA,Valmore Holding-EGP,0.007
2025-02-23,32.02,32.02,31.05,31.2,1026708,VLMRA,Valmore Holding-EGP,0.007
2025-02-24,31.2,31.3,30.9,31.04,666532,VLMRA,Valmore Holding-EGP,0.007
2025-02-25,31.04,31.1,30.5,30.59,541558,VLMRA,Valmore Holding-EGP,0.007
2025-02-26,30.59,30.65,30.15,30.15,578994,VLMRA,Valmore Holding-EGP,0.007
2025-02-27,30.15,30.7,30.0,30.11,972880,VLMRA,Valmore Holding-EGP,0.007
2025-03-02,30.11,31.1,30.11,31.1,638892,VLMRA,Valmore Holding-EGP,0.007
2025-03-03,31.1,31.25,30.67,30.88,527891,VLMRA,Valmore Holding-EGP,0.007
2025-03-04,30.88,30.88,30.0,30.31,890913,VLMRA,Valmore Holding-EGP,0.007
2025-03-05,30.31,30.39,30.03,30.29,343530,VLMRA,Valmore Holding-EGP,0.007
2025-03-06,30.29,30.39,30.01,30.11,501673,VLMRA,Valmore Holding-EGP,0.007
2025-03-09,30.11,30.3,29.5,29.7,1079468,VLMRA,Valmore Holding-EGP,0.007
2025-03-10,29.7,30.09,29.5,29.9,381825,VLMRA,Valmore Holding-EGP,0.007
2025-03-11,29.9,30.3,29.52,30.24,415474,VLMRA,Valmore Holding-EGP,0.007
2025-03-12,30.24,30.32,29.9,30.29,423372,VLMRA,Valmore Holding-EGP,0.007
2025-03-13,30.29,30.6,30.2,30.41,772737,VLMRA,Valmore Holding-EGP,0.007
2025-03-16,30.41,30.59,30.08,30.15,383000,VLMRA,Valmore Holding-EGP,0.007
2025-03-17,30.15,30.22,29.71,29.71,1169931,VLMRA,Valmore Holding-EGP,0.007
2025-03-18,29.71,30.06,29.7,29.89,567786,VLMRA,Valmore Holding-EGP,0.007
2025-03-19,29.89,30.0,29.7,29.72,486425,VLMRA,Valmore Holding-EGP,0.007
2025-03-20,29.72,29.87,29.57,29.6,376866,VLMRA,Valmore Holding-EGP,0.007
2025-03-23,29.6,29.84,29.6,29.66,359555,VLMRA,Valmore Holding-EGP,0.007
2025-03-24,29.66,29.97,29.43,29.44,541273,VLMRA,Valmore Holding-EGP,0.007
2025-03-25,29.44,29.5,28.75,28.96,975649,VLMRA,Valmore Holding-EGP,0.007
2025-03-26,28.96,29.1,28.79,29.0,599866,VLMRA,Valmore Holding-EGP,0.007
2025-03-27,29.0,29.21,28.97,29.19,351776,VLMRA,Valmore Holding-EGP,0.007
2025-04-03,29.19,29.44,29.05,29.43,222075,VLMRA,Valmore Holding-EGP,0.007
2025-04-06,29.43,29.43,28.0,28.25,721056,VLMRA,Valmore Holding-EGP,0.007
2025-04-07,28.25,29.0,27.85,28.64,681817,VLMRA,Valmore Holding-EGP,0.007
2025-04-08,28.64,28.93,28.57,28.65,678245,VLMRA,Valmore Holding-EGP,0.007
2025-04-09,28.65,28.97,27.61,27.61,764410,VLMRA,Valmore Holding-EGP,0.007
2025-04-10,27.61,28.7,27.61,28.35,462130,VLMRA,Valmore Holding-EGP,0.007
2025-04-13,28.35,28.86,28.35,28.86,321155,VLMRA,Valmore Holding-EGP,0.007
2025-04-14,28.86,28.99,28.65,28.9,281187,VLMRA,Valmore Holding-EGP,0.007
2025-04-15,28.9,29.53,28.9,29.5,1442739,VLMRA,Valmore Holding-EGP,0.007
2025-04-16,29.5,29.7,29.28,29.28,257615,VLMRA,Valmore Holding-EGP,0.007
2025-04-17,29.28,29.37,29.0,29.3,307413,VLMRA,Valmore Holding-EGP,0.007
2025-04-22,29.3,29.56,29.3,29.39,530456,VLMRA,Valmore Holding-EGP,0.007
2025-04-23,29.39,29.56,29.3,29.41,805021,VLMRA,Valmore Holding-EGP,0.007
2025-04-27,29.41,29.41,27.7,28.25,922061,VLMRA,Valmore Holding-EGP,0.007
2025-04-28,28.25,28.39,27.9,27.95,1158059,VLMRA,Valmore Holding-EGP,0.007
2025-04-29,27.95,28.05,27.65,27.67,838452,VLMRA,Valmore Holding-EGP,0.007
2025-04-30,27.67,27.85,27.62,27.7,329487,VLMRA,Valmore Holding-EGP,0.007
2025-05-04,27.7,27.91,27.7,27.78,439207,VLMRA,Valmore Holding-EGP,0.007
2025-05-05,27.78,27.95,27.6,27.6,2729170,VLMRA,Valmore Holding-EGP,0.007
2025-05-06,27.6,27.79,27.55,27.61,413267,VLMRA,Valmore Holding-EGP,0.007
2025-05-07,27.61,27.69,27.27,27.37,564311,VLMRA,Valmore Holding-EGP,0.007
2025-05-08,27.37,27.43,27.0,27.19,607761,VLMRA,Valmore Holding-EGP,0.007
2025-05-11,27.19,27.35,27.05,27.08,689982,VLMRA,Valmore Holding-EGP,0.007
2025-05-12,27.08,27.2,26.96,26.98,591382,VLMRA,Valmore Holding-EGP,0.007
2025-05-13,26.98,27.08,26.54,26.67,911115,VLMRA,Valmore Holding-EGP,0.007
2025-05-14,26.67,26.75,26.63,26.74,332970,VLMRA,Valmore Holding-EGP,0.007
2025-05-15,26.74,26.94,26.69,26.87,376357,VLMRA,Valmore Holding-EGP,0.007
2025-05-19,26.7,26.76,25.96,26.05,2333891,VLMRA,Valmore Holding-EGP,0.007
2025-05-20,26.05,26.25,25.25,25.28,2200852,VLMRA,Valmore Holding-EGP,0.007
2025-05-21,25.28,25.65,25.01,25.5,1533849,VLMRA,Valmore Holding-EGP,0.007
2025-05-22,25.5,25.9,24.9,25.8,4056808,VLMRA,Valmore Holding-EGP,0.007
2025-05-25,25.8,26.08,25.65,25.79,584051,VLMRA,Valmore Holding-EGP,0.007
2025-05-26,25.79,25.89,25.62,25.7,686875,VLMRA,Valmore Holding-EGP,0.007
2025-05-27,25.7,25.79,25.4,25.7,748022,VLMRA,Valmore Holding-EGP,0.007
2025-05-28,25.7,26.49,25.7,26.25,2100297,VLMRA,Valmore Holding-EGP,0.007
2025-06-01,25.83,25.95,25.6,25.61,711693,VLMRA,Valmore Holding-EGP,0.007
2025-06-02,25.61,25.88,25.6,25.65,300420,VLMRA,Valmore Holding-EGP,0.007
2025-06-03,25.65,25.85,25.65,25.76,483412,VLMRA,Valmore Holding-EGP,0.007
2025-06-04,25.76,26.4,25.76,26.11,1532416,VLMRA,Valmore Holding-EGP,0.007
2025-06-10,26.11,26.67,26.11,26.6,1737043,VLMRA,Valmore Holding-EGP,0.007
2025-06-11,26.6,26.95,26.55,26.55,2136237,VLMRA,Valmore Holding-EGP,0.007
2025-06-12,26.55,26.55,25.7,25.7,1358368,VLMRA,Valmore Holding-EGP,0.007
2025-06-15,25.7,25.7,23.65,24.59,1024658,VLMRA,Valmore Holding-EGP,0.007
2025-06-16,24.59,24.95,24.4,24.45,579304,VLMRA,Valmore Holding-EGP,0.007
2025-06-17,24.45,25.19,24.3,24.36,2110212,VLMRA,Valmore Holding-EGP,0.007
2025-06-18,24.36,24.58,24.14,24.41,784936,VLMRA,Valmore Holding-EGP,0.007
2025-06-19,24.41,24.6,23.7,23.7,753958,VLMRA,Valmore Holding-EGP,0.007
2025-06-22,23.7,24.25,23.0,24.24,486772,VLMRA,Valmore Holding-EGP,0.007
2025-06-23,24.24,24.43,24.23,24.36,524524,VLMRA,Valmore Holding-EGP,0.007
2025-06-24,24.36,25.1,24.36,24.91,1117751,VLMRA,Valmore Holding-EGP,0.007
2025-06-25,24.91,25.68,24.85,25.5,1323925,VLMRA,Valmore Holding-EGP,0.007
2025-06-29,25.5,25.9,25.45,25.6,785116,VLMRA,Valmore Holding-EGP,0.007
2025-06-30,25.6,25.72,25.09,25.65,671252,VLMRA,Valmore Holding-EGP,0.007
2025-07-01,25.65,25.65,24.86,24.9,646355,VLMRA,Valmore Holding-EGP,0.007
2025-07-02,24.9,25.14,24.85,25.0,604516,VLMRA,Valmore Holding-EGP,0.007
2025-07-06,25.0,25.15,24.97,25.04,632246,VLMRA,Valmore Holding-EGP,0.007
2025-07-07,25.04,26.0,25.04,25.9,1304187,VLMRA,Valmore Holding-EGP,0.007
2025-07-09,25.9,26.38,25.65,26.1,1067775,VLMRA,Valmore Holding-EGP,0.007
2025-07-10,26.1,26.8,26.1,26.6,2009351,VLMRA,Valmore Holding-EGP,0.007
2025-07-13,26.6,26.7,25.75,25.8,1092313,VLMRA,Valmore Holding-EGP,0.007
2025-07-14,25.8,26.18,25.79,26.03,440497,VLMRA,Valmore Holding-EGP,0.007
2025-07-15,26.03,26.28,25.8,25.98,528875,VLMRA,Valmore Holding-EGP,0.007
2025-07-16,25.98,26.09,25.73,25.77,477436,VLMRA,Valmore Holding-EGP,0.007
2025-07-17,25.77,25.98,25.0,25.59,1075617,VLMRA,Valmore Holding-EGP,0.007
2025-07-20,25.59,26.22,25.59,25.8,1503364,VLMRA,Valmore Holding-EGP,0.007
2025-07-21,25.8,25.97,25.55,25.55,977841,VLMRA,Valmore Holding-EGP,0.007
2025-07-22,25.55,25.82,25.55,25.6,357645,VLMRA,Valmore Holding-EGP,0.007
2025-07-23,24.37,24.8,23.3,23.55,2647393,VLMRA,Valmore Holding-EGP,0.007
2025-07-27,23.55,23.7,23.08,23.19,3233086,VLMRA,Valmore Holding-EGP,0.007
2025-07-28,23.19,23.65,23.03,23.03,1424954,VLMRA,Valmore Holding-EGP,0.007
2025-07-29,23.03,23.45,23.0,23.1,887581,VLMRA,Valmore Holding-EGP,0.007
2025-07-30,23.1,23.32,22.8,22.8,798921,VLMRA,Valmore Holding-EGP,0.007
2025-07-31,22.8,23.13,22.8,23.01,486050,VLMRA,Valmore Holding-EGP,0.007
2025-08-03,23.01,23.12,22.89,23.01,436500,VLMRA,Valmore Holding-EGP,0.007
2025-08-04,23.01,23.39,23.01,23.2,477181,VLMRA,Valmore Holding-EGP,0.007
2025-08-05,23.2,24.24,23.2,23.98,3215262,VLMRA,Valmore Holding-EGP,0.007
2025-08-06,23.98,24.17,23.71,23.8,896594,VLMRA,Valmore Holding-EGP,0.007
2025-08-07,23.8,23.95,23.71,23.79,845289,VLMRA,Valmore Holding-EGP,0.007
2025-08-10,23.79,23.95,23.6,23.7,714654,VLMRA,Valmore Holding-EGP,0.007
2025-08-11,23.7,24.1,23.65,23.7,1106381,VLMRA,Valmore Holding-EGP,0.007
2025-08-12,23.7,23.93,23.68,23.81,708637,VLMRA,Valmore Holding-EGP,0.007
2025-08-13,23.81,24.33,23.8,24.17,2288945,VLMRA,Valmore Holding-EGP,0.007
2025-08-14,24.17,24.35,23.88,23.88,683873,VLMRA,Valmore Holding-EGP,0.007
2025-08-17,23.88,24.38,23.88,24.28,899111,VLMRA,Valmore Holding-EGP,0.007
2025-08-18,24.28,24.98,24.28,24.87,3488164,VLMRA,Valmore Holding-EGP,0.007
2025-08-19,24.87,25.05,24.76,25.01,2071443,VLMRA,Valmore Holding-EGP,0.007
2025-08-20,25.01,25.19,24.6,24.61,1119811,VLMRA,Valmore Holding-EGP,0.007
2025-08-21,24.61,25.05,24.46,24.91,1680049,VLMRA,Valmore Holding-EGP,0.007
2025-08-24,24.91,25.62,24.91,25.58,4431632,VLMRA,Valmore Holding-EGP,0.007
2025-08-25,25.58,25.77,25.52,25.52,2008550,VLMRA,Valmore Holding-EGP,0.007
2025-08-26,25.52,25.65,25.28,25.34,2097999,VLMRA,Valmore Holding-EGP,0.007
2025-08-27,25.34,25.4,25.05,25.07,838938,VLMRA,Valmore Holding-EGP,0.007
2025-08-28,25.07,25.3,24.89,24.99,628932,VLMRA,Valmore Holding-EGP,0.007
2025-08-31,24.99,25.05,24.2,24.31,1244863,VLMRA,Valmore Holding-EGP,0.007
2025-09-01,24.31,24.55,24.02,24.33,509359,VLMRA,Valmore Holding-EGP,0.007
2025-09-02,24.33,24.55,24.26,24.26,531352,VLMRA,Valmore Holding-EGP,0.007
2025-09-03,24.26,24.44,24.01,24.1,434962,VLMRA,Valmore Holding-EGP,0.007
2025-09-07,24.1,24.27,23.96,24.01,623801,VLMRA,Valmore Holding-EGP,0.007
2025-09-08,24.01,24.1,23.85,23.98,454363,VLMRA,Valmore Holding-EGP,0.007
2025-09-09,23.98,24.2,23.7,23.76,661971,VLMRA,Valmore Holding-EGP,0.007
2025-09-10,23.76,24.0,23.5,24.0,606946,VLMRA,Valmore Holding-EGP,0.007
2025-09-11,24.0,24.17,23.92,23.96,283230,VLMRA,Valmore Holding-EGP,0.007
2025-09-14,23.96,24.45,23.96,24.28,707092,VLMRA,Valmore Holding-EGP,0.007
2025-09-15,24.28,24.6,24.13,24.31,896836,VLMRA,Valmore Holding-EGP,0.007
2025-09-16,24.31,24.89,23.77,23.91,698105,VLMRA,Valmore Holding-EGP,0.007
2025-09-17,23.91,24.0,23.78,23.86,387397,VLMRA,Valmore Holding-EGP,0.007
2025-09-18,23.86,24.25,23.84,23.89,364027,VLMRA,Valmore Holding-EGP,0.007
2025-09-21,23.89,24.18,23.7,23.91,888697,VLMRA,Valmore Holding-EGP,0.007
2025-09-22,23.91,24.1,23.8,23.99,359997,VLMRA,Valmore Holding-EGP,0.007
2025-09-23,23.99,24.14,23.8,23.8,437943,VLMRA,Valmore Holding-EGP,0.007
2025-09-24,23.8,24.4,23.8,24.18,627670,VLMRA,Valmore Holding-EGP,0.007
2025-09-25,24.18,24.3,24.01,24.07,317406,VLMRA,Valmore Holding-EGP,0.007
2025-09-28,24.07,24.65,24.07,24.6,1852271,VLMRA,Valmore Holding-EGP,0.007
2025-09-29,24.6,24.9,24.51,24.7,1654491,VLMRA,Valmore Holding-EGP,0.007
2025-09-30,24.7,24.89,24.6,24.82,1629914,VLMRA,Valmore Holding-EGP,0.007
2025-10-01,24.82,25.19,24.82,24.88,1411790,VLMRA,Valmore Holding-EGP,0.007
2025-10-02,24.88,24.88,24.72,24.78,295852,VLMRA,Valmore Holding-EGP,0.007
2025-10-05,24.78,25.45,24.78,25.33,4096531,VLMRA,Valmore Holding-EGP,0.007
2025-10-06,25.33,25.5,25.15,25.18,1460917,VLMRA,Valmore Holding-EGP,0.007
2025-10-07,25.18,25.28,25.0,25.14,1189363,VLMRA,Valmore Holding-EGP,0.007
2025-10-08,25.14,25.25,24.85,25.06,2689510,VLMRA,Valmore Holding-EGP,0.007
2025-10-12,25.06,25.39,24.8,25.2,2026378,VLMRA,Valmore Holding-EGP,0.007
2025-10-13,25.2,25.44,25.17,25.21,2310024,VLMRA,Valmore Holding-EGP,0.007
2025-10-14,25.21,25.87,25.21,25.7,3577166,VLMRA,Valmore Holding-EGP,0.007
2025-10-15,25.7,25.89,25.47,25.5,1646524,VLMRA,Valmore Holding-EGP,0.007
2025-10-20,26.1,26.2,25.83,25.91,3129878,VLMRA,Valmore Holding-EGP,0.007
2025-10-21,25.91,26.07,25.7,25.89,1312974,VLMRA,Valmore Holding-EGP,0.007
2025-10-22,25.89,26.15,25.8,26.0,1923208,VLMRA,Valmore Holding-EGP,0.007
2025-10-26,26.15,26.5,26.15,26.26,2234698,VLMRA,Valmore Holding-EGP,0.007
2025-10-27,26.26,26.5,26.26,26.31,2773985,VLMRA,Valmore Holding-EGP,0.007
2025-10-28,26.31,26.4,25.88,25.94,2135437,VLMRA,Valmore Holding-EGP,0.007
2025-10-29,25.94,26.03,25.39,25.84,909465,VLMRA,Valmore Holding-EGP,0.007
2025-10-30,25.84,26.4,25.8,26.14,3373901,VLMRA,Valmore Holding-EGP,0.007
2025-11-02,26.14,26.36,25.79,25.98,1301906,VLMRA,Valmore Holding-EGP,0.007
2025-11-03,25.98,26.13,25.82,26.0,1579825,VLMRA,Valmore Holding-EGP,0.007
2025-11-04,26.0,26.18,25.7,25.81,2543459,VLMRA,Valmore Holding-EGP,0.007
2025-11-05,25.81,25.99,25.2,25.53,1798303,VLMRA,Valmore Holding-EGP,0.007
2025-11-06,25.53,25.53,25.0,25.0,2563557,VLMRA,Valmore Holding-EGP,0.007
2025-11-09,25.0,25.4,25.0,25.4,3570728,VLMRA,Valmore Holding-EGP,0.007
2025-11-10,25.4,25.5,25.0,25.25,1844319,VLMRA,Valmore Holding-EGP,0.007
2025-11-11,25.25,25.61,25.2,25.6,1312602,VLMRA,Valmore Holding-EGP,0.007
2025-11-12,25.6,25.88,25.55,25.8,3148850,VLMRA,Valmore Holding-EGP,0.007
2025-11-13,25.8,25.94,25.76,25.8,1623689,VLMRA,Valmore Holding-EGP,0.007
2025-11-16,25.8,25.94,25.19,25.4,2191166,VLMRA,Valmore Holding-EGP,0.007
2025-11-17,25.4,25.5,24.93,25.03,2747075,VLMRA,Valmore Holding-EGP,0.007
2025-11-18,25.03,25.2,24.86,24.88,1307054,VLMRA,Valmore Holding-EGP,0.007
2025-11-19,24.88,25.1,24.75,24.81,701821,VLMRA,Valmore Holding-EGP,0.007
2025-11-20,24.81,25.05,24.7,24.7,929502,VLMRA,Valmore Holding-EGP,0.007
2025-11-23,24.7,24.9,24.7,24.85,671298,VLMRA,Valmore Holding-EGP,0.007
2025-11-24,24.85,25.0,24.59,24.61,947063,VLMRA,Valmore Holding-EGP,0.007
2025-11-26,24.29,24.43,24.2,24.21,978071,VLMRA,Valmore Holding-EGP,0.007
2025-11-27,24.21,24.3,24.0,24.1,1199746,VLMRA,Valmore Holding-EGP,0.007
2025-11-30,24.1,24.24,23.97,24.13,1341896,VLMRA,Valmore Holding-EGP,0.007
2025-12-01,24.13,24.41,24.11,24.2,1563673,VLMRA,Valmore Holding-EGP,0.007
2025-12-03,24.27,24.41,24.21,24.31,1060639,VLMRA,Valmore Holding-EGP,0.007
2025-12-07,24.28,24.45,24.01,24.2,777734,VLMRA,Valmore Holding-EGP,0.007
2025-12-09,24.46,24.88,24.44,24.55,2629173,VLMRA,Valmore Holding-EGP,0.007
2025-12-10,24.55,24.7,24.47,24.55,963486,VLMRA,Valmore Holding-EGP,0.007
2025-12-11,24.55,24.7,24.5,24.6,3425479,VLMRA,Valmore Holding-EGP,0.007
2025-12-14,24.6,24.85,24.57,24.71,1267031,VLMRA,Valmore Holding-EGP,0.007
2025-12-15,24.71,24.87,24.6,24.62,729694,VLMRA,Valmore Holding-EGP,0.007
2025-12-16,24.62,24.87,24.49,24.7,2217709,VLMRA,Valmore Holding-EGP,0.007
2025-12-17,24.7,24.8,24.43,24.43,934519,VLMRA,Valmore Holding-EGP,0.007
2025-12-18,24.43,24.68,24.43,24.5,2061663,VLMRA,Valmore Holding-EGP,0.007
2025-12-21,24.5,24.62,24.4,24.41,418748,VLMRA,Valmore Holding-EGP,0.007
2025-12-22,24.41,24.54,24.35,24.36,655570,VLMRA,Valmore Holding-EGP,0.007
2025-12-23,24.36,24.44,24.13,24.18,1283856,VLMRA,Valmore Holding-EGP,0.007
2025-12-24,24.18,24.34,24.14,24.15,895860,VLMRA,Valmore Holding-EGP,0.007
2025-12-25,24.15,24.32,24.15,24.29,606787,VLMRA,Valmore Holding-EGP,0.007
2025-12-28,24.29,24.43,24.22,24.26,452079,VLMRA,Valmore Holding-EGP,0.007
2025-12-29,24.26,24.3,24.17,24.2,661564,VLMRA,Valmore Holding-EGP,0.007
2025-12-30,24.2,24.26,24.07,24.07,674110,VLMRA,Valmore Holding-EGP,0.007
2025-12-31,24.07,24.36,24.07,24.22,1439750,VLMRA,Valmore Holding-EGP,0.007
2026-01-04,24.22,24.45,24.08,24.1,601802,VLMRA,Valmore Holding-EGP,0.007
2026-01-06,23.66,23.82,23.53,23.64,1408248,VLMRA,Valmore Holding-EGP,0.007
2026-01-08,23.64,23.9,23.64,23.7,1111070,VLMRA,Valmore Holding-EGP,0.007
2026-01-11,23.7,23.92,23.7,23.85,689654,VLMRA,Valmore Holding-EGP,0.007
2026-01-12,23.85,24.27,23.67,23.68,4784191,VLMRA,Valmore Holding-EGP,0.007
2026-01-13,23.68,23.85,23.23,23.25,1643005,VLMRA,Valmore Holding-EGP,0.007
2026-01-14,23.25,23.5,22.92,23.06,1197473,VLMRA,Valmore Holding-EGP,0.007
2026-01-15,23.06,23.24,22.7,22.8,1026749,VLMRA,Valmore Holding-EGP,0.007
2026-01-18,22.8,23.11,22.8,22.87,393537,VLMRA,Valmore Holding-EGP,0.007
2026-01-19,22.87,23.1,22.82,22.86,2762092,VLMRA,Valmore Holding-EGP,0.007
2026-01-20,22.86,23.11,22.86,22.9,1827465,VLMRA,Valmore Holding-EGP,0.007
2026-01-21,22.9,23.14,22.9,23.03,1225281,VLMRA,Valmore Holding-EGP,0.007
2026-01-22,23.03,24.09,23.03,24.09,4567620,VLMRA,Valmore Holding-EGP,0.007
2026-01-25,24.09,24.78,24.09,24.45,3983360,VLMRA,Valmore Holding-EGP,0.007
2026-01-26,24.45,24.55,24.11,24.35,5082680,VLMRA,Valmore Holding-EGP,0.007
2026-01-27,24.35,24.38,23.85,23.9,1946397,VLMRA,Valmore Holding-EGP,0.007
2026-01-28,23.9,24.22,23.52,23.7,1715468,VLMRA,Valmore Holding-EGP,0.007
2026-02-01,23.7,24.25,23.55,24.25,1517034,VLMRA,Valmore Holding-EGP,0.007
2026-02-02,24.25,24.4,24.1,24.18,2066481,VLMRA,Valmore Holding-EGP,0.007
2026-02-03,24.18,24.55,24.16,24.45,3513150,VLMRA,Valmore Holding-EGP,0.007
2026-02-04,24.45,24.45,24.2,24.25,3195577,VLMRA,Valmore Holding-EGP,0.007
2026-02-05,24.25,24.5,24.1,24.4,3947011,VLMRA,Valmore Holding-EGP,0.007
2026-02-08,24.4,26.37,24.4,26.37,30120239,VLMRA,Valmore Holding-EGP,0.007
2026-02-09,26.37,27.2,26.25,26.72,16262642,VLMRA,Valmore Holding-EGP,0.007
2026-02-10,26.72,27.25,26.7,27.0,10462162,VLMRA,Valmore Holding-EGP,0.007
2026-02-11,27.0,27.24,26.73,27.0,6213264,VLMRA,Valmore Holding-EGP,0.007
2026-02-12,27.0,27.0,26.71,26.8,2054511,VLMRA,Valmore Holding-EGP,0.007
2026-02-15,26.75,27.8,26.75,27.72,6999843,VLMRA,Valmore Holding-EGP,0.007
2026-02-16,27.72,28.65,27.72,27.78,15476714,VLMRA,Valmore Holding-EGP,0.007
2026-02-17,27.78,28.58,27.7,28.33,7265835,VLMRA,Valmore Holding-EGP,0.007
2026-02-18,28.33,29.4,28.33,28.93,7354870,VLMRA,Valmore Holding-EGP,0.007
2026-02-19,28.93,29.19,27.8,27.8,3021733,VLMRA,Valmore Holding-EGP,0.007
2026-02-22,27.8,28.17,27.04,27.3,2285898,VLMRA,Valmore Holding-EGP,0.007
2026-02-23,27.3,27.9,27.3,27.61,1973538,VLMRA,Valmore Holding-EGP,0.007
2026-02-24,27.61,28.09,27.26,27.53,1961944,VLMRA,Valmore Holding-EGP,0.007
2026-02-25,27.53,27.75,26.67,26.81,2367787,VLMRA,Valmore Holding-EGP,0.007
2026-02-26,26.81,27.55,26.77,27.23,3088218,VLMRA,Valmore Holding-EGP,0.007
2026-03-01,27.23,27.23,25.51,26.8,2154774,VLMRA,Valmore Holding-EGP,0.007
2026-03-02,26.8,27.08,26.51,26.73,1248358,VLMRA,Valmore Holding-EGP,0.007
2026-03-03,26.73,28.7,26.11,28.6,7473894,VLMRA,Valmore Holding-EGP,0.007
2026-03-04,28.6,29.55,28.5,28.74,7880857,VLMRA,Valmore Holding-EGP,0.007
2026-03-05,28.74,28.8,27.95,28.5,3409056,VLMRA,Valmore Holding-EGP,0.007
2026-03-08,28.5,31.0,28.5,30.5,12475070,VLMRA,Valmore Holding-EGP,0.007
2026-03-09,30.5,32.16,30.33,30.99,8172742,VLMRA,Valmore Holding-EGP,0.007
2026-03-10,30.99,30.99,29.5,30.01,2436547,VLMRA,Valmore Holding-EGP,0.007
2026-03-11,30.01,30.9,30.01,30.5,1481634,VLMRA,Valmore Holding-EGP,0.007
2026-03-12,30.5,31.9,30.5,31.7,4985093,VLMRA,Valmore Holding-EGP,0.007
2026-03-15,31.7,34.4,31.7,33.8,7138339,VLMRA,Valmore Holding-EGP,0.007
2026-03-16,33.8,34.09,32.51,32.67,2569496,VLMRA,Valmore Holding-EGP,0.007
2026-03-17,32.67,33.28,31.7,32.03,4397471,VLMRA,Valmore Holding-EGP,0.007
2026-03-18,32.03,32.59,31.81,32.5,991905,VLMRA,Valmore Holding-EGP,0.007
2026-03-24,32.5,34.25,32.5,33.86,4575183,VLMRA,Valmore Holding-EGP,0.007
2026-03-25,33.86,34.0,32.15,32.5,4353269,VLMRA,Valmore Holding-EGP,0.007
2026-03-26,32.5,32.98,31.65,31.7,1368550,VLMRA,Valmore Holding-EGP,0.007
2026-03-29,31.7,32.46,30.96,32.13,1490207,VLMRA,Valmore Holding-EGP,0.007
2026-03-30,32.13,32.39,31.24,31.55,2643365,VLMRA,Valmore Holding-EGP,0.007
2026-03-31,31.55,32.46,31.16,32.4,2465297,VLMRA,Valmore Holding-EGP,0.007
2026-04-01,32.4,33.11,31.88,32.17,2191755,VLMRA,Valmore Holding-EGP,0.007
2026-04-02,32.17,33.0,32.12,32.77,2635961,VLMRA,Valmore Holding-EGP,0.007
2026-04-05,32.77,33.3,32.3,32.5,1226562,VLMRA,Valmore Holding-EGP,0.007
2026-04-06,32.5,35.3,32.5,34.2,5456307,VLMRA,Valmore Holding-EGP,0.007
2026-04-07,34.2,35.0,33.75,34.5,6155119,VLMRA,Valmore Holding-EGP,0.007
2026-04-08,34.5,34.5,31.75,32.61,7161292,VLMRA,Valmore Holding-EGP,0.007
2026-04-09,32.61,33.3,32.1,32.64,3497207,VLMRA,Valmore Holding-EGP,0.007
2026-04-15,32.15,32.5,32.0,32.04,2605532,VLMRA,Valmore Holding-EGP,0.007
2026-04-16,32.04,32.65,31.7,32.0,5474636,VLMRA,Valmore Holding-EGP,0.007
2026-04-19,32.0,32.19,31.7,31.8,2920385,VLMRA,Valmore Holding-EGP,0.007
2026-04-20,31.8,32.08,31.6,31.96,3450197,VLMRA,Valmore Holding-EGP,0.007
2026-04-21,31.96,33.25,31.96,33.09,12354242,VLMRA,Valmore Holding-EGP,0.007
2026-04-22,33.09,34.45,33.09,34.33,6089894,VLMRA,Valmore Holding-EGP,0.007
2026-04-23,34.33,34.77,33.33,34.25,5022330,VLMRA,Valmore Holding-EGP,0.007
2026-04-26,34.25,35.0,34.25,34.9,4599678,VLMRA,Valmore Holding-EGP,0.007
2026-04-27,34.9,34.9,31.9,32.47,7265464,VLMRA,Valmore Holding-EGP,0.007
2026-04-28,32.47,32.7,32.32,32.5,2348002,VLMRA,Valmore Holding-EGP,0.007
2026-04-29,32.5,32.67,32.05,32.21,1347374,VLMRA,Valmore Holding-EGP,0.007
