symbol,variant,base_family,score_family,bars,window_scheme,gate_on_ratio,holdout_excess_return_vs_dca,holdout_cagr,holdout_sharpe,holdout_max_drawdown,wf_excess_return_vs_dca,holdout_pass
ABUK,pullback_base,dca_pullback_only,none,5805,primary,1.0,-0.40743933226537354,0.35448411028348614,0.9724491032925758,0.5719652924970564,-0.12193007369135209,0.0
ABUK,overlay_base,dca_tactical_overlay,none,5805,primary,1.0,-0.21797049800992863,0.3680314176828492,1.018392412050528,0.5469402861780706,0.37218789993842616,0.0
ABUK,pullback_soft_ichimoku,dca_pullback_only,blackcat_ichimoku,5805,primary,0.619931955211025,-0.4286672230982669,0.3529355091969666,0.9731963013623518,0.5713118721266579,-0.12118482408415418,0.0
ABUK,overlay_soft_ichimoku,dca_tactical_overlay,blackcat_ichimoku,5805,primary,0.5614599483204135,-0.2740881622709548,0.36406927128256017,1.0320832000784135,0.524300856775711,0.37814136829777933,0.0
ABUK,pullback_soft_zlema_band,dca_pullback_only,blackcat_zlema_band,5805,primary,0.6675986218776916,-0.40955656531363527,0.3543299417115908,0.9757419241558312,0.570801828238596,-0.12483851456133356,0.0
ABUK,overlay_soft_zlema_band,dca_tactical_overlay,blackcat_zlema_band,5805,primary,0.6164599483204135,-0.34965578741055836,0.35866747792227005,1.0221103851628401,0.5349683293549865,0.3955798061340904,0.0
ABUK,pullback_soft_combo,dca_pullback_only,combo,5805,primary,0.6437652885443583,-0.4179158960256597,0.3537206296533677,0.9745486118847758,0.5711019531418638,-0.12303483419719784,0.0
ABUK,overlay_soft_combo,dca_tactical_overlay,combo,5805,primary,0.5889599483204133,-0.17593839891708996,0.3709722070223487,1.047998999053116,0.5155861050024032,0.38675652218145745,0.0
ADIB,pullback_base,dca_pullback_only,none,5936,primary,1.0,-0.605492053711262,0.4342448527916243,1.0218354407631285,0.5731344455750031,-0.15587008416164105,0.0
ADIB,overlay_base,dca_tactical_overlay,none,5936,primary,1.0,-1.1426214605348273,0.4030257208783763,0.9877331916967482,0.5612252593883703,-0.024896959267510642,0.0
ADIB,pullback_soft_ichimoku,dca_pullback_only,blackcat_ichimoku,5936,primary,0.6206052055256064,-0.661495996726293,0.43110582351574633,1.0196799734912747,0.5732123379996938,-0.14871557190381718,0.0
ADIB,overlay_soft_ichimoku,dca_tactical_overlay,blackcat_ichimoku,5936,primary,0.562236775606469,-1.3855070986453173,0.3880202066266363,0.9775356111934225,0.5611266560617338,-0.03600408900837039,0.0
ADIB,pullback_soft_zlema_band,dca_pullback_only,blackcat_zlema_band,5936,primary,0.6554923349056603,-0.723067809676671,0.4276250033686608,1.0154226613863628,0.57322276247266,-0.1464380744386356,0.0
ADIB,overlay_soft_zlema_band,dca_tactical_overlay,blackcat_zlema_band,5936,primary,0.6024911556603774,-1.1330445685104076,0.4036053248785074,1.0046408632985864,0.5536542910043756,-0.02102748022264989,0.0
ADIB,pullback_soft_combo,dca_pullback_only,combo,5936,primary,0.6380487702156333,-0.6903072067927534,0.42948095844726497,1.0176704697764958,0.5732302152881485,-0.14739492079646496,0.0
ADIB,overlay_soft_combo,dca_tactical_overlay,combo,5936,primary,0.5823639656334232,-1.2611161791401617,0.39577977162739253,0.9911015669254776,0.5573210886504664,-0.027712162208218698,0.0
AMOC,pullback_base,dca_pullback_only,none,4958,primary,1.0,-0.013852022743144676,0.22719780642026177,0.7061368610069839,0.45521913869563735,0.012046622345552788,0.0
AMOC,overlay_base,dca_tactical_overlay,none,4958,primary,1.0,-0.19477048486345216,0.2011123672356665,0.6679727367426266,0.4514291292668402,0.36372061500851105,0.0
AMOC,pullback_soft_ichimoku,dca_pullback_only,blackcat_ichimoku,4958,primary,0.6065389269866881,-0.045833973484756374,0.22270407588872754,0.7012816848909318,0.45184945164833357,0.029935969790300623,0.0
AMOC,overlay_soft_ichimoku,dca_tactical_overlay,blackcat_ichimoku,4958,primary,0.5460064542154095,-0.23335783837135704,0.1953286442568003,0.6658969654545291,0.4325068369956845,0.3921842864571859,0.0
AMOC,pullback_soft_zlema_band,dca_pullback_only,blackcat_zlema_band,4958,primary,0.647730939895119,-0.0294692881451053,0.22500948136780274,0.7065226500582992,0.4526352711848539,0.030515159897074484,0.0
AMOC,overlay_soft_zlema_band,dca_tactical_overlay,blackcat_zlema_band,4958,primary,0.5935356998789835,-0.20726833613299656,0.19924804261693763,0.6730406816498761,0.42915911286819697,0.36614410244590373,0.0
AMOC,pullback_soft_combo,dca_pullback_only,combo,4958,primary,0.6271349334409037,-0.03817510685443315,0.22378461643004788,0.7037234556328335,0.4522429933482044,0.030404767596025492,0.0
AMOC,overlay_soft_combo,dca_tactical_overlay,combo,4958,primary,0.5697710770471964,-0.22523125011463252,0.1965535279015811,0.6679769030361913,0.4313546856639554,0.3851044529671333,0.0
ARCC,pullback_base,dca_pullback_only,none,2871,primary,1.0,-0.04903208246859769,1.2068832622076524,1.7509910691511654,0.42664347958154725,0.00191567122441399,0.0
ARCC,overlay_base,dca_tactical_overlay,none,2871,primary,1.0,-0.5170075925405371,1.130101152425968,1.6931147467903958,0.42499543024483233,0.0018805644768635171,0.0
ARCC,pullback_soft_ichimoku,dca_pullback_only,blackcat_ichimoku,2871,primary,0.6441300940438872,-0.05023959816675205,1.206689506919043,1.7575667058887607,0.4259119382526959,0.008589262662034757,0.0
ARCC,overlay_soft_ichimoku,dca_tactical_overlay,blackcat_ichimoku,2871,primary,0.5893808777429467,-0.8475249097533659,1.0736734153900125,1.6928989669340502,0.4128180396791662,0.0038547189228487007,0.0
ARCC,pullback_soft_zlema_band,dca_pullback_only,blackcat_zlema_band,2871,primary,0.6541597004528038,-0.11434047026038563,1.196372741249402,1.7544238213727454,0.4261175055887314,0.011304220362302587,0.0
ARCC,overlay_soft_zlema_band,dca_tactical_overlay,blackcat_zlema_band,2871,primary,0.6009535005224661,-0.8242561551427645,1.0777099992121841,1.6890630619617562,0.4231882150992454,0.005879774736698398,0.0
ARCC,pullback_soft_combo,dca_pullback_only,combo,2871,primary,0.6491448972483456,-0.07007228774224217,1.2035040913575688,1.756944579390921,0.42620566589161246,0.009716931393728706,0.0
ARCC,overlay_soft_combo,dca_tactical_overlay,combo,2871,primary,0.5951671891327064,-0.8281261893259471,1.0770393316467222,1.6924101347699294,0.4178626823381978,0.004668780597511635,0.0
BFTH,pullback_base,dca_pullback_only,none,3304,primary,1.0,-0.011269001313706895,-0.11731744844842029,-0.0910725445191626,0.48007693575640886,-0.02897960815487418,0.0
BFTH,overlay_base,dca_tactical_overlay,none,3304,primary,1.0,-0.044102601410288766,-0.13289774733664428,-0.1347507422021976,0.5198622082751613,0.015025791483534019,0.0
BFTH,pullback_soft_ichimoku,dca_pullback_only,blackcat_ichimoku,3304,primary,0.5846806900726392,0.001970827527478569,-0.11115882163011481,-0.08827843531173786,0.4741836779104538,-0.010741255933353896,1.0
BFTH,overlay_soft_ichimoku,dca_tactical_overlay,blackcat_ichimoku,3304,primary,0.5207854116222761,0.00032861114907645206,-0.11191897026676367,-0.0923417380620616,0.49768793262252864,0.05266948042096263,1.0
BFTH,pullback_soft_zlema_band,dca_pullback_only,blackcat_zlema_band,3304,primary,0.6366275726392251,0.04409732424400192,-0.09200747994423575,-0.04733593153397615,0.47482583885406837,-0.006674377104072875,1.0
BFTH,overlay_soft_zlema_band,dca_tactical_overlay,blackcat_zlema_band,3304,primary,0.5807241222760291,-0.0050658765240484405,-0.11442339541180846,-0.10399404413861471,0.496945593556819,0.04335415232721018,0.0
BFTH,pullback_soft_combo,dca_pullback_only,combo,3304,primary,0.6106541313559322,0.022708316393191263,-0.10164883437842154,-0.06875830277364907,0.4746925935090841,-0.007813171514420566,1.0
BFTH,overlay_soft_combo,dca_tactical_overlay,combo,3304,primary,0.5507547669491525,-0.002482067293431478,-0.11322242014096295,-0.09847613881309547,0.496674394935538,0.04912634339099487,0.0
CCAP,pullback_base,dca_pullback_only,none,3930,primary,1.0,-0.1526756416801096,0.21907816962280258,0.6400146352363639,0.5170729429736093,0.05119681681234844,0.0
CCAP,overlay_base,dca_tactical_overlay,none,3930,primary,1.0,-0.21843156650908702,0.2050239521283055,0.6213909991224528,0.49007124477473984,0.018496111361808915,0.0
CCAP,pullback_soft_ichimoku,dca_pullback_only,blackcat_ichimoku,3930,primary,0.6208085241730279,-0.18216824387690123,0.21281720700284734,0.6312026696902365,0.5155368502120488,0.04977921115624198,0.0
CCAP,overlay_soft_ichimoku,dca_tactical_overlay,blackcat_ichimoku,3930,primary,0.5624713740458015,-0.250417158387221,0.1980604216886368,0.6150398974068984,0.47066883171090446,0.013592935474884174,0.0
CCAP,pullback_soft_zlema_band,dca_pullback_only,blackcat_zlema_band,3930,primary,0.6494961832061069,-0.1717741965643369,0.21503154263262525,0.6353853202757063,0.5158958294059406,0.05600563431843497,0.0
CCAP,overlay_soft_zlema_band,dca_tactical_overlay,blackcat_zlema_band,3930,primary,0.5955725190839696,-0.22939091255816657,0.2026476085306783,0.6221320005002124,0.4788307739271539,0.014733092774251041,0.0
CCAP,pullback_soft_combo,dca_pullback_only,combo,3930,primary,0.6351523536895675,-0.17881420879855647,0.2135326808278155,0.6326087498383077,0.5157337621129433,0.05300979776341493,0.0
CCAP,overlay_soft_combo,dca_tactical_overlay,combo,3930,primary,0.5790219465648854,-0.24557898768764042,0.1991192303922018,0.6164951238498735,0.4726104599074613,0.014292705341930213,0.0
COMI,pullback_base,dca_pullback_only,none,6039,primary,1.0,0.05953340201288704,0.37582153525727646,1.163859788970435,0.3468375046869555,-0.07514159750347843,1.0
COMI,overlay_base,dca_tactical_overlay,none,6039,primary,1.0,-0.45917440317846925,0.3418820302061909,1.1129187062073762,0.3308116450473655,0.05566824465439125,0.0
COMI,pullback_soft_ichimoku,dca_pullback_only,blackcat_ichimoku,6039,primary,0.6654528895512501,0.06837738160658624,0.37637337720148967,1.177079970225755,0.3352239095403101,-0.07486979000426802,1.0
COMI,overlay_soft_ichimoku,dca_tactical_overlay,blackcat_ichimoku,6039,primary,0.6139841033283657,-0.6504305534688033,0.3285045210896358,1.1112000093502095,0.3219028543830865,0.07060272476767626,0.0
COMI,pullback_soft_zlema_band,dca_pullback_only,blackcat_zlema_band,6039,primary,0.6731971352872992,0.10809046498343466,0.37884110441445573,1.1816470530789938,0.33645504941410576,-0.08341347914653734,1.0
COMI,overlay_soft_zlema_band,dca_tactical_overlay,blackcat_zlema_band,6039,primary,0.6229197714853453,-0.5606430677055543,0.3348479918527165,1.1255810119775012,0.31845057793341636,0.08931271568532025,0.0
COMI,pullback_soft_combo,dca_pullback_only,combo,6039,primary,0.6693250124192747,0.09121352627607937,0.37779443399184776,1.1798377555885824,0.33594800320697504,-0.07877172641202916,1.0
COMI,overlay_soft_combo,dca_tactical_overlay,combo,6039,primary,0.6184519374068554,-0.6259516498656938,0.3302453288979077,1.1153672698255597,0.3200798534925785,0.07990819562663576,0.0
EAST,pullback_base,dca_pullback_only,none,5592,primary,1.0,-0.5639448852823428,0.3644793155211403,0.9754670470044536,0.4066574845496289,-0.11198844331258481,0.0
EAST,overlay_base,dca_tactical_overlay,none,5592,primary,1.0,-0.4077533318464326,0.3764247749916645,1.0075445284875673,0.3919673521877951,3.335011147800095,0.0
EAST,pullback_soft_ichimoku,dca_pullback_only,blackcat_ichimoku,5592,primary,0.653350768955651,-0.5548011322899251,0.36518857473406374,0.9789782109802311,0.4052575889300062,-0.12318767267273753,0.0
EAST,overlay_soft_ichimoku,dca_tactical_overlay,blackcat_ichimoku,5592,primary,0.6000201180257511,-0.6680790692006493,0.356311151062789,0.9901848229533956,0.37091004583246334,3.9377303122684593,0.0
EAST,pullback_soft_zlema_band,dca_pullback_only,blackcat_zlema_band,5592,primary,0.6734307939914163,-0.5136651245911956,0.3683638540928391,0.9850819317086306,0.40560196353187583,-0.14163809327178403,0.0
EAST,overlay_soft_zlema_band,dca_tactical_overlay,blackcat_zlema_band,5592,primary,0.6231893776824035,-0.7488710550841167,0.34985556802108064,0.9801708521362518,0.37761671687929,3.837936217863605,0.0
EAST,pullback_soft_combo,dca_pullback_only,combo,5592,primary,0.6633907814735336,-0.5367617640334026,0.36658414804116046,0.9815475943073774,0.40543339580022186,-0.12902123949252037,0.0
EAST,overlay_soft_combo,dca_tactical_overlay,combo,5592,primary,0.6116047478540773,-0.6776659470493609,0.35555062541979976,0.9897828550537452,0.37420264345168697,3.8894393008716572,0.0
EFID,pullback_base,dca_pullback_only,none,2459,primary,1.0,0.10008120930484277,-0.08640627120300504,0.07463128569134025,0.608500732270709,-0.14337563193829167,1.0
EFID,overlay_base,dca_tactical_overlay,none,2459,primary,1.0,0.04130824029052538,-0.11990587760726845,-0.04133158687636961,0.6076114673277635,0.01107835192393554,1.0
EFID,pullback_soft_ichimoku,dca_pullback_only,blackcat_ichimoku,2459,primary,0.6218289955266368,0.17086522499582935,-0.047539847895522014,0.15082866233329734,0.571535928723336,-0.1524485482654103,1.0
EFID,overlay_soft_ichimoku,dca_tactical_overlay,blackcat_ichimoku,2459,primary,0.5636488409922732,0.06806019193254553,-0.10451095241178299,-0.012491135474140602,0.5837585626568749,-0.008515969947519339,1.0
EFID,pullback_soft_zlema_band,dca_pullback_only,blackcat_zlema_band,2459,primary,0.6338826758845058,0.1518851330353056,-0.05781288523549688,0.13010924994123074,0.5830915299210693,-0.1358723475377063,1.0
EFID,overlay_soft_zlema_band,dca_tactical_overlay,blackcat_zlema_band,2459,primary,0.5775569337128914,0.05248593843580096,-0.11344274980495628,-0.03337221047482052,0.5966174778833468,-0.002116491884499333,1.0
EFID,pullback_soft_combo,dca_pullback_only,combo,2459,primary,0.6278558357055714,0.16197094131817813,-0.05234081264508572,0.14134610637008585,0.5773720080597533,-0.14372252361673793,1.0
EFID,overlay_soft_combo,dca_tactical_overlay,combo,2459,primary,0.5706028873525824,0.055197794618188745,-0.11188140747722408,-0.031592459322183776,0.5893440878938705,-0.004683757611831374,1.0
EFIH,pullback_base,dca_pullback_only,none,1076,fallback,1.0,0.39082703382252215,0.611738296014837,1.6520757741476717,0.21934291739079115,0.049621855514981106,1.0
EFIH,overlay_base,dca_tactical_overlay,none,1076,fallback,1.0,-0.05885144499416817,0.059290887914768886,0.41052260304932087,0.4291571270546285,-0.057036102038529185,0.0
EFIH,pullback_soft_ichimoku,dca_pullback_only,blackcat_ichimoku,1076,fallback,0.5948977695167286,0.3643150657436134,0.57824160075972,1.71386108748802,0.2179633588058303,0.013753942378078254,1.0
EFIH,overlay_soft_ichimoku,dca_tactical_overlay,blackcat_ichimoku,1076,fallback,0.5325743494423791,-0.045858378830413216,0.07474150283494452,0.4332815322672837,0.4200578326670501,-0.06676113125232605,0.0
EFIH,pullback_soft_zlema_band,dca_pullback_only,blackcat_zlema_band,1076,fallback,0.638996282527881,0.3819100862403084,0.6004602984494234,1.7284646823556744,0.2162212315288241,0.011094629942708684,1.0
EFIH,overlay_soft_zlema_band,dca_tactical_overlay,blackcat_zlema_band,1076,fallback,0.5834572490706319,-0.006959673455423587,0.1211969915702138,0.5129876792813225,0.40454061770452554,-0.074615202741981,0.0
EFIH,pullback_soft_combo,dca_pullback_only,combo,1076,fallback,0.6169470260223049,0.3725676085410665,0.5886569408623197,1.720913391946727,0.2174720925352409,0.012253862300228485,1.0
EFIH,overlay_soft_combo,dca_tactical_overlay,combo,1076,fallback,0.5580157992565056,-0.02638974612910805,0.0979552205618075,0.4727245005540402,0.4123237338839736,-0.06722366429046256,0.0
EGAL,pullback_base,dca_pullback_only,none,5411,primary,1.0,-0.2803809302087501,0.7902310580861043,1.3725288902721993,0.5157359703073103,0.03383749464108309,0.0
EGAL,overlay_base,dca_tactical_overlay,none,5411,primary,1.0,-1.5767734265226636,0.7437925878541363,1.3421391633081952,0.5006798770143895,-0.01362176963157259,0.0
EGAL,pullback_soft_ichimoku,dca_pullback_only,blackcat_ichimoku,5411,primary,0.6173576972833118,-0.2469257636496014,0.7913781276160037,1.3833764078257522,0.468430257819916,0.0037995298612220393,0.0
EGAL,overlay_soft_ichimoku,dca_tactical_overlay,blackcat_ichimoku,5411,primary,0.5584896507115136,-2.3840289516429465,0.7126824558890661,1.3372913094095125,0.482947724124116,-0.017861479402921324,0.0
EGAL,pullback_soft_zlema_band,dca_pullback_only,blackcat_zlema_band,5411,primary,0.6577559600813158,-0.30460138925522173,0.7893991054798148,1.383524846385071,0.46352765551364195,-0.06560523917797363,0.0
EGAL,overlay_soft_zlema_band,dca_tactical_overlay,blackcat_zlema_band,5411,primary,0.6051030308630567,-1.6369388875405324,0.7415362446383953,1.3672299623981357,0.4851988728204093,-0.02699072964673356,0.0
EGAL,pullback_soft_combo,dca_pullback_only,combo,5411,primary,0.6375568286823138,-0.276052003976071,0.79037961919908,1.3833897849766157,0.4624631744916988,-0.02770172353997355,0.0
EGAL,overlay_soft_combo,dca_tactical_overlay,combo,5411,primary,0.5817963407872851,-1.985701291857433,0.728263533179865,1.3538592585333105,0.4838861128501165,-0.023459661041863093,0.0
EGCH,pullback_base,dca_pullback_only,none,5354,primary,1.0,-0.26806198911580426,0.3789424316802241,0.9538613352311051,0.4920227293005879,-0.061481535695314414,0.0
EGCH,overlay_base,dca_tactical_overlay,none,5354,primary,1.0,-0.5703442122366398,0.3530204967564927,0.9263671276014153,0.46716456521436445,0.0013279786077327255,0.0
EGCH,pullback_soft_ichimoku,dca_pullback_only,blackcat_ichimoku,5354,primary,0.6078997011580126,-0.20446549372866896,0.384199640443208,0.9648320416458438,0.4907908124829823,-0.08372514151322107,0.0
EGCH,overlay_soft_ichimoku,dca_tactical_overlay,blackcat_ichimoku,5354,primary,0.5475765782592454,-0.5015843350605911,0.35905886792651986,0.9556411185506261,0.44416236785701546,-0.02226319487520568,0.0
EGCH,pullback_soft_zlema_band,dca_pullback_only,blackcat_zlema_band,5354,primary,0.6219644191258871,-0.21332185849530383,0.383471402217632,0.9638111498393659,0.4909902930607619,-0.0956263066491357,0.0
EGCH,overlay_soft_zlema_band,dca_tactical_overlay,blackcat_zlema_band,5354,primary,0.5638050989914083,-0.6064897168888121,0.34981090146106597,0.9396024659783729,0.4527357107483303,-0.005876029784461717,0.0
EGCH,pullback_soft_combo,dca_pullback_only,combo,5354,primary,0.6149320601419499,-0.20931464343364192,0.3838010600831243,0.9642613400207584,0.4908901829640071,-0.08892265680246136,0.0
EGCH,overlay_soft_combo,dca_tactical_overlay,combo,5354,primary,0.5556908386253269,-0.5264619982696392,0.3568842042396978,0.9520905700014739,0.44470741965292737,-0.013117699350091681,0.0
EMFD,pullback_base,dca_pullback_only,none,2607,primary,1.0,0.06885719250549416,0.5477799547709397,1.1433946981835734,0.4606626669629085,0.02085952021240896,1.0
EMFD,overlay_base,dca_tactical_overlay,none,2607,primary,1.0,-0.17478025896265326,0.4715906811959709,1.050364924434868,0.4422860667802092,-0.014623093517239782,0.0
EMFD,pullback_soft_ichimoku,dca_pullback_only,blackcat_ichimoku,2607,primary,0.6232393555811276,-0.5628987337208706,0.3406958019063333,0.9280928301514828,0.37405235417377125,0.02723384160831092,0.0
EMFD,overlay_soft_ichimoku,dca_tactical_overlay,blackcat_ichimoku,2607,primary,0.5652761795166859,-0.24098469265397648,0.45015088451431673,1.0457950992076337,0.4290927336294479,-0.015855614915756305,0.0
EMFD,pullback_soft_zlema_band,dca_pullback_only,blackcat_zlema_band,2607,primary,0.6536574606827772,-0.5423591819518592,0.3479622714841586,0.9430871347004103,0.3689959841177409,0.025434930243668757,0.0
EMFD,overlay_soft_zlema_band,dca_tactical_overlay,blackcat_zlema_band,2607,primary,0.6003739930955121,-0.1880938814724531,0.46730592473938937,1.0664958890780096,0.4316582090465251,-0.014330317113451488,0.0
EMFD,pullback_soft_combo,dca_pullback_only,combo,2607,primary,0.6384484081319524,-0.55229424487268,0.34445266658243767,0.9358177685607546,0.371405207625512,0.026431746417627872,0.0
EMFD,overlay_soft_combo,dca_tactical_overlay,combo,2607,primary,0.5828250863060989,-0.21099710073370925,0.45990362307591237,1.0581076904938804,0.43027074403392973,-0.014872717803024817,0.0
ETEL,pullback_base,dca_pullback_only,none,4909,primary,1.0,-0.043524330762784835,0.517121808550637,1.2932016261547048,0.2998887173579078,-0.04689015363160748,0.0
ETEL,overlay_base,dca_tactical_overlay,none,4909,primary,1.0,-0.6214089962011435,0.47052138351673767,1.2098293096698,0.2985750355152217,-0.013669084473082899,0.0
ETEL,pullback_soft_ichimoku,dca_pullback_only,blackcat_ichimoku,4909,primary,0.6386203911183541,-0.1201382025511748,0.5111789952641634,1.2871323731858566,0.2994424193917794,-0.046013780047945485,0.0
ETEL,overlay_soft_ichimoku,dca_tactical_overlay,blackcat_ichimoku,4909,primary,0.5830235282134855,-0.7649457110481768,0.4582592421608489,1.216509001432519,0.29046639054285606,-0.00928812303596029,0.0
ETEL,pullback_soft_zlema_band,dca_pullback_only,blackcat_zlema_band,4909,primary,0.6593822570788348,-0.11593430904004265,0.5115068385891857,1.2896970870286284,0.29870506384963413,-0.04564001652586729,0.0
ETEL,overlay_soft_zlema_band,dca_tactical_overlay,blackcat_zlema_band,4909,primary,0.6069795273986556,-0.9577520118047058,0.4413042809269343,1.1913434523379363,0.2881313917105124,-0.012692720614892869,0.0
ETEL,pullback_soft_combo,dca_pullback_only,combo,4909,primary,0.6490013240985945,-0.11268240275406516,0.5117602997406183,1.2886134282814348,0.2987553049790751,-0.046057829969808804,0.0
ETEL,overlay_soft_combo,dca_tactical_overlay,combo,4909,primary,0.5950015278060705,-0.8461645609025972,0.45118671261657184,1.2067943673337747,0.2898421743852503,-0.010195701214623728,0.0
FWRY,pullback_base,dca_pullback_only,none,1610,primary,1.0,-0.09617020606989479,0.8419329741641186,2.0695432466019006,0.18659497661935776,-0.09003837293176893,0.0
FWRY,overlay_base,dca_tactical_overlay,none,1610,primary,1.0,-0.09130235405892284,0.8451651434529945,1.9788442872351246,0.18852297149284736,-0.10525473462551904,0.0
FWRY,pullback_soft_ichimoku,dca_pullback_only,blackcat_ichimoku,1610,primary,0.6797639751552794,-0.1390392550388997,0.8134010986992302,2.0516784677432938,0.1864285420191515,-0.11251566846772103,0.0
FWRY,overlay_soft_ichimoku,dca_tactical_overlay,blackcat_ichimoku,1610,primary,0.630496894409938,-0.16827209415444022,0.7938743108820712,1.949763506549262,0.17807056555672163,-0.11354542357493418,0.0
FWRY,pullback_soft_zlema_band,dca_pullback_only,blackcat_zlema_band,1610,primary,0.6712655279503104,-0.16140321377641786,0.798467757415058,2.0400012493253965,0.18523337075444646,-0.12513599525617525,0.0
FWRY,overlay_soft_zlema_band,dca_tactical_overlay,blackcat_zlema_band,1610,primary,0.6206909937888199,-0.2050544287431042,0.7692215967725524,1.9317429626850806,0.1771161990157677,-0.0984618750860271,0.0
FWRY,pullback_soft_combo,dca_pullback_only,combo,1610,primary,0.675514751552795,-0.147603484381714,0.8076864009289506,2.047046528962603,0.18610917799562643,-0.1170937778275875,0.0
FWRY,overlay_soft_combo,dca_tactical_overlay,combo,1610,primary,0.6255939440993789,-0.19009913248685129,0.7792563975290845,1.937565183721464,0.17908244311848054,-0.10444976026460728,0.0
GBCO,pullback_base,dca_pullback_only,none,4398,primary,1.0,-0.5504490535860036,0.784502854924469,1.4510086490297915,0.3006606434964718,0.0023482784981745885,0.0
GBCO,overlay_base,dca_tactical_overlay,none,4398,primary,1.0,-1.5552653206890144,0.7125494532145158,1.3738849130059816,0.3010163418192081,0.010886556321345924,0.0
GBCO,pullback_soft_ichimoku,dca_pullback_only,blackcat_ichimoku,4398,primary,0.6432759208731241,-0.5695521852809673,0.7832008776215391,1.4516175666743367,0.2982289346435629,-0.0031705466896092827,0.0
GBCO,overlay_soft_ichimoku,dca_tactical_overlay,blackcat_ichimoku,4398,primary,0.5883952933151433,-1.992530181102527,0.6787488575635816,1.3621085424151143,0.2948386510028079,0.007477254195492755,0.0
GBCO,pullback_soft_zlema_band,dca_pullback_only,blackcat_zlema_band,4398,primary,0.6634203046839472,-0.5933431137252336,0.7815760937292247,1.4523882700588895,0.2958525140342043,-0.003386921752685096,0.0
GBCO,overlay_soft_zlema_band,dca_tactical_overlay,blackcat_zlema_band,4398,primary,0.6116388130968623,-1.8413353261832297,0.6906266767995555,1.3811746633527695,0.2899624412521655,0.0037130267807047312,0.0
GBCO,pullback_soft_combo,dca_pullback_only,combo,4398,primary,0.6533481127785358,-0.5859302232097079,0.7820827463505471,1.4514463427396258,0.2971867701270551,-0.0034264249323025854,0.0
GBCO,overlay_soft_combo,dca_tactical_overlay,combo,4398,primary,0.6000170532060027,-1.9016250874738017,0.6859152343585264,1.3732040642055372,0.29224515270384777,0.005492303303491097,0.0
HELI,pullback_base,dca_pullback_only,none,5569,primary,1.0,0.08476436126584508,0.01645491217436379,0.3854353717381346,0.7589549352544224,0.0029081287348029982,1.0
HELI,overlay_base,dca_tactical_overlay,none,5569,primary,1.0,0.0680645479102282,0.012853741671777108,0.32258282635834323,0.6925804388952852,0.5518466173862092,1.0
HELI,pullback_soft_ichimoku,dca_pullback_only,blackcat_ichimoku,5569,primary,0.62861061231819,0.07736181320146396,0.014863995838811928,0.38089910725340004,0.7571165731963432,-0.014481386041210798,1.0
HELI,overlay_soft_ichimoku,dca_tactical_overlay,blackcat_ichimoku,5569,primary,0.5714737834440654,0.060244508513691786,0.011152287202936595,0.3114528304181952,0.6863002854174034,0.6828549305387049,1.0
HELI,pullback_soft_zlema_band,dca_pullback_only,blackcat_zlema_band,5569,primary,0.6618751122284072,0.07943964984567131,0.015311412767401666,0.38048295226546924,0.7566443865469149,0.0015710253296256638,1.0
HELI,overlay_soft_zlema_band,dca_tactical_overlay,blackcat_zlema_band,5569,primary,0.6098558987250853,0.09706146770594692,0.019079107255704608,0.3303111997439701,0.6959365080056454,0.6508445109353239,1.0
HELI,pullback_soft_combo,dca_pullback_only,combo,5569,primary,0.6452428622732986,0.07943622861700739,0.015310676633055076,0.3811772430245775,0.7568206735862855,-0.005580177577303161,1.0
HELI,overlay_soft_combo,dca_tactical_overlay,combo,5569,primary,0.5906648410845753,0.07957817941911527,0.015341218183196892,0.3213562250770826,0.6910219497766793,0.6691495214309108,1.0
HRHO,pullback_base,dca_pullback_only,none,5955,primary,1.0,-0.04669129328092447,0.28468233261789044,0.8860592511995523,0.41739281677615747,-0.09625984297289361,0.0
HRHO,overlay_base,dca_tactical_overlay,none,5955,primary,1.0,-0.30864625420022396,0.26212350742077883,0.8568838399590819,0.3979824695240889,0.11355038254787403,0.0
HRHO,pullback_soft_ichimoku,dca_pullback_only,blackcat_ichimoku,5955,primary,0.6362128463476071,-0.06959813546198523,0.28276780593760953,0.8843840932320324,0.41550434948876347,-0.11197535807675577,0.0
HRHO,overlay_soft_ichimoku,dca_tactical_overlay,blackcat_ichimoku,5955,primary,0.5802455919395465,-0.3278721139721359,0.2604075174755105,0.8699358241335524,0.3884017328049024,0.05771309051784277,0.0
HRHO,pullback_soft_zlema_band,dca_pullback_only,blackcat_zlema_band,5955,primary,0.6657220822837951,-0.04723776833633542,0.28463678238348034,0.889285830536952,0.413952413551385,-0.1345604576011509,0.0
HRHO,overlay_soft_zlema_band,dca_tactical_overlay,blackcat_zlema_band,5955,primary,0.614294710327456,-0.2103581982328815,0.27076320927425024,0.8966628407182957,0.38953089990802936,0.06324314706307729,0.0
HRHO,pullback_soft_combo,dca_pullback_only,combo,5955,primary,0.6509674643157011,-0.057627510002647764,0.2837696222728536,0.8867736033880647,0.41492191843052517,-0.1210297661120895,0.0
HRHO,overlay_soft_combo,dca_tactical_overlay,combo,5955,primary,0.5972701511335012,-0.25539648094215295,0.2668314703161965,0.8863261078499849,0.3890129456594327,0.0613332563433572,0.0
ISPH,pullback_base,dca_pullback_only,none,2012,primary,1.0,-0.38317585503661666,1.2371483519247728,2.114059706515603,0.239694892580818,0.03444165969048809,0.0
ISPH,overlay_base,dca_tactical_overlay,none,2012,primary,1.0,-0.27784812620865074,1.278046141183653,2.127021063180074,0.23190382893480233,0.03478056933691953,0.0
ISPH,pullback_soft_ichimoku,dca_pullback_only,blackcat_ichimoku,2012,primary,0.6248931411530815,-0.38655450803058145,1.2358291493160567,2.1153160879542443,0.23975968729160324,0.055443459943478414,0.0
ISPH,overlay_soft_ichimoku,dca_tactical_overlay,blackcat_ichimoku,2012,primary,0.5671843936381711,-0.484098115497702,1.1975421020338608,2.091122044223624,0.21798099854518171,0.03637075236718641,0.0
ISPH,pullback_soft_zlema_band,dca_pullback_only,blackcat_zlema_band,2012,primary,0.6366202783300198,-0.4170745625982768,1.2238915906988161,2.112737919938163,0.2397757808807175,0.054140361873430985,0.0
ISPH,overlay_soft_zlema_band,dca_tactical_overlay,blackcat_zlema_band,2012,primary,0.5807157057654077,-0.5163539015808052,1.1847943776543088,2.0985000544955774,0.2213875792727641,0.03214381785834144,0.0
ISPH,pullback_soft_combo,dca_pullback_only,combo,2012,primary,0.6307567097415507,-0.3957609974828724,1.2322321167598416,2.114685138958124,0.23977389593669007,0.05595663794839878,0.0
ISPH,overlay_soft_combo,dca_tactical_overlay,combo,2012,primary,0.5739500497017892,-0.49198401810226144,1.1944295806444813,2.09939254651413,0.21964016827359234,0.03542623280785666,0.0
JUFO,pullback_base,dca_pullback_only,none,3746,primary,1.0,0.052228015141219775,0.35279373869007413,0.8794243721294677,0.4350792758040004,-0.02490450043447781,1.0
JUFO,overlay_base,dca_tactical_overlay,none,3746,primary,1.0,-0.1014568162659355,0.32361371364725655,0.8307214823695671,0.4025769311727363,0.008760736318420094,0.0
JUFO,pullback_soft_ichimoku,dca_pullback_only,blackcat_ichimoku,3746,primary,0.6469420715429791,0.009308990662688199,0.34476976800787695,0.8717612447972927,0.43085951341994355,-0.026419947385742097,1.0
JUFO,overlay_soft_ichimoku,dca_tactical_overlay,blackcat_ichimoku,3746,primary,0.592625467164976,-0.16826378760195526,0.3105249950312514,0.8229221042211001,0.3868663847680789,0.014924420388836512,0.0
JUFO,pullback_soft_zlema_band,dca_pullback_only,blackcat_zlema_band,3746,primary,0.6564942605445809,0.031023435601122085,0.3488411564417233,0.877587730265112,0.43243063635891577,-0.024537188836525385,1.0
JUFO,overlay_soft_zlema_band,dca_tactical_overlay,blackcat_zlema_band,3746,primary,0.6036472237052856,-0.1279104135346394,0.31846152968745267,0.8376515429147624,0.3844376939287587,0.011822597830150786,0.0
JUFO,pullback_soft_combo,dca_pullback_only,combo,3746,primary,0.6517181660437801,0.014301422620544901,0.34570798033116024,0.8727028183864715,0.43173553955809774,-0.025160333101421663,1.0
JUFO,overlay_soft_combo,dca_tactical_overlay,combo,3746,primary,0.5981363454351308,-0.14280964927845252,0.3155421782062502,0.8321148879325059,0.3856099722208953,0.013737775472954399,0.0
MCQE,pullback_base,dca_pullback_only,none,5907,primary,1.0,-1.125469436343618,0.957308702676086,1.6083993174722997,0.4754383059088042,0.5217030269586808,0.0
MCQE,overlay_base,dca_tactical_overlay,none,5907,primary,1.0,-1.8317656108878175,0.9444345418679005,1.6166052202450356,0.4434918423355064,0.6463222825071185,0.0
MCQE,pullback_soft_ichimoku,dca_pullback_only,blackcat_ichimoku,5907,primary,0.6423954630099881,-2.074178908873737,0.9399426478735526,1.600247607277949,0.47493024527392314,0.33723146954938876,0.0
MCQE,overlay_soft_ichimoku,dca_tactical_overlay,blackcat_ichimoku,5907,primary,0.5873793803961402,-2.5818619591178944,0.9304092571553155,1.6299653100295823,0.4258476550970628,0.7136149295013531,0.0
MCQE,pullback_soft_zlema_band,dca_pullback_only,blackcat_zlema_band,5907,primary,0.6544832402234636,-3.7521226749399617,0.9077484330596624,1.5779633787094627,0.47500810058719045,0.24059506805942826,0.0
MCQE,overlay_soft_zlema_band,dca_tactical_overlay,blackcat_zlema_band,5907,primary,0.6013268156424582,-3.004235313785852,0.9223435709777081,1.6321242065695483,0.4279123757279203,0.6161255791795367,0.0
MCQE,pullback_soft_combo,dca_pullback_only,combo,5907,primary,0.648439351616726,-2.9093172566282384,0.9241670044721402,1.589380830704938,0.47506106170523177,0.29004360151811415,0.0
MCQE,overlay_soft_combo,dca_tactical_overlay,combo,5907,primary,0.5943530980192991,-2.753181076873844,0.9271527037971117,1.632180171046461,0.4268627468568593,0.6665050788663784,0.0
OIH,pullback_base,dca_pullback_only,none,5948,primary,1.0,1.8075237335169199,0.5134716254599814,1.0672770510459921,0.411478447014057,0.02011570686307701,1.0
OIH,overlay_base,dca_tactical_overlay,none,5948,primary,1.0,-1.1591860805334413,0.34804325740567443,0.8635202948438778,0.38366441442120325,0.004837236276610956,0.0
OIH,pullback_soft_ichimoku,dca_pullback_only,blackcat_ichimoku,5948,primary,0.6057271351714861,1.7342787909261919,0.5101245181240981,1.0675001206101087,0.4088627574956901,0.021867300720036145,1.0
OIH,overlay_soft_ichimoku,dca_tactical_overlay,blackcat_ichimoku,5948,primary,0.5450697713517149,-1.2150294947642752,0.34411545904621543,0.8679095458955128,0.3838830859422627,0.007920319401090928,0.0
OIH,pullback_soft_zlema_band,dca_pullback_only,blackcat_zlema_band,5948,primary,0.6521986381977135,1.7690384414024125,0.5117163778264417,1.0688684314033192,0.40945835317267343,0.020208312489367216,1.0
OIH,overlay_soft_zlema_band,dca_tactical_overlay,blackcat_zlema_band,5948,primary,0.5986907363819771,-1.2434909536373207,0.34209708197708566,0.8658526691758859,0.3733371853663747,0.009133495272167284,0.0
OIH,pullback_soft_combo,dca_pullback_only,combo,5948,primary,0.6289628866845999,1.7697445873882645,0.5117486521639552,1.068824567805178,0.40933040445735724,0.02230902514265541,1.0
OIH,overlay_soft_combo,dca_tactical_overlay,combo,5948,primary,0.5718802538668459,-1.2617404931087837,0.34079693835905567,0.8633993794360241,0.3803888080474297,0.00934821177268452,0.0
ORAS,pullback_base,dca_pullback_only,none,2676,primary,1.0,-1.072427584167004,0.41496858474930653,1.2891294536504476,0.22665213485788427,0.040199872626774505,0.0
ORAS,overlay_base,dca_tactical_overlay,none,2676,primary,1.0,-0.2338983052432262,0.6595055836345973,1.5221408898729063,0.2996340421380338,0.0004987589749266953,0.0
ORAS,pullback_soft_ichimoku,dca_pullback_only,blackcat_ichimoku,2676,primary,0.6385285874439462,-1.082780515151474,0.4116511698477314,1.285678902241925,0.22659814229946806,0.030229768730159354,0.0
ORAS,overlay_soft_ichimoku,dca_tactical_overlay,blackcat_ichimoku,2676,primary,0.582917600896861,-0.25586760963487354,0.6536120924521027,1.5579077165408124,0.2735633858719877,0.0022548114707086186,0.0
ORAS,pullback_soft_zlema_band,dca_pullback_only,blackcat_zlema_band,2676,primary,0.6416377055306428,-1.064516787201581,0.4174976063831328,1.3331613653588774,0.20834906622991178,0.03282578074086188,0.0
ORAS,overlay_soft_zlema_band,dca_tactical_overlay,blackcat_zlema_band,2676,primary,0.5865050448430494,-0.25820190087605877,0.6529845127175302,1.5583820050498036,0.27870909977866887,0.002482796789766533,0.0
ORAS,pullback_soft_combo,dca_pullback_only,combo,2676,primary,0.6400831464872945,-1.078584257619525,0.4129968373016175,1.300348929866708,0.21208393385982183,0.03114021796643005,0.0
ORAS,overlay_soft_combo,dca_tactical_overlay,combo,2676,primary,0.5847113228699552,-0.2557998631937961,0.6536303022635515,1.5590836527432639,0.27587417778820345,0.0028647524567688215,0.0
ORHD,pullback_base,dca_pullback_only,none,4488,primary,1.0,-1.9607195383960985,0.6128469318736594,1.26358442024135,0.41613866257581555,-0.0036953181292355038,0.0
ORHD,overlay_base,dca_tactical_overlay,none,4488,primary,1.0,-1.1837440462384379,0.6742183339378829,1.347346449584935,0.40305904698794515,0.07541007906437003,0.0
ORHD,pullback_soft_ichimoku,dca_pullback_only,blackcat_ichimoku,4488,primary,0.6394368315508021,-2.0421538935350645,0.606059257911779,1.2564800925205686,0.41623324613709967,-0.03723363086600703,0.0
ORHD,overlay_soft_ichimoku,dca_tactical_overlay,blackcat_ichimoku,4488,primary,0.5839655748663102,-1.6680170198896702,0.6366604891405223,1.3292910406525604,0.3813812790182445,0.06366541635595098,0.0
ORHD,pullback_soft_zlema_band,dca_pullback_only,blackcat_zlema_band,4488,primary,0.6612990196078431,-2.3997774669429575,0.5753464291744204,1.2252535672040896,0.41603177378328704,-0.03779251184991804,0.0
ORHD,overlay_soft_zlema_band,dca_tactical_overlay,blackcat_zlema_band,4488,primary,0.6091911764705883,-1.2258208619588107,0.6710398139826583,1.3781820434535619,0.3849948867707462,0.05115167429520656,0.0
ORHD,pullback_soft_combo,dca_pullback_only,combo,4488,primary,0.6503679255793227,-2.1917357661959613,0.5933968679673871,1.2439530534171879,0.41617523591324623,-0.03732344348458746,0.0
ORHD,overlay_soft_combo,dca_tactical_overlay,combo,4488,primary,0.5965783756684492,-1.447382192802742,0.6540423995336171,1.354307665821871,0.3831405620915095,0.058277842773786774,0.0
ORWE,pullback_base,dca_pullback_only,none,5881,primary,1.0,-0.409393518451882,0.25053737661233977,0.7537496270816173,0.39502774992913603,-0.13452980429036038,0.0
ORWE,overlay_base,dca_tactical_overlay,none,5881,primary,1.0,-0.3165680929186703,0.25920464974791546,0.7749301732774253,0.38226429206673107,0.016070724662855546,0.0
ORWE,pullback_soft_ichimoku,dca_pullback_only,blackcat_ichimoku,5881,primary,0.6425386838972964,-0.45328748689926,0.24636111171484432,0.7468135177241967,0.3938245515576274,-0.13575676163337003,0.0
ORWE,overlay_soft_ichimoku,dca_tactical_overlay,blackcat_ichimoku,5881,primary,0.5875446352661112,-0.4489257731764047,0.24677840252765937,0.7644961219097464,0.3761477631953667,0.021236662745734422,0.0
ORWE,pullback_soft_zlema_band,dca_pullback_only,blackcat_zlema_band,5881,primary,0.6593938105764325,-0.5236083927062403,0.23956168975732695,0.7339361002847592,0.39398082929855327,-0.13679396826024398,0.0
ORWE,overlay_soft_zlema_band,dca_tactical_overlay,blackcat_zlema_band,5881,primary,0.6069928583574222,-0.3927045422935467,0.25211192186188636,0.7734339003454095,0.38552693256533743,0.03165671529219985,0.0
ORWE,pullback_soft_combo,dca_pullback_only,combo,5881,primary,0.6509662472368645,-0.48910146450688696,0.24291523602976928,0.7402948491391652,0.39391169659393976,-0.13641495095923192,0.0
ORWE,overlay_soft_combo,dca_tactical_overlay,combo,5881,primary,0.5972687468117667,-0.4094932108749676,0.2505279491462582,0.7717513560346075,0.3799023153565865,0.026321389810850717,0.0
PHDC,pullback_base,dca_pullback_only,none,4326,primary,1.0,0.4184367812430523,0.7024185055719088,1.418756654541374,0.4060060586462969,-0.05269800924270944,1.0
PHDC,overlay_base,dca_tactical_overlay,none,4326,primary,1.0,-0.6671050185461356,0.6094413077388254,1.3112347249021454,0.39953458580879164,-0.005385973774707065,0.0
PHDC,pullback_soft_ichimoku,dca_pullback_only,blackcat_ichimoku,4326,primary,0.6361066805362922,0.20961831795078734,0.6854849989034284,1.4055836294586146,0.4040628266851918,-0.04658471735215873,1.0
PHDC,overlay_soft_ichimoku,dca_tactical_overlay,blackcat_ichimoku,4326,primary,0.580123092926491,-0.856114988987744,0.5918532707683077,1.318384340416999,0.37585514148922916,-0.008571866312553484,0.0
PHDC,pullback_soft_zlema_band,dca_pullback_only,blackcat_zlema_band,4326,primary,0.6590429958391123,0.20480376220770058,0.6850896786035496,1.4074196802598589,0.40393603269776734,-0.036498973870561315,1.0
PHDC,overlay_soft_zlema_band,dca_tactical_overlay,blackcat_zlema_band,4326,primary,0.6065880721220528,-0.8058890990640961,0.5965729831656286,1.3263449041971436,0.3805347807838144,0.00272701013189956,0.0
PHDC,pullback_soft_combo,dca_pullback_only,combo,4326,primary,0.6475748381877022,0.2077714446796879,0.68533337986435,1.406496366421389,0.40404112662295544,-0.04201962796038299,1.0
PHDC,overlay_soft_combo,dca_tactical_overlay,combo,4326,primary,0.5933555825242719,-0.8182551191915737,0.5954140961016152,1.324563511000481,0.37809105932221887,-0.0024323814321394964,0.0
RAYA,pullback_base,dca_pullback_only,none,4991,primary,1.0,0.3883123613482491,0.4923335976251497,1.003764650081093,0.4144265947284327,-0.06522292875734902,1.0
RAYA,overlay_base,dca_tactical_overlay,none,4991,primary,1.0,-0.4334137030250522,0.42428690402067226,0.926473134245288,0.39625619062610373,1.5696262338846527,0.0
RAYA,pullback_soft_ichimoku,dca_pullback_only,blackcat_ichimoku,4991,primary,0.5816805249449007,0.278447488336095,0.48375835222545094,1.001297098357706,0.4144007408142154,-0.05797838334979152,1.0
RAYA,overlay_soft_ichimoku,dca_tactical_overlay,blackcat_ichimoku,4991,primary,0.5173236826287317,-0.5218044500542738,0.4163692815465907,0.9288124861359369,0.37866966564864524,2.3681043197180434,0.0
RAYA,pullback_soft_zlema_band,dca_pullback_only,blackcat_zlema_band,4991,primary,0.6594044279703466,0.23268613282732709,0.48014292642583856,0.9982191543101818,0.41360721488603436,-0.07548602157444581,1.0
RAYA,overlay_soft_zlema_band,dca_tactical_overlay,blackcat_zlema_band,4991,primary,0.6070051091965538,-0.4919798687762813,0.41905544184118293,0.9335472210558503,0.3840216690710344,3.271157064193183,0.0
RAYA,pullback_soft_combo,dca_pullback_only,combo,4991,primary,0.6205424764576237,0.26032382819023336,0.48232958946791515,1.0000901610665653,0.4141179222715856,-0.06600278752092648,1.0
RAYA,overlay_soft_combo,dca_tactical_overlay,combo,4991,primary,0.5621643959126427,-0.4995827356816225,0.4183721146314481,0.9321319414891742,0.3802234637863099,2.866875145068407,0.0
RMDA,pullback_base,dca_pullback_only,none,1526,primary,1.0,0.05878704592156625,0.2920347451255252,0.8465511129747494,0.3452206105268395,-0.005857481335375336,1.0
RMDA,overlay_base,dca_tactical_overlay,none,1526,primary,1.0,-0.06027840330236911,0.19769354469530476,0.6647841409481402,0.33909516029757025,-0.030360554054362332,0.0
RMDA,pullback_soft_ichimoku,dca_pullback_only,blackcat_ichimoku,1526,primary,0.6141743119266055,0.03353449240757045,0.2721479877460744,0.8176466404234883,0.3393317746514176,-0.016756819616153384,1.0
RMDA,overlay_soft_ichimoku,dca_tactical_overlay,blackcat_ichimoku,1526,primary,0.5548165137614679,-0.04758182294348745,0.20782493675070435,0.6997870671038289,0.31834769523370043,-0.05134674956361307,0.0
RMDA,pullback_soft_zlema_band,dca_pullback_only,blackcat_zlema_band,1526,primary,0.6396248361730013,0.035294015689030456,0.2735357077692886,0.8212187011442604,0.3384823934333554,-0.016730006025386213,1.0
RMDA,overlay_soft_zlema_band,dca_tactical_overlay,blackcat_zlema_band,1526,primary,0.5841825032765401,-0.059153282472974134,0.19859206095348636,0.6811964004972488,0.32271895400728823,-0.03683359045129031,0.0
RMDA,pullback_soft_combo,dca_pullback_only,combo,1526,primary,0.6268995740498033,0.03486318666231125,0.2731959456901387,0.8198582727518633,0.3390270864322874,-0.016443753800458816,1.0
RMDA,overlay_soft_combo,dca_tactical_overlay,combo,1526,primary,0.5694995085190039,-0.05286629745063509,0.20361026423314255,0.6914661625600019,0.32041573579182514,-0.043709608286135904,0.0
TMGH,pullback_base,dca_pullback_only,none,4431,primary,1.0,-0.1606659501868002,0.9454453974530599,1.6362189923620447,0.43782207319434074,-0.0828727355687888,0.0
TMGH,overlay_base,dca_tactical_overlay,none,4431,primary,1.0,-1.1958925157733287,0.8879431263056969,1.5834093490826648,0.4445923608248421,-0.0037191263086380423,0.0
TMGH,pullback_soft_ichimoku,dca_pullback_only,blackcat_ichimoku,4431,primary,0.6419132250056421,-0.37930209904685874,0.9336558020482495,1.6301549546350094,0.43722734735904556,-0.07776156387713228,0.0
TMGH,overlay_soft_ichimoku,dca_tactical_overlay,blackcat_ichimoku,4431,primary,0.5868229519295869,-1.5014138672830892,0.8701028609897086,1.5911689400439468,0.43836393328678425,-0.008484310833811685,0.0
TMGH,pullback_soft_zlema_band,dca_pullback_only,blackcat_zlema_band,4431,primary,0.6593477770255021,-0.42802903245513235,0.9310035338533436,1.6275865322344671,0.43765538554723193,-0.07625509337685041,0.0
TMGH,overlay_soft_zlema_band,dca_tactical_overlay,blackcat_zlema_band,4431,primary,0.6069397427217333,-1.5440319987296895,0.8675800343960502,1.5971085150453599,0.43044424943368464,-0.005541528259130447,0.0
TMGH,pullback_soft_combo,dca_pullback_only,combo,4431,primary,0.6506305010155721,-0.4050183982881883,0.932257171192693,1.6287176410069655,0.4374565724296815,-0.07744306633290547,0.0
TMGH,overlay_soft_combo,dca_tactical_overlay,combo,4431,primary,0.5968813473256601,-1.5088021430922858,0.8696661164056321,1.5951946517877333,0.43350803653232206,-0.006294024239292516,0.0
VLMR,pullback_base,dca_pullback_only,none,6013,primary,1.0,0.012831620731190263,-0.16899827063200556,-0.5177093204495844,0.6657006610164304,-0.05450505593356055,1.0
VLMR,overlay_base,dca_tactical_overlay,none,6013,primary,1.0,0.037768276599513984,-0.15873310689272635,-0.5071168066593742,0.6337178197680846,0.013644760870349916,1.0
VLMR,pullback_soft_ichimoku,dca_pullback_only,blackcat_ichimoku,6013,primary,0.615280641942458,0.018518040486834808,-0.16661528986728813,-0.530291003156414,0.6614965142685654,-0.06102775752836804,1.0
VLMR,overlay_soft_ichimoku,dca_tactical_overlay,blackcat_ichimoku,6013,primary,0.556093048395144,0.049267261156322295,-0.15415425650763015,-0.5022791697309646,0.6257176489601313,0.0009234821548332633,1.0
VLMR,pullback_soft_zlema_band,dca_pullback_only,blackcat_zlema_band,6013,primary,0.6409703974721437,0.01720636837668099,-0.167162690940318,-0.5199768022977105,0.6641272772422049,-0.06261206245202029,1.0
VLMR,overlay_soft_zlema_band,dca_tactical_overlay,blackcat_zlema_band,6013,primary,0.5857350740063196,0.0613380996470102,-0.14944604570956488,-0.5021440925840639,0.6144326347115839,0.011451659462167372,1.0
VLMR,pullback_soft_combo,dca_pullback_only,combo,6013,primary,0.6281255197073008,0.017281046783358733,-0.16713148895388164,-0.5245611122596168,0.6633264200482496,-0.061977091458429515,1.0
VLMR,overlay_soft_combo,dca_tactical_overlay,combo,6013,primary,0.5709140612007317,0.05543342758952963,-0.15173685917038204,-0.5020277413903108,0.6200736730493712,0.007142594833714055,1.0
VLMRA,pullback_base,dca_pullback_only,none,1098,fallback,1.0,0.0645399059843268,0.28315861041850554,1.3341213125841462,0.110573938337299,0.05724708948341803,1.0
VLMRA,overlay_base,dca_tactical_overlay,none,1098,fallback,1.0,-0.0037488356899775255,0.20187469594556284,0.806697572672314,0.15582268475371508,0.0130571721309371,0.0
VLMRA,pullback_soft_ichimoku,dca_pullback_only,blackcat_ichimoku,1098,fallback,0.58783014571949,0.05844403546106358,0.2758737308624104,1.3238561819948984,0.1073071174810799,0.055371267737511054,1.0
VLMRA,overlay_soft_ichimoku,dca_tactical_overlay,blackcat_ichimoku,1098,fallback,0.5244193989071039,0.003531550260471583,0.21050613064753465,0.8415302190387214,0.15076971539304262,0.014619971255062675,1.0
VLMRA,pullback_soft_zlema_band,dca_pullback_only,blackcat_zlema_band,1098,fallback,0.6284995446265937,0.033371332794502884,0.2459697816365305,1.313356645310942,0.09502101746126801,0.054384664260570675,1.0
VLMRA,overlay_soft_zlema_band,dca_tactical_overlay,blackcat_zlema_band,1098,fallback,0.5713456284153007,-0.009597273200691037,0.1949469916231401,0.79646092571352,0.15050869700577874,0.019521136902407893,0.0
VLMRA,pullback_soft_combo,dca_pullback_only,combo,1098,fallback,0.6081648451730419,0.04946151372893137,0.26514938065183036,1.3196795790846652,0.10269570030921138,0.055071669884033225,1.0
VLMRA,overlay_soft_combo,dca_tactical_overlay,combo,1098,fallback,0.5478825136612022,-0.0016449274538259395,0.2043681779200981,0.8241739362127666,0.15072720886488078,0.017201325848927196,0.0
