date,open,high,low,close,volume
2015-01-15,10.6,10.85,10.3,10.4,375000.0
2015-01-18,10.33,10.36,10.15,10.22,326410.0
2015-01-19,10.2,10.42,10.06,10.2,245180.0
2015-01-20,10.45,10.6,10.35,10.51,430660.0
2015-01-21,10.45,10.73,10.4,10.58,303480.0
2015-01-22,10.65,10.7,10.57,10.65,162730.0
2015-01-26,10.51,10.65,10.42,10.54,61170.0
2015-01-27,10.53,10.76,10.53,10.68,298330.0
2015-01-28,10.7,10.74,10.5,10.57,85400.0
2015-01-29,10.47,10.6,10.46,10.51,74900.0
2015-02-01,10.55,10.55,10.32,10.47,69230.0
2015-02-02,10.64,10.64,10.41,10.5,27000.0
2015-02-03,10.5,10.65,10.41,10.56,63220.0
2015-02-04,10.6,10.75,10.56,10.68,62790.0
2015-02-05,10.6,10.7,10.6,10.62,73000.0
2015-02-08,10.7,10.72,10.51,10.61,38040.0
2015-02-09,10.55,10.74,10.47,10.68,36950.0
2015-02-10,10.69,10.69,10.52,10.64,16610.0
2015-02-11,10.47,10.57,10.28,10.42,60500.0
2015-02-12,10.3,10.5,10.3,10.43,11460.0
2015-02-15,10.4,10.5,10.31,10.43,16230.0
2015-02-16,10.4,10.4,10.2,10.25,23840.0
2015-02-17,10.34,10.34,10.1,10.18,66110.0
2015-02-18,10.28,10.3,10.2,10.22,7380.0
2015-02-19,10.21,10.21,10.1,10.13,20370.0
2015-02-22,10.1,10.1,9.99,10.02,10950.0
2015-02-23,10.25,10.33,10.25,10.3,31690.0
2015-02-24,10.15,10.34,10.15,10.2,46550.0
2015-02-25,10.34,10.34,10.1,10.21,44240.0
2015-02-26,10.01,10.14,9.96,10.04,35940.0
2015-03-01,10.1,10.12,9.92,9.99,49180.0
2015-03-02,10.14,10.18,10.1,10.12,10980.0
2015-03-03,10.25,10.25,10.05,10.13,34980.0
2015-03-04,10.15,10.19,10.1,10.17,15680.0
2015-03-05,10.25,10.3,10.17,10.23,27750.0
2015-03-08,10.25,10.25,10.22,10.24,7120.0
2015-03-09,10.29,10.4,10.29,10.36,25680.0
2015-03-10,10.4,10.43,10.25,10.36,43950.0
2015-03-11,10.25,10.34,9.85,10.15,32530.0
2015-03-12,10.35,10.38,10.31,10.33,6260.0
2015-03-15,10.39,10.46,10.35,10.42,40270.0
2015-03-16,10.22,10.22,10.21,10.21,5030.0
2015-03-17,10.25,10.25,10.17,10.23,8750.0
2015-03-18,10.2,10.2,10.05,10.14,5600.0
2015-03-19,10.15,10.35,10.15,10.18,4160.0
2015-03-22,10.01,10.01,9.97,10.0,7870.0
2015-03-23,10.1,10.1,9.97,10.0,30150.0
2015-03-24,10.05,10.13,10.01,10.04,3000.0
2015-03-25,10.0,10.0,9.91,9.92,11190.0
2015-03-26,9.9,9.9,9.52,9.74,18200.0
2015-03-30,9.8,9.82,9.8,9.8,2910.0
2015-03-31,9.85,9.85,9.8,9.82,1100.0
2015-04-01,9.78,9.78,9.76,9.78,2660.0
2015-04-02,9.8,9.8,9.6,9.74,2770.0
2015-04-05,9.51,9.6,9.12,9.48,8800.0
2015-04-06,9.3,9.48,9.01,9.48,1060.0
2015-04-07,9.4,9.48,9.25,9.43,22540.0
2015-04-08,9.47,9.5,9.43,9.43,930.0
2015-04-09,9.35,9.6,9.35,9.58,10230.0
2015-04-14,9.65,9.65,9.47,9.61,3140.0
2015-04-15,9.55,9.55,9.52,9.53,3000.0
2015-04-16,9.4,9.58,9.4,9.48,1440.0
2015-04-19,9.4,9.4,9.27,9.37,13000.0
2015-04-20,9.25,9.25,9.23,9.24,32000.0
2015-04-22,9.4,9.47,9.24,9.24,1000.0
2015-04-23,9.4,9.4,9.4,9.4,9250.0
2015-04-26,9.27,9.27,9.25,9.26,4600.0
2015-04-27,9.3,9.3,9.21,9.25,1120.0
2015-04-28,9.1,9.1,8.9,9.01,2550.0
2015-04-29,9.2,9.25,9.09,9.16,1860.0
2015-04-30,9.48,9.48,9.36,9.41,1460.0
2015-05-03,9.23,9.41,9.23,9.41,350.0
2015-05-04,9.2,9.3,9.2,9.2,52100.0
2015-05-05,9.45,9.45,9.45,9.45,1930.0
2015-05-07,9.32,9.4,9.32,9.39,6510.0
2015-05-11,9.47,9.48,9.35,9.4,3710.0
2015-05-12,9.35,9.35,9.3,9.31,11000.0
2015-05-13,9.32,9.32,9.15,9.27,3700.0
2015-05-14,9.02,9.27,9.0,9.27,900.0
2015-05-17,8.92,8.92,8.92,8.92,1320.0
2015-05-18,9.23,9.69,9.23,9.61,6890.0
2015-05-19,9.9,9.9,9.5,9.72,8900.0
2015-05-20,9.45,9.5,9.45,9.47,4700.0
2015-05-21,9.65,9.65,9.47,9.47,50.0
2015-05-24,9.75,10.0,9.75,9.97,15960.0
2015-05-25,9.8,9.8,9.8,9.8,2500.0
2015-05-27,9.71,9.8,9.71,9.79,6050.0
2015-05-28,9.65,9.79,9.65,9.79,700.0
2015-06-01,9.6,9.79,9.6,9.79,20.0
2015-06-02,9.6,9.6,9.52,9.6,5100.0
2015-06-03,9.57,9.57,9.57,9.57,5480.0
2015-06-04,9.45,9.57,9.45,9.57,390.0
2015-06-08,9.37,9.37,9.28,9.36,7500.0
2015-06-09,9.4,9.49,9.4,9.43,15500.0
2015-06-11,9.4,9.49,9.4,9.43,10000.0
2015-06-15,9.18,9.25,9.18,9.22,4320.0
2015-06-16,9.25,9.25,9.22,9.22,1000.0
2015-06-17,9.22,9.26,9.22,9.25,2500.0
2015-06-21,9.24,9.25,9.2,9.25,1000.0
2015-06-23,9.15,9.15,9.11,9.14,30720.0
2015-06-24,9.2,9.2,9.1,9.14,9410.0
2015-06-25,9.15,9.15,9.15,9.15,9600.0
2015-06-29,9.15,9.15,9.15,9.15,1000.0
2015-07-02,9.0,9.08,8.95,8.99,3570.0
2015-07-05,8.97,8.97,8.86,8.92,4000.0
2015-07-06,8.8,8.8,8.6,8.61,2770.0
2015-07-07,8.35,8.35,8.26,8.29,20120.0
2015-07-08,8.48,8.5,8.0,8.24,76040.0
2015-07-09,8.25,8.28,8.25,8.27,17000.0
2015-07-12,8.5,8.5,8.27,8.27,550.0
2015-07-14,8.3,8.3,8.3,8.3,1350.0
2015-07-15,8.42,8.5,8.42,8.47,1870.0
2015-07-16,8.55,8.55,8.47,8.47,1000.0
2015-07-22,8.7,8.7,8.47,8.47,220.0
2015-07-28,8.5,8.67,8.5,8.54,1760.0
2015-07-30,8.75,8.75,8.75,8.75,2100.0
2015-08-03,8.61,8.61,8.61,8.61,5000.0
2015-08-04,8.75,8.75,8.73,8.73,1240.0
2015-08-05,8.6,8.6,8.6,8.6,1540.0
2015-08-10,8.72,8.72,8.6,8.6,230.0
2015-08-12,8.4,8.4,8.4,8.4,2120.0
2015-08-17,7.96,8.2,7.95,7.97,16149.999999999998
2015-08-19,7.97,7.97,7.7,7.92,6200.0
2015-08-20,7.73,7.92,7.73,7.92,100.0
2015-08-24,7.18,7.18,7.13,7.14,2360.0
2015-08-25,7.12,7.28,7.12,7.18,94300.0
2015-08-27,7.46,7.5,7.45,7.46,25000.0
2015-08-30,7.55,7.55,7.55,7.55,15270.0
2015-08-31,7.63,7.75,7.55,7.55,900.0
2015-09-01,7.72,7.72,7.55,7.55,850.0
2015-09-03,7.77,7.77,7.74,7.75,20000.0
2015-09-09,7.42,7.75,7.42,7.75,200.0
2015-09-10,7.6,7.75,7.6,7.75,10.0
2015-09-14,7.63,7.75,7.63,7.75,500.0
2015-09-17,7.7,7.85,7.7,7.71,3310.0
2015-09-21,7.72,7.75,7.72,7.72,3200.0
2015-09-29,7.78,7.78,7.72,7.72,990.0
2015-09-30,7.9,7.91,7.73,7.9,3000.0
2015-10-04,7.83,7.9,7.83,7.9,0.0
2015-10-08,7.85,8.0,7.85,7.9,16500.0
2015-10-12,8.12,8.12,8.12,8.12,1460.0
2015-10-18,8.15,8.15,8.12,8.12,60.0
2015-10-19,8.05,8.12,8.05,8.12,460.0
2015-10-20,8.15,8.15,8.15,8.15,1560.0
2015-10-29,7.95,8.15,7.95,8.15,500.0
2015-11-01,8.0,8.15,8.0,8.15,380.0
2015-11-08,7.86,7.86,7.71,7.74,16120.000000000002
2015-11-09,7.72,7.74,7.72,7.74,250.0
2015-11-10,7.48,7.74,7.3,7.74,750.0
2015-11-11,7.23,7.74,7.23,7.74,380.0
2015-11-16,7.1,7.74,7.1,7.74,250.0
2015-11-17,6.97,6.97,6.97,6.97,2250.0
2015-11-18,6.76,6.97,6.76,6.97,790.0
2015-11-22,6.94,7.05,6.94,6.95,11000.0
2015-11-23,6.82,6.95,6.82,6.95,200.0
2015-11-29,6.8,6.95,6.79,6.95,1280.0
2015-12-02,7.04,7.05,7.04,7.04,10500.0
2015-12-03,7.18,7.18,7.18,7.18,1970.0
2015-12-07,7.4,7.4,7.22,7.34,22330.0
2015-12-09,7.08,7.15,7.08,7.1,35000.0
2015-12-10,7.02,7.02,7.02,7.02,6500.0
2015-12-17,7.04,7.07,7.04,7.06,2170.0
2015-12-20,7.05,7.05,7.05,7.05,3000.0
2015-12-21,7.21,7.21,7.1,7.16,10000.0
2015-12-24,7.33,7.34,7.33,7.33,5250.0
2015-12-30,7.32,7.33,7.32,7.33,1000.0
2015-12-31,7.5,7.55,7.5,7.54,3300.0
2016-01-03,7.55,7.55,7.54,7.54,450.0
2016-01-05,7.38,7.38,7.38,7.38,25000.0
2016-01-06,7.35,7.35,7.35,7.35,2000.0
2016-01-10,7.18,7.18,7.18,7.18,2000.0
2016-01-11,7.1,7.18,7.1,7.18,500.0
2016-01-12,6.9,6.9,6.9,6.9,25000.0
2016-01-13,6.9,6.9,6.55,6.67,3000.0
2016-01-17,6.14,6.67,6.14,6.67,10.0
2016-01-19,6.52,6.67,6.52,6.67,500.0
2016-01-21,6.09,6.67,6.09,6.67,1500.0
2016-01-26,6.25,6.31,6.25,6.25,166500.0
2016-01-28,6.3,6.3,6.25,6.25,500.0
2016-01-31,6.49,6.49,6.34,6.48,156500.0
2016-02-01,6.3,6.3,6.3,6.3,160000.0
2016-02-02,6.33,6.37,6.33,6.34,1880.0
2016-02-04,6.57,6.75,6.55,6.58,2280.0
2016-02-09,6.37,6.58,6.37,6.58,1000.0
2016-02-11,6.17,6.58,6.17,6.58,620.0
2016-02-15,6.11,6.32,6.11,6.27,115270.0
2016-02-16,6.4,6.4,6.4,6.4,105000.0
2016-02-21,6.55,6.55,6.55,6.55,10000.0
2016-02-22,6.5,6.55,6.5,6.55,270.0
2016-02-23,6.59,6.59,6.59,6.59,12500.0
2016-02-24,6.48,6.59,6.48,6.59,1000.0
2016-02-28,6.59,6.59,6.59,6.59,1000.0
2016-03-02,6.6,6.6,6.6,6.6,18450.0
2016-03-03,6.5,6.6,6.5,6.6,500.0
2016-03-06,6.62,6.62,6.6,6.61,20090.0
2016-03-10,6.99,7.03,6.99,7.03,10200.0
2016-03-13,7.09,7.09,7.09,7.09,11000.0
2016-03-14,7.32,7.79,7.32,7.78,954550.0
2016-03-15,7.8,7.8,7.58,7.68,20280.0
2016-03-16,7.93,7.95,7.8,7.89,83000.0
2016-03-17,8.0,8.2,8.0,8.04,409000.0
2016-03-20,8.08,8.09,8.08,8.09,23000.0
2016-03-21,8.0,8.02,8.0,8.0,10600.0
2016-03-22,7.92,7.92,7.92,7.92,2000.0
2016-03-23,8.18,8.18,8.18,8.18,2000.0
2016-03-27,8.18,8.18,8.16,8.18,10710.0
2016-03-28,8.16,8.18,8.16,8.18,50.0
2016-03-29,8.18,8.35,8.16,8.29,147160.0
2016-03-30,8.1,8.24,8.1,8.15,13620.0
2016-04-04,8.12,8.15,8.12,8.15,250.0
2016-04-05,8.2,8.24,8.2,8.23,1510.0
2016-04-06,7.97,8.23,7.97,8.23,50.0
2016-04-12,7.79,8.23,7.79,8.23,1010.0
2016-04-14,8.04,8.23,8.04,8.23,1000.0
2016-04-17,8.13,8.23,8.13,8.23,600.0
2016-04-18,8.3,8.3,8.3,8.3,30000.0
2016-04-19,8.32,8.5,8.32,8.48,11880.0
2016-04-20,8.41,8.41,8.33,8.41,3250.0
2016-04-21,8.49,8.49,8.41,8.41,10.0
2016-04-26,8.5,8.5,8.48,8.48,120000.0
2016-04-27,8.54,8.55,8.4,8.51,151200.0
2016-04-28,8.28,8.32,8.28,8.3,6000.0
2016-05-03,8.1,8.1,8.1,8.1,2000.0
2016-05-05,8.1,8.1,8.1,8.1,41000.0
2016-05-09,8.2,8.2,8.2,8.2,50000.0
2016-05-10,8.2,8.2,8.2,8.2,15000.0
2016-05-12,8.1,8.2,8.1,8.2,200.0
2016-05-17,8.65,8.65,8.2,8.2,0.0
2016-05-19,8.04,8.49,8.04,8.09,1920.0
2016-05-26,8.25,8.25,8.09,8.09,50.0
2016-05-29,8.05,8.05,8.05,8.05,2100.0
2016-06-01,8.0,8.05,8.0,8.05,250.0
2016-06-02,8.16,8.17,8.15,8.16,30500.0
2016-06-05,7.52,8.16,7.52,8.16,1000.0
2016-06-06,8.25,8.25,8.25,8.25,10000.0
2016-06-07,8.3,8.3,8.3,8.3,2000.0
2016-06-08,8.35,8.4,8.35,8.37,120000.0
2016-06-13,8.25,8.25,8.25,8.25,10000.0
2016-07-10,8.15,8.25,8.15,8.25,990.0
2016-07-17,8.23,8.29,8.23,8.29,51440.0
2016-07-18,8.4,8.4,8.4,8.4,48690.0
2016-07-19,8.0,8.4,8.0,8.4,150.0
2016-07-24,8.09,8.09,8.09,8.09,5520.0
2016-07-26,8.14,8.14,8.14,8.14,10000.0
2016-07-27,8.22,8.56,8.22,8.5,77370.0
2016-07-28,8.75,8.75,8.75,8.75,2000.0
2016-08-02,8.3,8.3,8.3,8.3,1340.0
2016-08-03,8.68,8.68,8.25,8.68,10000.0
2016-08-04,8.93,9.0,8.3,8.9,61150.0
2016-08-07,8.9,8.93,8.9,8.9,8890.0
2016-08-08,8.3,8.9,8.3,8.9,270.0
2016-08-10,8.95,8.95,8.95,8.95,31370.0
2016-08-11,9.0,9.0,8.95,8.95,50.0
2016-08-14,9.0,9.01,8.91,9.0,17090.0
2016-08-15,9.0,9.0,9.0,9.0,230.0
2016-08-16,9.05,9.06,9.05,9.05,2080.0
2016-08-18,9.2,9.2,8.95,9.13,6780.0
2016-08-21,9.17,9.17,9.17,9.17,1400000.0
2016-08-25,8.9,9.17,8.9,9.17,60.0
2016-09-01,8.75,8.75,8.75,8.75,10000.0
2016-09-04,8.73,8.73,8.73,8.73,2000.0
2016-09-05,9.0,9.06,9.0,9.06,15600.0
2016-09-07,8.7,8.7,8.7,8.7,2000.0
2016-09-08,8.95,8.95,8.93,8.94,452450.0
2016-09-18,8.67,8.67,8.6,8.63,110000.0
2016-09-20,8.72,8.72,8.6,8.61,5000.0
2016-09-25,8.25,8.61,8.25,8.61,370.0
2016-10-03,8.7,8.7,8.61,8.61,960.0
2016-10-04,8.88,8.88,8.83,8.84,1560.0
2016-10-05,8.92,9.06,8.92,9.01,2870.0
2016-10-09,9.2,9.2,9.01,9.01,1000.0
2016-10-11,9.0,9.01,8.85,9.01,112500.0
2016-10-12,8.3,9.01,8.3,9.01,80.0
2016-10-13,9.15,9.3,9.15,9.23,112480.0
2016-10-16,9.25,9.25,9.0,9.16,61000.0
2016-10-17,9.0,9.0,9.0,9.0,17500.0
2016-10-18,8.82,8.82,8.82,8.82,51000.0
2016-10-23,9.01,9.01,9.01,9.01,2500.0
2016-10-24,8.92,8.92,8.92,8.92,2550.0
2016-10-26,8.95,8.95,8.94,8.95,266580.0
2016-10-27,9.0,9.1,9.0,9.06,1790.0
2016-11-02,8.8,9.28,8.8,9.06,1100.0
2016-11-03,9.73,9.96,9.67,9.74,465880.0
2016-11-06,9.9,10.1,9.9,9.97,3680.0
2016-11-07,10.45,10.7,10.3,10.48,1160000.0
2016-11-08,10.82,10.91,10.5,10.87,1150000.0
2016-11-09,10.85,11.0,10.85,11.0,40880.0
2016-11-10,11.11,11.5,11.1,11.22,104920.0
2016-11-13,11.67,11.7,11.56,11.66,54700.0
2016-11-14,11.52,11.52,11.01,11.24,46970.0
2016-11-15,11.26,11.6,11.26,11.57,745750.0
2016-11-16,11.0,11.96,11.0,11.82,906720.0
2016-11-17,12.0,12.0,11.78,11.82,710.0
2016-11-20,11.8,12.05,11.8,11.81,4190.0
2016-11-21,12.0,12.32,12.0,12.27,40030.0
2016-11-22,12.27,12.3,12.1,12.19,42090.0
2016-11-23,12.26,12.3,12.26,12.29,3500.0
2016-11-28,11.9,11.98,11.9,11.91,1000.0
2016-11-29,11.85,11.91,11.85,11.91,440.0
2016-12-01,12.2,12.2,12.2,12.2,3000.0
2016-12-05,12.0,12.2,12.0,12.2,550.0
2016-12-06,12.17,12.17,12.15,12.16,20000.0
2016-12-07,12.15,12.4,12.15,12.32,16059.999999999998
2016-12-13,12.4,12.4,12.1,12.1,5000.0
2016-12-15,12.0,12.0,11.95,12.0,41520.0
2016-12-18,12.11,12.11,12.06,12.09,80000.0
2016-12-19,12.28,12.7,12.28,12.64,16129.999999999998
2016-12-20,12.68,13.0,12.68,12.98,21600.0
2016-12-21,13.1,13.35,12.98,12.98,740.0
2016-12-22,13.3,13.3,12.98,12.98,500.0
2016-12-28,13.37,13.4,13.37,13.38,65090.0
2016-12-29,13.3,13.3,13.05,13.24,44190.0
2017-01-02,13.05,13.24,13.05,13.24,500.0
2017-01-03,13.5,13.5,13.0,13.0,870.0
2017-01-04,13.25,13.65,13.0,13.3,4350.0
2017-01-05,13.5,13.95,13.0,13.8,107730.0
2017-01-08,13.8,13.8,13.8,13.8,7000.0
2017-01-09,13.65,13.65,13.65,13.65,4600.0
2017-01-10,14.0,14.25,14.0,14.25,186190.0
2017-01-15,14.2,14.25,13.5,14.25,250.0
2017-01-18,14.55,14.55,14.25,14.25,200.0
2017-01-26,13.85,14.1,13.85,14.02,5150.0
2017-01-29,14.0,14.0,14.0,14.0,1500.0
2017-01-31,13.7,13.7,13.5,13.54,28360.0
2017-02-07,13.95,13.95,13.66,13.93,285000.0
2017-02-09,13.85,13.85,13.85,13.85,250000.0
2017-02-21,14.0,14.0,13.85,13.85,10.0
2017-02-23,12.97,12.97,12.97,12.97,250000.0
2017-03-01,12.7,12.7,12.7,12.7,230120.0
2017-03-06,13.22,13.38,13.22,13.38,280830.0
2017-03-07,13.0,13.38,13.0,13.38,350.0
2017-03-09,13.6,13.6,13.4,13.6,10100.0
2017-03-12,13.68,13.9,13.68,13.68,10050.0
2017-03-19,13.9,13.9,13.9,13.9,10000.0
2017-03-20,14.0,14.0,13.9,13.9,320.0
2017-03-21,13.7,13.7,13.7,13.7,10000.0
2017-03-22,13.56,13.56,13.56,13.56,10000.0
2017-03-23,13.45,13.55,13.45,13.54,11070.0
2017-03-26,13.82,13.82,13.61,13.8,870.0
2017-03-28,13.5,13.8,13.5,13.8,10.0
2017-04-05,13.7,13.7,13.7,13.7,90000.0
2017-04-06,14.0,14.0,14.0,14.0,2000.0
2017-04-09,13.42,13.42,13.42,13.42,10000.0
2017-04-10,13.3,13.32,13.3,13.31,1000.0
2017-04-12,13.4,13.54,13.4,13.42,87090.0
2017-04-13,13.45,13.5,13.44,13.45,75000.0
2017-05-02,12.7,13.45,12.7,13.45,200.0
2017-05-07,13.1,13.12,13.1,13.11,800.0
2017-05-08,13.55,13.55,13.55,13.55,2500.0
2017-05-09,13.57,13.57,13.55,13.55,150.0
2017-05-11,13.35,13.35,13.3,13.32,25000.0
2017-05-16,13.39,13.4,13.39,13.4,1770.0
2017-05-24,13.53,13.53,13.53,13.53,122640.0
2017-05-31,13.8,14.05,13.8,13.95,49040.0
2017-06-01,13.75,14.1,13.75,14.01,59680.0
2017-06-05,14.26,14.26,14.26,14.26,100000.0
2017-06-06,14.41,14.44,14.0,14.42,200550.0
2017-06-08,14.46,14.48,14.46,14.47,306760.0
2017-06-21,13.8,13.8,13.8,13.8,5130.0
2017-06-22,14.33,14.33,14.28,14.3,170000.0
2017-07-09,13.75,14.3,13.75,14.3,200.0
2017-07-10,13.83,14.3,13.83,14.3,600.0
2017-07-17,14.5,14.5,14.5,14.5,1870.0
2017-07-19,14.2,14.2,14.2,14.2,1000.0
2017-07-30,14.0,14.0,14.0,14.0,71000.0
2017-08-14,13.85,13.85,13.85,13.85,20000.0
2017-08-15,13.5,13.5,13.5,13.5,40000.0
2017-08-21,13.5,13.85,13.5,13.85,10040.0
2017-08-23,13.7,13.7,13.7,13.7,10000.0
2017-08-30,13.97,13.97,13.97,13.97,1000.0
2017-09-07,13.5,13.97,13.5,13.97,300.0
2017-09-12,13.95,14.02,13.95,14.0,35000.0
2017-09-18,14.35,14.35,14.35,14.35,5000.0
2017-09-19,14.45,14.5,14.45,14.47,1050000.0
2017-09-26,14.1,14.1,14.1,14.1,5000.0
2017-09-27,14.2,14.2,14.2,14.2,10000.0
2017-09-28,14.2,14.68,14.2,14.64,2000.0
2017-10-02,14.5,14.5,14.5,14.5,10000.0
2017-10-09,14.5,14.5,14.47,14.49,16000.0
2017-10-11,14.65,14.65,14.49,14.49,10.0
2017-10-22,14.65,14.65,14.41,14.49,0.0
2017-10-23,14.48,14.49,14.48,14.49,100.0
2017-11-09,15.0,15.17,15.0,15.17,151000.0
2017-11-14,14.93,15.17,14.93,15.17,370.0
2017-11-22,14.21,15.17,14.21,15.17,370.0
2017-11-23,14.55,14.55,14.55,14.55,120000.0
2017-11-28,15.25,15.25,15.25,15.25,5000.0
2017-12-03,15.0,15.48,15.0,15.48,10070.0
2017-12-06,14.8,14.8,14.8,14.8,2000.0
2017-12-11,15.0,15.0,15.0,15.0,9000.0
2017-12-12,15.0,15.0,15.0,15.0,2000.0
2017-12-13,15.25,15.25,15.25,15.25,1000.0
2017-12-14,15.0,15.25,15.0,15.25,250.0
2017-12-17,15.4,15.4,15.4,15.4,10000.0
2017-12-24,15.0,15.4,15.0,15.4,70.0
2017-12-25,15.0,15.4,15.0,15.4,50.0
2017-12-26,15.75,15.75,15.75,15.75,2500.0
2018-01-02,15.0,15.75,15.0,15.75,320.0
2018-01-04,14.9,15.75,14.9,15.75,2000.0
2018-01-08,15.65,15.67,15.65,15.66,3000.0
2018-01-09,15.67,15.67,15.66,15.66,1500.0
2018-01-14,15.9,15.9,15.66,15.66,130.0
2018-01-15,15.5,15.5,15.4,15.47,14640.0
2018-01-17,15.7,15.7,15.7,15.7,10000.0
2018-01-21,15.8,15.8,15.75,15.76,168620.0
2018-01-22,15.72,15.72,15.72,15.72,150000.0
2018-01-23,15.65,15.65,15.65,15.65,150000.0
2018-01-28,15.75,15.75,15.75,15.75,10000.0
2018-02-06,15.25,15.25,15.25,15.25,20000.0
2018-02-15,15.4,15.4,15.4,15.4,10000.0
2018-02-18,15.75,15.75,15.41,15.52,10270.0
2018-02-21,15.75,15.75,15.52,15.52,150.0
2018-02-22,15.7,15.7,15.7,15.7,10000.0
2018-02-26,16.0,16.05,15.7,15.7,360.0
2018-03-04,15.95,15.95,15.7,15.7,130.0
2018-03-05,16.05,16.3,16.05,16.07,10760.0
2018-03-06,16.25,16.36,16.25,16.25,10360.0
2018-03-07,16.9,16.9,16.9,16.9,10000.0
2018-03-08,17.0,17.0,16.9,16.9,50.0
2018-03-12,17.32,17.32,17.32,17.32,10000.0
2018-03-13,17.4,17.8,17.35,17.41,260510.0
2018-03-15,18.05,18.05,18.05,18.05,390000.0
2018-03-27,18.2,18.2,18.2,18.2,10000.0
2018-04-11,18.54,18.54,18.54,18.54,107260.0
2018-04-26,19.23,19.23,19.23,19.23,2450.0
2018-04-29,19.25,19.25,19.23,19.23,100.0
2018-05-02,18.8,18.8,18.8,18.8,4250.0
2018-05-06,18.8,18.8,18.6,18.61,1750.0
2018-05-13,19.0,19.0,18.61,18.61,100.0
2018-05-16,17.3,17.3,17.3,17.3,4840.0
2018-05-31,17.47,17.47,17.47,17.47,20000.0
2018-06-14,17.25,17.27,17.25,17.25,44000.0
2018-06-27,17.6,17.6,17.25,17.25,10000.0
2018-06-28,17.4,17.4,17.4,17.4,10000.0
2018-07-09,16.98,16.98,16.98,16.98,100000.0
2018-08-07,16.3,16.98,16.25,16.98,1500.0
2018-08-29,16.66,16.98,16.66,16.98,500.0
2018-09-04,16.43,16.43,16.43,16.43,22000.0
2018-09-23,15.2,15.2,14.81,14.81,120.0
2018-09-24,14.55,14.58,14.5,14.56,200160.0
2018-09-25,14.52,14.55,14.52,14.54,152840.0
2018-09-27,14.7,14.9,14.7,14.79,363070.0
2018-09-30,15.05,15.05,15.0,15.04,119830.0
2018-10-03,14.85,14.85,14.8,14.81,120000.0
2018-10-14,14.04,14.04,14.0,14.01,77450.0
2018-10-15,13.5,14.27,13.5,14.27,300.0
2018-10-16,14.0,14.25,14.0,14.25,650.0
2018-10-17,14.25,14.25,14.25,14.25,10000.0
2018-10-24,14.3,14.3,14.3,14.3,2530.0
2018-10-31,13.7,14.1,13.7,13.93,510.0
2018-11-01,14.0,14.1,14.0,14.03,500.0
2018-11-22,13.6,14.53,13.6,14.53,100.0
2018-12-03,13.75,13.75,13.75,13.75,2500.0
2018-12-18,13.75,13.97,13.75,13.97,240.0
2018-12-23,13.36,13.36,13.36,13.36,3000.0
2018-12-25,13.1,13.52,13.1,13.52,100.0
2018-12-26,13.35,13.35,13.35,13.35,8000.0
2018-12-31,13.75,13.75,13.68,13.68,100.0
2019-01-06,13.75,14.02,13.75,14.02,2160.0
2019-01-08,13.75,14.1,13.75,14.1,200.0
2019-02-05,15.0,15.65,15.0,15.3,91990.0
2019-02-14,15.75,15.75,15.7,15.7,250.0
2019-02-19,15.63,15.64,15.6,15.61,39730.0
2019-02-21,15.59,15.97,15.59,15.97,200.0
2019-02-28,14.4,15.51,14.4,15.51,50.0
2019-04-17,15.73,15.73,15.73,15.73,18900.0
2019-05-21,15.4,15.4,14.2,14.2,70.0
2019-07-09,15.4,15.4,14.92,14.92,10.0
2019-07-11,15.4,15.4,14.88,14.88,100.0
2019-08-21,15.4,15.4,15.27,15.27,120.0
2019-08-22,15.45,15.45,15.2,15.2,520.0
2019-08-28,15.0,15.0,15.0,15.0,30000.0
2019-09-02,15.0,15.8,15.0,15.8,200.0
2019-09-04,15.4,15.87,15.4,15.87,390.0
2019-09-09,15.6,15.79,15.6,15.79,10.0
2019-09-17,15.6,15.83,15.6,15.83,240.0
2019-09-23,16.0,16.0,14.76,14.76,100.0
2019-10-24,14.9,14.93,14.9,14.93,670.0
2019-10-27,14.9,15.02,14.9,15.02,50.0
2019-10-28,15.0,15.05,15.0,15.05,20.0
2019-10-30,15.2,15.29,15.2,15.29,20.0
2019-10-31,15.15,15.3,15.15,15.3,30.0
2019-11-03,15.13,15.39,15.13,15.39,70.0
2019-11-04,15.55,15.55,15.46,15.46,20.0
2019-11-20,15.3,15.3,15.18,15.18,650.0
2019-11-21,15.1,15.1,15.1,15.1,10000.0
2019-11-27,15.0,15.0,14.62,14.62,110.0
2019-12-03,14.4,14.4,14.35,14.35,1750.0
2019-12-25,14.45,14.62,14.15,14.62,2000.0
2019-12-30,14.14,14.63,14.14,14.63,1500.0
2019-12-31,14.2,14.76,14.2,14.76,60.0
2020-01-02,15.0,15.0,14.78,14.78,50.0
2020-01-12,14.58,14.58,14.53,14.53,2000.0
2020-01-28,14.6,14.6,14.43,14.43,680.0
2020-01-30,14.85,14.85,14.85,14.85,5000.0
2020-02-05,14.85,14.85,14.7,14.7,50.0
2020-02-11,15.0,15.0,14.76,14.76,200.0
2020-02-12,14.65,14.65,14.35,14.36,10000.0
2020-02-16,14.33,14.33,14.24,14.28,5000.0
2020-02-18,14.15,14.15,14.12,14.13,3000.0
2020-02-23,14.58,14.95,14.55,14.71,2090.0
2020-02-24,14.0,14.45,14.0,14.45,2000.0
2020-03-03,14.0,14.0,12.97,12.97,40.0
2020-03-08,13.0,13.02,13.0,13.02,200.0
2020-03-10,11.83,11.85,11.83,11.83,3350.0
2020-03-17,9.03,9.96,9.03,9.96,2650.0
2020-03-19,9.88,9.88,9.2,9.26,540.0
2020-04-02,10.1,10.1,9.96,9.96,200.0
2020-04-05,9.9,9.99,9.9,9.99,200.0
2020-04-06,10.12,10.12,9.79,9.79,100.0
2020-04-09,10.35,10.77,10.35,10.77,300.0
2020-04-22,10.23,10.53,10.0,10.53,2500.0
2020-04-23,10.85,10.85,10.45,10.45,100.0
2020-04-29,12.0,12.0,11.21,11.21,350.0
2020-05-07,10.95,11.08,10.95,11.08,100.0
2020-05-13,11.13,11.4,11.13,11.4,300.0
2020-06-04,11.52,11.52,11.22,11.22,300.0
2020-06-07,11.95,12.4,11.43,11.43,310.0
2020-06-09,11.93,11.98,11.93,11.98,100.0
2020-06-17,11.8,11.8,11.3,11.75,1100.0
2020-06-18,11.63,11.75,11.63,11.72,300.0
2020-06-21,12.0,12.0,11.67,11.67,50.0
2020-06-22,11.57,12.1,11.57,11.63,510.0
2020-06-23,11.63,11.78,11.55,11.55,300.0
2020-06-29,11.57,11.65,11.57,11.65,100.0
2020-07-06,11.55,11.76,11.45,11.76,300.0
2020-07-08,11.87,12.5,11.86,11.86,880.0
2020-07-13,11.9,11.9,11.25,11.88,500.0
2020-07-16,11.4,11.5,11.4,11.4,300.0
2020-07-19,11.3,11.3,11.0,11.21,2050.0
2020-07-21,11.4,11.4,11.35,11.39,2790.0
2020-09-03,12.15,12.15,12.0,12.0,100.0
2020-09-08,11.5,11.92,11.5,11.92,300.0
2020-10-04,11.93,12.08,11.82,11.82,1320.0
2020-10-20,11.73,11.93,11.73,11.93,200.0
2020-10-22,11.62,11.86,11.43,11.86,1000.0
2020-10-27,11.65,11.65,11.23,11.23,200.0
2020-11-16,11.51,11.77,11.51,11.77,150.0
2020-11-17,12.4,12.4,11.82,11.82,30.0
2020-11-18,11.95,12.15,11.95,12.12,10000.0
2020-11-19,11.1,12.28,11.1,11.81,40.0
2020-11-22,11.94,12.0,11.71,11.71,1000.0
2020-11-23,11.98,11.98,11.67,11.67,200.0
2020-11-24,11.98,11.98,11.7,11.7,220.0
2020-11-25,12.03,12.03,12.0,12.0,170100.0
2020-11-26,12.03,12.03,11.9,11.9,200.0
2020-12-16,11.01,11.86,11.01,11.86,110.0
2020-12-20,12.08,12.08,11.64,11.64,100.0
2020-12-21,11.01,11.69,11.01,11.69,50.0
2020-12-27,11.01,11.47,11.01,11.47,10.0
2020-12-30,11.93,12.0,11.53,11.53,500.0
2021-01-04,12.07,12.07,11.64,11.64,40.0
2021-01-05,12.07,12.07,11.5,11.61,190.0
2021-01-06,12.07,12.07,11.62,11.62,50.0
2021-01-10,12.07,12.07,11.75,11.75,220.0
2021-01-11,12.08,12.08,12.03,12.03,200.0
2021-01-17,12.08,12.28,12.08,12.28,1530.0
2021-01-20,12.0,12.0,12.0,12.0,14920.0
2021-01-21,12.05,12.44,12.0,12.44,5000.0
2021-01-27,12.0,12.36,11.83,12.36,1730.0
2021-01-31,11.96,12.41,11.9,12.41,250.0
2021-02-02,12.36,13.24,12.0,12.0,11100.0
2021-02-03,12.4,12.45,12.37,12.37,1910.0
2021-02-07,12.47,12.7,12.33,12.33,7640.0
2021-02-08,12.45,13.0,12.33,12.33,2020.0
2021-02-09,12.86,12.9,12.65,12.78,34140.0
2021-02-10,12.5,12.88,12.16,12.16,1390.0
2021-02-11,12.9,12.9,12.2,12.27,5820.0
2021-02-14,13.0,13.1,12.25,12.26,3210.0
2021-02-15,12.25,12.25,12.1,12.14,10050.0
2021-02-16,13.0,13.0,12.24,12.24,460.0
2021-02-18,12.05,12.12,11.93,12.12,3730.0
2021-02-21,11.73,12.09,11.73,12.09,7700.0
2021-02-22,12.38,12.38,12.0,12.14,610.0
2021-02-23,12.4,12.4,11.9,12.27,1800.0
2021-02-24,12.0,12.0,11.9,11.92,11360.0
2021-02-25,12.03,12.14,12.0,12.14,5470.0
2021-02-28,12.01,12.35,12.0,12.34,1100.0
2021-03-01,12.4,12.4,12.24,12.24,170.0
2021-03-02,12.77,12.77,11.86,12.24,1260.0
2021-03-03,12.05,12.18,11.9,12.18,5500.0
2021-03-04,11.93,12.1,11.9,12.1,690.0
2021-03-07,12.04,12.04,12.04,12.04,200.0
2021-03-08,12.04,12.04,12.0,12.0,10000.0
2021-03-15,11.95,11.99,11.6,11.99,1320.0
2021-03-17,11.95,11.95,11.88,11.88,0.0
2021-03-22,11.99,11.99,11.47,11.47,150.0
2021-03-23,11.35,11.35,11.19,11.19,100.0
2021-03-24,11.4,11.4,11.12,11.12,360.0
2021-03-25,11.39,11.39,11.36,11.36,0.0
2021-03-28,11.36,12.04,11.36,11.54,200.0
2021-03-30,11.64,11.64,11.41,11.41,860.0
2021-03-31,11.5,11.5,11.15,11.41,1000.0
2021-04-01,11.5,11.5,11.22,11.22,0.0
2021-04-04,11.35,11.35,11.22,11.22,360.0
2021-04-05,11.15,11.2,10.65,11.06,1400.0
2021-04-06,11.4,11.5,10.89,10.89,1530.0
2021-04-07,11.17,11.17,10.9,10.9,300.0
2021-04-08,11.0,11.4,10.86,10.86,1450.0
2021-04-11,12.03,12.03,10.83,10.94,1640.0
2021-04-13,11.0,11.1,11.0,11.1,80.0
2021-04-14,11.0,11.0,10.52,10.94,1680.0
2021-04-15,11.0,11.0,10.78,10.78,220.0
2021-04-18,10.94,10.94,10.7,10.77,80.0
2021-04-19,11.0,11.0,10.99,10.99,520.0
2021-04-21,11.1,11.24,11.1,11.24,100.0
2021-04-25,11.28,11.28,11.24,11.24,10.0
2021-04-26,11.03,11.24,11.03,11.24,1000.0
2021-05-05,11.32,11.35,11.15,11.15,200.0
2021-05-06,11.27,11.27,11.2,11.2,0.0
2021-05-10,11.27,11.34,10.5,11.34,1100.0
2021-05-17,11.5,11.5,11.48,11.48,100.0
2021-05-19,11.2,11.5,11.1,11.49,2670.0
2021-05-20,11.55,11.55,10.5,11.51,1280.0
2021-05-23,11.25,11.48,10.6,11.46,1240.0
2021-05-24,11.33,11.54,10.65,11.54,1000.0
2021-05-25,11.3,11.49,11.3,11.49,110.0
2021-05-26,11.3,11.3,10.5,11.24,240.0
2021-05-27,11.15,11.15,11.07,11.07,10.0
2021-05-30,11.15,11.15,10.93,10.93,0.0
2021-05-31,12.08,12.08,10.99,10.99,50.0
2021-06-01,11.3,11.3,11.0,11.0,190.0
2021-06-02,11.5,11.5,10.92,10.92,110.0
2021-06-03,11.27,11.27,10.79,10.79,130.0
2021-06-07,10.75,11.45,10.7,10.8,2370.0
2021-06-08,11.49,11.49,10.79,10.79,1100.0
2021-06-10,10.68,10.71,10.55,10.71,330.0
2021-06-13,10.5,11.49,10.5,10.65,2860.0
2021-06-14,11.0,11.33,10.55,10.55,1600.0
2021-06-16,10.7,10.7,10.55,10.55,30.0
2021-06-17,11.0,11.0,10.54,10.54,0.0
2021-06-20,10.99,10.99,10.53,10.53,180.0
2021-06-21,10.99,10.99,10.46,10.46,20.0
2021-06-22,10.99,10.99,10.74,10.74,0.0
2021-06-23,10.99,10.99,10.89,10.89,180.0
2021-06-24,10.8,10.99,10.51,10.96,730.0
2021-06-27,10.99,10.99,10.97,10.97,20.0
2021-06-28,10.99,10.99,10.99,10.99,60.0
2021-06-29,10.71,11.07,10.71,10.96,30.0
2021-06-30,10.99,11.15,10.8,10.8,110.0
2021-07-04,11.15,11.15,10.9,10.94,500.0
2021-07-05,10.81,11.39,10.72,11.04,80.0
2021-07-07,10.72,11.2,10.72,10.83,2180.0
2021-07-08,10.81,11.2,10.81,10.96,200.0
2021-07-11,11.2,11.2,10.87,10.87,10.0
2021-07-12,11.07,11.2,10.83,10.83,120.0
2021-07-13,10.9,10.92,10.9,10.92,10.0
2021-07-14,11.0,11.13,11.0,11.13,140.0
2021-07-15,11.0,11.31,11.0,11.31,100.0
2021-07-18,11.2,11.2,11.0,11.0,10000.0
2021-07-25,11.2,11.36,10.77,11.36,1510.0
2021-07-26,11.14,11.46,11.14,11.46,420.0
2021-07-28,11.0,11.48,10.81,11.48,20.0
2021-07-29,10.81,11.48,10.81,11.48,460.0
2021-08-01,11.3,11.45,11.3,11.45,110.0
2021-08-02,11.3,11.51,10.81,11.51,570.0
2021-08-03,11.48,11.52,11.43,11.52,50.0
2021-08-05,11.43,11.48,11.41,11.41,120.0
2021-08-08,10.83,11.48,10.83,11.42,20.0
2021-08-09,11.42,11.43,11.42,11.43,0.0
2021-08-10,11.48,11.5,11.48,11.5,20.0
2021-08-15,11.48,11.58,10.83,11.58,240.0
2021-08-16,11.85,11.85,11.25,11.74,250.0
2021-08-17,11.2,11.75,11.2,11.75,10.0
2021-08-18,11.2,11.64,11.2,11.64,0.0
2021-08-19,11.5,11.5,10.8,10.88,18800.0
2021-08-23,11.99,11.99,11.0,11.37,510.0
2021-08-24,11.02,11.57,11.02,11.57,930.0
2021-08-25,11.46,11.65,11.46,11.65,100.0
2021-08-26,11.46,12.25,11.41,11.77,2230.0
2021-08-29,11.83,12.25,11.83,11.83,80.0
2021-08-30,11.83,11.83,11.82,11.82,200.0
2021-08-31,12.3,12.3,11.87,11.87,240.0
2021-09-01,11.81,12.1,11.12,11.85,500.0
2021-09-02,11.75,12.0,11.12,12.0,360.0
2021-09-05,12.02,12.02,11.5,12.02,390.0
2021-09-06,12.29,12.29,11.25,11.8,630.0
2021-09-07,11.56,11.76,11.2,11.76,400.0
2021-09-09,11.5,11.83,11.5,11.83,10.0
2021-09-12,11.56,11.75,11.56,11.75,100.0
2021-09-14,12.3,12.3,11.84,11.84,250.0
2021-09-15,12.04,12.04,11.89,11.89,30.0
2021-09-16,12.0,12.0,11.6,11.85,230.0
2021-09-19,11.99,11.99,11.69,11.69,320.0
2021-09-20,11.75,11.75,11.58,11.58,120.0
2021-09-21,11.6,11.6,11.38,11.38,90.0
2021-09-22,11.5,11.99,11.15,11.15,20.0
2021-09-23,12.0,12.0,11.26,11.26,220.0
2021-09-26,11.6,11.6,11.31,11.31,260.0
2021-09-27,11.6,11.6,11.31,11.31,10.0
2021-09-28,11.68,11.68,11.15,11.15,20.0
2021-10-03,11.35,11.35,11.16,11.16,170.0
2021-10-04,12.0,12.0,11.0,11.0,140.0
2021-10-05,11.78,11.78,10.86,11.07,1100.0
2021-10-06,11.33,11.33,10.93,11.08,260.0
2021-10-10,11.42,11.6,11.18,11.18,100.0
2021-10-11,11.78,11.78,11.31,11.31,250.0
2021-10-12,11.6,11.6,11.37,11.37,50.0
2021-10-13,11.5,11.5,11.44,11.44,20.0
2021-10-17,11.4,11.89,11.4,11.66,110.0
2021-10-18,11.65,11.9,11.31,11.83,660.0
2021-10-19,12.07,12.15,11.9,11.99,2300.0
2021-10-20,12.15,12.15,11.3,11.91,1380.0
2021-10-24,11.89,12.0,11.32,11.84,340.0
2021-10-25,11.99,11.99,11.77,11.89,580.0
2021-10-26,11.97,12.0,11.89,11.89,220.0
2021-10-27,12.0,12.0,11.97,11.97,0.0
2021-10-28,12.0,12.08,12.0,12.08,0.0
2021-10-31,12.0,12.23,12.0,12.23,70.0
2021-11-01,11.83,12.14,11.83,12.14,140.0
2021-11-02,12.11,12.3,11.51,12.3,2520.0
2021-11-03,12.1,12.41,11.85,12.41,800.0
2021-11-04,12.19,12.42,12.0,12.42,3380.0
2021-11-07,12.19,12.48,11.62,12.34,3200.0
2021-11-08,12.18,12.3,11.86,12.28,220.0
2021-11-09,11.95,12.22,11.95,12.22,100.0
2021-11-10,11.9,12.31,11.9,12.31,170.0
2021-11-11,12.1,12.2,11.86,12.2,130.0
2021-11-14,12.35,12.35,11.62,12.3,170.0
2021-11-15,11.91,12.39,11.9,12.39,140.0
2021-11-16,11.85,12.24,11.67,12.21,660.0
2021-11-17,11.8,12.24,11.72,12.13,2330.0
2021-11-18,12.24,12.24,11.73,12.17,10.0
2021-11-21,12.24,12.24,11.51,12.04,3190.0
2021-11-22,11.55,11.97,11.53,11.97,60.0
2021-11-23,11.95,12.04,11.95,12.04,60.0
2021-11-25,11.95,12.03,11.65,12.03,300.0
2021-11-28,11.95,12.23,11.95,12.11,110.0
2021-11-29,12.0,12.24,11.66,11.95,270.0
2021-11-30,12.19,12.19,11.95,11.97,50.0
2021-12-01,11.75,12.19,11.66,12.16,310.0
2021-12-02,11.7,12.19,11.67,12.19,170.0
2021-12-05,11.75,12.19,11.75,12.08,20.0
2021-12-06,11.75,12.24,11.53,12.17,1060.0
2021-12-08,11.63,12.31,11.63,12.31,2310.0
2021-12-12,12.0,12.31,12.0,12.31,120.0
2021-12-13,11.6,12.49,11.6,12.49,1040.0
2021-12-14,12.47,12.48,12.0,12.48,2260.0
2021-12-15,12.43,12.43,12.4,12.4,320.0
2021-12-16,12.12,12.4,11.71,12.4,2200.0
2021-12-21,12.45,12.45,12.25,12.25,110.0
2021-12-23,12.08,12.41,11.76,12.41,450.0
2021-12-26,12.45,12.54,12.34,12.54,600.0
2021-12-27,12.45,12.64,12.45,12.64,50.0
2021-12-28,12.45,12.64,12.45,12.64,70.0
2021-12-29,12.45,12.7,11.76,12.7,270.0
2022-01-02,12.45,12.74,11.8,12.74,610.0
2022-01-03,11.8,12.69,11.8,12.69,300.0
2022-01-04,12.38,12.68,12.38,12.68,130.0
2022-01-05,11.77,13.4,11.77,12.77,4030.0000000000005
2022-01-09,13.4,13.4,12.8,12.83,240.0
2022-01-10,13.38,13.38,11.81,12.76,920.0
2022-01-11,11.81,13.38,11.81,12.8,630.0
2022-01-12,12.63,12.78,12.63,12.78,10.0
2022-01-13,12.53,12.84,12.53,12.84,20.0
2022-01-16,12.63,13.35,12.5,12.79,520.0
2022-01-18,12.77,12.77,12.63,12.63,0.0
2022-01-19,13.0,13.0,12.65,12.65,100.0
2022-01-20,12.99,12.99,12.48,12.48,330.0
2022-01-23,12.5,12.5,12.49,12.49,30.0
2022-01-24,12.76,13.5,12.01,12.41,1170.0
2022-01-25,13.4,13.4,12.01,12.37,160.0
2022-01-26,13.3,13.4,12.01,12.29,2230.0
2022-01-30,12.01,13.4,12.01,12.25,2820.0
2022-01-31,13.34,13.34,12.2,12.2,30.0
2022-02-01,12.87,12.99,12.24,12.24,200.0
2022-02-02,12.98,13.5,12.34,12.34,2540.0
2022-02-03,13.38,13.38,12.43,12.43,30.0
2022-02-06,12.53,12.53,12.01,12.38,1600.0
2022-02-07,13.37,13.37,12.43,12.43,430.0
2022-02-08,12.5,13.37,12.28,12.28,310.0
2022-02-09,12.7,13.19,12.26,12.26,450.0
2022-02-10,13.19,13.19,12.01,12.33,430.0
2022-02-13,13.0,13.19,12.11,12.31,350.0
2022-02-14,13.17,13.17,12.16,12.16,80.0
2022-02-15,12.99,12.99,12.13,12.13,60.0
2022-02-16,12.95,12.95,12.18,12.29,140.0
2022-02-17,12.95,12.95,12.29,12.29,10.0
2022-02-20,12.29,12.35,12.26,12.26,120.0
2022-02-21,12.58,12.58,12.08,12.08,100.0
2022-02-22,12.78,12.78,12.22,12.22,140.0
2022-02-23,12.99,12.99,12.01,12.01,0.0
2022-02-24,12.23,12.23,12.0,12.01,2900.0
2022-02-27,12.0,12.9,11.58,11.58,1060.0
2022-02-28,12.9,12.9,11.88,11.88,160.0
2022-03-01,12.89,12.89,11.84,11.84,90.0
2022-03-03,12.88,12.88,11.89,11.89,130.0
2022-03-06,12.5,12.85,12.01,12.01,90.0
2022-03-07,12.83,12.83,11.79,11.79,3030.0
2022-03-08,12.1,12.35,11.37,11.37,1200.0
2022-03-09,12.1,12.79,11.05,11.05,650.0
2022-03-10,11.8,11.8,11.07,11.07,40.0
2022-03-13,11.99,12.64,11.11,11.11,190.0
2022-03-14,12.64,12.64,11.13,11.13,10.0
2022-03-15,12.63,12.63,11.07,11.07,50.0
2022-03-16,12.49,12.49,11.07,11.07,1910.0
2022-03-17,12.36,12.5,11.37,11.37,40.0
2022-03-20,12.49,12.49,11.39,11.39,40.0
2022-03-21,12.48,12.48,11.65,11.65,1640.0
2022-03-22,12.63,12.64,12.29,12.29,1970.0
2022-03-23,12.59,12.59,12.3,12.38,260.0
2022-03-24,12.5,12.61,12.3,12.46,300.0
2022-03-27,12.32,12.59,12.3,12.42,330.0
2022-03-28,12.3,12.55,11.98,12.25,1780.0
2022-03-29,12.3,12.3,11.93,11.93,210.0
2022-03-30,12.24,12.24,12.09,12.09,250.0
2022-03-31,12.23,12.23,11.85,11.93,910.0
2022-04-03,12.19,12.19,11.93,11.93,150.0
2022-04-04,11.93,12.27,11.93,12.27,80.0
2022-04-05,11.93,12.23,11.85,12.23,140.0
2022-04-06,12.17,12.17,11.85,12.17,120.0
2022-04-07,11.85,12.25,11.82,12.14,430.0
2022-04-10,11.81,12.25,11.51,11.9,280.0
2022-04-11,12.0,12.24,11.6,11.69,920.0
2022-04-12,12.19,12.19,11.51,11.51,230.0
2022-04-13,11.8,12.17,11.69,11.69,70.0
2022-04-14,11.94,11.94,11.63,11.63,100.0
2022-04-17,11.46,12.06,11.46,11.46,1180.0
2022-04-18,11.7,11.99,11.49,11.49,40.0
2022-04-19,11.65,11.99,11.5,11.52,110.0
2022-04-20,11.6,11.98,11.02,11.5,1240.0
2022-04-27,11.58,11.98,11.57,11.57,150.0
2022-04-28,11.89,11.9,11.61,11.61,300.0
2022-05-08,11.9,11.99,11.06,11.96,420.0
2022-05-09,11.97,12.02,11.97,12.02,60.0
2022-05-10,11.6,11.79,11.07,11.79,660.0
2022-05-11,11.16,11.71,11.16,11.71,420.0
2022-05-15,11.89,11.99,11.08,11.58,680.0
2022-05-16,11.99,11.99,11.43,11.43,10.0
2022-05-17,11.27,11.99,11.01,11.35,880.0
2022-05-18,11.5,11.98,10.6,11.33,1420.0
2022-05-23,11.45,11.99,11.35,11.35,1230.0
2022-05-24,11.6,11.6,11.41,11.41,50.0
2022-05-26,11.6,11.97,11.13,11.13,160.0
2022-05-29,11.95,11.95,11.09,11.09,210.0
2022-05-30,11.94,11.94,10.97,10.97,190.0
2022-05-31,11.1,11.1,10.99,10.99,120.0
2022-06-01,11.44,11.79,11.03,11.03,100.0
2022-06-05,11.1,11.1,10.88,10.88,20.0
2022-06-06,11.79,11.79,10.85,10.85,40.0
2022-06-07,11.43,11.43,10.86,10.86,100.0
2022-06-08,11.43,11.77,10.92,10.92,170.0
2022-06-09,11.77,11.77,11.1,11.12,200.0
2022-06-12,11.1,11.77,11.1,11.12,8070.0
2022-06-13,11.49,11.49,10.97,10.97,1150.0
2022-06-14,10.97,10.97,10.42,10.89,2670.0
2022-06-15,10.6,10.9,10.41,10.85,2050.0
2022-06-16,10.7,10.84,10.0,10.84,5590.0
2022-06-19,10.84,10.84,10.35,10.73,100.0
2022-06-20,10.6,10.71,10.58,10.58,150.0
2022-06-21,10.71,11.14,10.53,10.53,1880.0
2022-06-22,10.99,10.99,10.25,10.55,710.0
2022-06-23,10.46,10.98,10.46,10.46,20.0
2022-06-26,10.46,10.93,10.27,10.27,50.0
2022-06-29,10.4,10.5,10.0,10.0,500.0
2022-07-03,10.5,11.15,9.01,10.05,6090.0
2022-07-04,10.89,10.89,9.81,9.81,10.0
2022-07-05,10.0,10.0,9.47,9.47,60.0
2022-07-06,10.1,10.63,9.45,9.45,480.0
2022-07-07,10.44,10.44,9.05,9.46,1200.0
2022-07-17,10.39,10.39,9.56,9.56,280.0
2022-07-18,10.1,10.39,9.01,9.56,1700.0
2022-07-19,9.86,9.9,9.45,9.67,190.0
2022-07-20,9.71,9.9,9.21,9.84,1860.0
2022-07-21,9.84,10.39,9.62,9.92,250.0
2022-07-24,10.39,10.4,9.5,10.11,560.0
2022-07-26,9.8,10.39,9.8,10.05,910.0
2022-07-27,10.1,10.49,10.1,10.17,2170.0
2022-07-28,10.49,10.49,10.1,10.1,530.0
2022-07-31,10.44,10.49,10.18,10.18,780.0
2022-08-01,10.49,10.95,10.28,10.28,1240.0
2022-08-02,10.5,10.8,10.21,10.21,1690.0
2022-08-03,10.7,10.98,10.22,10.22,1930.0
2022-08-04,10.99,10.99,10.33,10.33,770.0
2022-08-07,10.9,11.99,10.52,10.78,1060.0
2022-08-08,11.15,11.5,10.9,10.96,970.0
2022-08-09,11.0,11.0,10.75,10.87,150.0
2022-08-10,11.0,11.0,10.79,10.79,1640.0
2022-08-11,11.1,11.1,10.78,10.78,950.0
2022-08-14,11.19,11.19,10.81,10.81,130.0
2022-08-15,11.15,11.15,10.79,10.8,230.0
2022-08-16,11.0,11.0,10.73,10.73,460.0
2022-08-17,11.0,11.0,10.65,10.65,330.0
2022-08-18,10.99,11.0,10.88,10.88,110.0
2022-08-21,11.0,11.0,10.84,10.93,180.0
2022-08-22,11.0,11.19,11.0,11.19,2440.0
2022-08-23,11.1,11.1,11.05,11.09,510.0
2022-08-24,11.05,11.05,10.95,10.97,750.0
2022-08-25,11.0,11.1,10.93,10.93,230.0
2022-08-28,10.92,13.0,10.92,11.13,2770.0
2022-08-29,11.99,12.0,11.01,11.01,2500.0
2022-08-30,11.79,11.79,10.95,10.95,170.0
2022-08-31,11.33,11.79,10.92,10.96,860.0
2022-09-01,11.2,11.79,10.82,10.82,950.0
2022-09-04,11.79,11.97,10.75,10.75,1950.0
2022-09-05,11.94,11.94,10.82,10.82,720.0
2022-09-06,10.95,11.39,10.95,11.01,520.0
2022-09-07,11.4,11.98,11.07,11.18,2510.0
2022-09-08,11.13,12.0,11.07,11.07,6720.0
2022-09-11,11.99,11.99,11.01,11.11,1140.0
2022-09-12,11.2,11.97,11.12,11.2,600.0
2022-09-13,11.98,11.98,11.12,11.29,1330.0
2022-09-14,11.89,11.89,11.12,11.24,160.0
2022-09-15,11.78,11.78,11.03,11.03,490.0
2022-09-18,11.5,11.8,10.9,10.9,3790.0
2022-09-19,11.0,11.73,10.56,10.56,860.0
2022-09-20,11.5,11.5,10.5,10.66,1120.0
2022-09-21,11.2,11.43,10.82,10.82,730.0
2022-09-22,11.51,11.51,10.77,10.77,420.0
2022-09-25,11.1,11.1,10.74,10.74,50.0
2022-09-26,11.1,11.65,10.7,10.7,560.0
2022-09-27,10.85,11.59,10.63,10.63,310.0
2022-09-28,11.39,11.39,10.62,10.62,80.0
2022-09-29,11.0,11.15,10.5,10.5,180.0
2022-10-02,11.33,11.33,10.63,10.63,110.0
2022-10-03,11.3,11.3,10.48,10.48,720.0
2022-10-04,10.85,11.24,10.48,10.48,160.0
2022-10-05,11.24,11.49,10.73,10.73,600.0
2022-10-09,11.48,11.49,10.82,10.82,500.0
2022-10-10,11.26,11.48,10.75,10.75,60.0
2022-10-11,11.47,11.47,10.75,10.75,60.0
2022-10-12,10.86,11.45,10.67,10.67,440.0
2022-10-13,11.44,11.44,10.59,10.59,20.0
2022-10-16,11.33,11.49,10.65,10.65,230.0
2022-10-17,11.1,11.48,10.86,10.86,220.0
2022-10-18,11.43,11.48,10.97,10.97,280.0
2022-10-19,11.4,11.54,11.08,11.08,2830.0
2022-10-20,11.3,11.54,11.07,11.07,670.0
2022-10-23,11.5,11.54,11.19,11.19,1280.0
2022-10-24,11.54,11.54,11.17,11.17,380.0
2022-10-25,11.3,11.53,11.11,11.25,320.0
2022-10-26,11.3,11.5,11.3,11.41,60.0
2022-10-27,11.49,12.0,11.41,11.5,4130.0
2022-10-30,12.0,12.48,11.51,12.15,5200.0
2022-10-31,12.2,12.39,11.71,12.09,3300.0
2022-11-01,12.3,12.38,12.1,12.38,1230.0
2022-11-02,12.38,12.45,12.2,12.45,2250.0
2022-11-03,12.37,12.37,12.2,12.24,1350.0
2022-11-06,12.35,12.35,11.51,12.27,290.0
2022-11-07,12.2,12.2,11.52,12.17,30.0
2022-11-08,12.15,12.46,12.0,12.46,500.0
2022-11-09,12.2,12.27,11.9,12.27,2870.0
2022-11-10,12.24,12.82,11.91,12.82,560.0
2022-11-13,12.24,12.98,12.24,12.79,2700.0
2022-11-14,12.31,13.04,12.31,13.04,390.0
2022-11-15,12.51,13.2,12.31,13.2,1310.0
2022-11-16,12.99,13.2,12.51,13.2,430.0
2022-11-17,12.99,16.0,12.8,13.95,22390.0
2022-11-20,13.98,14.49,13.08,13.61,4360.0
2022-11-21,14.47,14.47,13.25,13.62,4200.0
2022-11-22,13.5,14.46,13.25,13.63,1150.0
2022-11-23,14.0,14.45,13.5,13.81,3110.0
2022-11-24,14.39,14.39,13.5,13.96,110010.0
2022-11-27,14.39,14.39,13.25,14.0,257600.00000000003
2022-11-28,14.2,14.2,13.36,13.45,153270.0
2022-11-29,13.9,13.97,13.61,13.96,207010.0
2022-11-30,13.96,14.15,13.72,14.0,76760.0
2022-12-01,14.15,14.53,13.9,14.53,6080.0
2022-12-04,14.46,15.0,14.46,14.95,2890.0
2022-12-05,15.01,15.73,14.9,15.43,8160.0
2022-12-06,15.59,15.69,15.32,15.69,1400.0
2022-12-07,15.6,19.03,15.6,15.88,4130.0
2022-12-08,18.98,18.98,16.19,16.19,6030.0
2022-12-11,18.89,18.89,16.24,16.24,6450.0
2022-12-12,18.75,18.75,15.56,16.06,20140.0
2022-12-13,16.2,17.99,16.0,16.11,16660.0
2022-12-14,18.0,18.0,16.5,16.57,1660.0
2022-12-15,17.49,17.49,16.73,16.81,1970.0
2022-12-18,16.79,16.99,16.01,16.55,2920.0
2022-12-19,16.54,16.97,16.06,16.23,3260.0
2022-12-20,16.18,16.43,15.9,16.11,1880.0
2022-12-21,15.9,16.0,15.8,15.88,1110.0
2022-12-22,15.92,16.45,15.8,15.9,1110.0
2022-12-25,15.9,16.35,15.2,15.83,1860.0
2022-12-26,16.0,16.15,15.21,15.72,2370.0
2022-12-27,15.9,16.5,15.64,15.91,2430.0
2022-12-28,16.44,16.44,15.8,15.83,2620.0
2022-12-29,16.38,16.38,15.8,15.93,3710.0
2023-01-02,16.34,16.49,15.81,15.95,4000.0
2023-01-03,16.5,16.69,16.3,16.32,1030.0
2023-01-04,16.68,16.68,16.0,16.46,9600.0
2023-01-05,16.7,17.03,16.45,17.03,3110.0
2023-01-09,17.01,17.99,16.66,17.38,22780.0
2023-01-10,17.51,17.58,16.66,17.58,2600.0
2023-01-11,17.39,17.39,15.01,16.35,21610.0
2023-01-12,17.33,17.33,16.01,17.02,1000.0
2023-01-15,17.25,17.27,16.51,16.98,670.0
2023-01-16,17.0,17.99,16.7,16.99,6700.0
2023-01-17,17.89,17.89,17.02,17.29,690.0
2023-01-18,17.71,17.88,17.15,17.44,590.0
2023-01-19,17.55,17.88,17.01,17.45,3680.0
2023-01-22,17.32,17.79,17.02,17.53,1140.0
2023-01-23,17.74,18.9,17.1,17.31,28370.0
2023-01-24,17.73,17.99,17.4,17.65,1520.0
2023-01-25,17.99,17.99,17.55,17.65,1330.0
2023-01-29,17.95,18.9,17.72,18.29,3250.0
2023-01-30,18.4,18.98,18.21,18.95,3480.0
2023-01-31,18.3,18.93,18.0,18.55,3150.0
2023-02-01,18.88,18.88,17.71,17.93,6920.0
2023-02-02,18.59,18.59,17.75,17.86,880.0
2023-02-05,17.8,18.59,17.5,17.7,2000.0
2023-02-06,17.9,18.49,17.71,17.71,2440.0
2023-02-07,18.0,18.5,17.9,18.06,1160.0
2023-02-08,18.02,18.48,18.01,18.39,2590.0
2023-02-09,18.45,18.9,18.15,18.45,10980.0
2023-02-12,18.8,19.17,18.03,19.17,2930.0
2023-02-13,18.9,18.9,18.2,18.81,460.0
2023-02-14,18.7,18.9,18.07,18.73,7040.0
2023-02-15,18.9,18.97,18.51,18.97,2470.0
2023-02-16,18.97,19.89,18.7,19.06,4630.0
2023-02-19,19.83,19.83,18.71,19.03,900.0
2023-02-20,18.95,19.79,18.03,18.85,8990.0
2023-02-21,18.5,19.49,18.26,18.3,1250.0
2023-02-22,19.48,19.48,18.03,18.54,1020.0
2023-02-23,19.19,19.19,18.04,18.26,1820.0
2023-02-26,19.19,19.38,18.11,18.5,1460.0
2023-02-27,18.51,19.38,18.5,18.72,1500.0
2023-02-28,18.66,19.34,18.15,18.6,1470.0
2023-03-01,19.04,19.19,18.49,18.49,830.0
2023-03-02,18.62,19.18,18.55,18.62,1270.0
2023-03-05,19.18,19.18,18.32,18.32,9230.0
2023-03-06,18.6,19.47,18.3,18.3,2280.0
2023-03-07,18.45,19.4,18.28,18.28,2780.0
2023-03-08,18.62,18.9,17.87,17.87,890.0
2023-03-09,18.78,18.78,17.75,17.75,1020.0
2023-03-12,18.67,18.67,17.5,17.91,4600.0
2023-03-13,18.39,18.39,16.6,17.33,2150.0
2023-03-14,18.35,18.35,16.79,16.79,2810.0
2023-03-15,17.33,18.0,16.71,16.71,5280.0
2023-03-16,17.35,17.35,16.0,16.04,6000.0
2023-03-19,17.39,17.39,16.0,16.0,1570.0
2023-03-20,17.25,17.25,15.97,15.97,1500.0
2023-03-21,16.5,17.29,16.23,16.23,1400.0
2023-03-22,17.25,17.29,16.51,16.67,1110.0
2023-03-23,17.2,17.29,16.59,16.59,660.0
2023-03-26,17.27,17.3,16.61,16.99,2260.0
2023-03-27,17.3,17.38,17.0,17.38,210.0
2023-03-28,17.3,17.34,16.71,17.34,1190.0
2023-03-29,17.28,17.59,17.2,17.29,3500.0
2023-03-30,17.7,18.49,17.6,17.84,3440.0
2023-04-02,18.19,18.3,17.61,17.84,1500.0
2023-04-03,18.29,18.87,18.05,18.13,3080.0
2023-04-04,18.89,18.89,18.39,18.53,3660.0
2023-04-05,18.8,18.89,18.35,18.52,4120.0
2023-04-06,18.83,18.83,17.65,18.54,930.0
2023-04-09,18.75,18.77,17.73,18.2,600.0
2023-04-10,18.55,18.6,18.01,18.16,230.0
2023-04-11,18.5,18.55,18.02,18.27,740.0
2023-04-12,18.06,18.69,18.03,18.53,2460.0
2023-04-13,18.11,18.6,18.11,18.36,970.0
2023-04-18,18.37,19.36,18.37,19.36,3600.0
2023-04-19,18.7,19.24,18.51,19.24,5420.0
2023-04-26,18.84,19.21,18.61,19.21,2880.0
2023-04-27,18.9,19.3,18.8,19.14,3840.0
2023-04-30,19.3,19.99,19.11,19.51,4330.0
2023-05-01,19.79,19.79,18.71,19.37,1350.0
2023-05-02,19.49,19.76,18.73,18.99,2660.0
2023-05-03,19.25,19.55,18.75,18.98,890.0
2023-05-07,19.0,19.99,18.5,18.97,7540.0
2023-05-08,19.49,19.7,18.9,18.9,3470.0
2023-05-09,19.69,19.69,19.0,19.34,3890.0
2023-05-10,19.1,19.44,19.0,19.0,1220.0
2023-05-11,19.1,19.4,19.0,19.22,1280.0
2023-05-14,19.39,19.39,18.51,18.97,4480.0
2023-05-15,19.25,19.25,18.87,19.08,1360.0
2023-05-16,18.92,19.35,18.86,18.86,990.0
2023-05-17,18.99,19.19,18.75,18.75,1480.0
2023-05-18,19.07,19.07,18.52,18.56,300.0
2023-05-21,18.89,19.29,18.46,18.46,5670.0
2023-05-22,18.55,18.98,18.55,18.58,1900.0
2023-05-23,18.96,18.96,18.48,18.48,290.0
2023-05-24,18.57,18.93,18.5,18.5,1530.0
2023-05-25,18.8,19.05,18.6,18.83,1070.0
2023-05-28,19.03,19.44,18.71,18.78,1670.0
2023-05-29,19.4,19.44,18.67,18.87,1780.0
2023-05-30,18.85,19.39,18.83,18.98,1250.0
2023-05-31,19.2,19.44,18.91,19.32,2440.0
2023-06-01,19.36,19.37,18.93,19.25,1200.0
2023-06-04,19.29,19.29,18.92,19.29,2200.0
2023-06-05,18.92,19.24,18.81,19.2,1050.0
2023-06-06,19.16,19.16,18.83,19.08,2040.0
2023-06-07,18.86,19.24,18.82,19.24,950.0
2023-06-08,19.15,19.15,18.79,19.09,1420.0
2023-06-11,19.14,19.28,18.81,19.28,630.0
2023-06-12,19.0,19.51,19.0,19.51,410.0
2023-06-13,19.0,19.47,19.0,19.47,1520.0
2023-06-14,19.02,19.65,19.01,19.65,430.0
2023-06-15,19.07,19.65,19.02,19.65,610.0
2023-06-18,19.03,19.66,19.03,19.66,3000.0
2023-06-19,19.36,19.82,19.35,19.82,990.0
2023-06-20,19.36,19.78,19.35,19.78,1880.0
2023-06-21,19.5,19.7,19.02,19.7,450.0
2023-06-22,19.46,19.47,18.96,19.47,400.0
2023-06-25,19.46,19.49,18.82,19.48,2340.0
2023-06-26,19.16,19.34,18.8,19.02,2960.0
2023-07-04,19.3,19.42,18.83,19.42,1430.0
2023-07-05,19.2,19.2,19.0,19.2,220.0
2023-07-06,19.2,19.33,19.0,19.11,1850.0
2023-07-09,19.29,19.29,18.5,18.81,1020.0
2023-07-10,18.5,19.28,18.21,18.21,750.0
2023-07-11,19.25,19.25,18.65,18.65,540.0
2023-07-12,18.65,19.0,18.6,18.86,230.0
2023-07-13,19.0,19.27,18.65,18.85,980.0
2023-07-16,18.71,19.28,18.66,19.06,1780.0
2023-07-17,18.81,19.19,18.76,19.06,770.0
2023-07-18,19.19,19.24,18.9,19.24,250.0
2023-07-19,19.19,19.34,18.9,19.34,1520.0
2023-07-24,18.92,19.31,18.92,19.31,800.0
2023-07-25,19.0,19.28,18.94,19.28,880.0
2023-07-26,18.93,19.2,18.92,19.2,660.0
2023-07-27,18.95,19.18,18.9,19.11,960.0
2023-07-30,18.9,19.24,18.75,19.05,620.0
2023-07-31,19.1,19.28,18.91,19.28,780.0
2023-08-01,19.0,19.32,18.91,19.32,1290.0
2023-08-02,19.23,19.24,18.51,19.21,6030.0
2023-08-03,19.2,19.24,18.86,19.14,1050.0
2023-08-06,19.24,19.24,18.91,19.14,390.0
2023-08-07,19.22,19.4,19.04,19.4,4510.0
2023-08-08,19.25,19.56,19.16,19.56,310.0
2023-08-09,19.16,19.45,19.16,19.45,1070.0
2023-08-10,19.3,19.47,19.01,19.47,470.0
2023-08-13,19.3,19.41,19.03,19.41,470.0
2023-08-14,19.05,19.57,19.05,19.57,1140.0
2023-08-15,19.3,19.61,19.07,19.61,1810.0
2023-08-16,19.25,19.68,19.12,19.68,3480.0
2023-08-17,19.2,19.79,19.2,19.79,390.0
2023-08-20,19.5,19.68,19.16,19.68,200.0
2023-08-21,19.22,19.75,19.22,19.75,290.0
2023-08-22,19.5,19.64,19.31,19.64,610.0
2023-08-23,19.31,19.96,19.31,19.96,110.0
2023-08-24,19.36,19.87,19.2,19.87,1660.0
2023-08-27,19.5,20.0,19.22,19.95,620.0
2023-08-28,20.0,20.65,20.0,20.28,1600.0
2023-08-29,20.4,20.4,20.17,20.35,360.0
2023-08-30,20.4,20.61,20.2,20.4,600.0
2023-08-31,20.18,20.61,20.18,20.61,520.0
2023-09-03,20.4,21.2,20.4,20.67,8020.0
2023-09-04,21.0,21.0,20.42,20.51,780.0
2023-09-05,22.25,22.25,20.6,20.71,1110.0
2023-09-06,20.63,21.19,20.63,20.85,850.0
2023-09-07,21.19,21.3,20.81,21.05,970.0
2023-09-10,21.0,21.61,20.95,21.21,2210.0
2023-09-11,21.6,21.6,21.0,21.43,7570.0
2023-09-12,21.49,21.49,21.0,21.1,950.0
2023-09-13,21.22,21.35,20.96,20.96,870.0
2023-09-14,21.45,21.6,21.1,21.44,21160.0
2023-09-17,21.4,21.83,21.39,21.39,6760.0
2023-09-18,21.75,21.8,21.22,21.52,1170.0
2023-09-19,21.3,22.0,21.3,21.61,1330.0
2023-09-20,22.0,22.1,21.75,21.83,780.0
2023-09-21,21.99,22.15,21.36,21.66,4070.0000000000005
2023-09-24,22.15,22.2,21.97,21.97,1440.0
2023-09-25,22.25,22.7,22.07,22.12,5560.0
2023-09-26,22.2,22.68,22.17,22.23,1030.0
2023-09-27,22.65,22.65,21.75,22.27,3630.0
2023-10-01,22.35,22.35,22.0,22.06,1340.0
2023-10-02,22.2,22.3,21.45,21.93,1920.0
2023-10-03,22.15,22.15,21.76,21.76,4430.0
2023-10-04,21.99,22.05,21.5,21.55,1230.0
2023-10-08,21.75,21.99,21.45,21.73,7320.0
2023-10-09,21.8,22.0,21.17,21.17,1810.0
2023-10-10,22.0,22.14,21.22,21.22,2600.0
2023-10-11,22.14,22.14,21.57,21.57,930.0
2023-10-12,21.8,22.25,21.49,21.49,4580.0
2023-10-15,22.2,22.8,21.65,21.86,5540.0
2023-10-16,22.45,22.85,22.21,22.21,750.0
2023-10-17,22.84,24.8,22.84,22.98,7010.0
2023-10-18,24.99,24.99,24.1,24.91,12490.0
2023-10-19,24.5,25.45,24.01,24.74,15670.0
2023-10-22,24.49,25.65,23.62,23.62,8960.0
2023-10-23,24.51,24.95,24.18,24.18,3590.0
2023-10-24,25.0,25.15,24.21,24.66,2520.0
2023-10-25,25.0,25.05,24.31,24.78,2029.9999999999998
2023-10-26,25.0,25.9,24.53,25.61,9880.0
2023-10-29,25.66,26.1,25.51,26.0,13890.0
2023-10-30,26.0,26.25,25.22,25.56,10220.0
2023-10-31,26.0,26.0,25.27,25.94,840.0
2023-11-01,25.8,25.98,24.96,24.96,2960.0
2023-11-02,25.85,25.85,24.83,24.83,1390.0
2023-11-05,25.82,26.13,25.01,25.06,5420.0
2023-11-06,26.05,26.33,25.55,25.55,4640.0
2023-11-07,26.15,26.35,25.54,25.54,6130.0
2023-11-08,26.3,26.5,25.73,25.92,4550.0
2023-11-09,26.22,27.3,26.22,26.56,3270.0
2023-11-12,26.56,27.2,26.53,26.92,10160.0
2023-11-13,27.1,27.15,26.47,26.47,2000.0
2023-11-14,27.12,27.19,26.53,26.53,3760.0
2023-11-15,27.15,27.15,26.46,26.46,5230.0
2023-11-16,27.09,27.4,26.7,26.72,8680.0
2023-11-19,27.1,27.1,26.83,26.99,9060.0
2023-11-20,27.1,28.3,27.02,27.78,12770.0
2023-11-21,28.3,28.3,27.4,27.81,14240.0
2023-11-22,27.55,28.0,27.1,27.38,12340.0
2023-11-23,27.76,28.75,27.69,27.69,9140.0
2023-11-26,28.75,29.0,28.5,28.76,30340.0
2023-11-27,28.5,28.98,27.98,27.98,10190.0
2023-11-28,28.98,28.98,28.21,28.8,11430.0
2023-11-29,28.5,28.75,27.4,27.78,10510.0
2023-11-30,27.5,28.05,27.39,27.39,9610.0
2023-12-03,27.8,27.9,27.15,27.36,9370.0
2023-12-04,27.7,28.1,27.18,27.18,4900.0
2023-12-05,28.2,28.5,27.72,27.94,3820.0
2023-12-06,28.39,28.39,27.41,27.79,9890.0
2023-12-07,27.45,27.95,27.16,27.32,4920.0
2023-12-10,27.8,27.8,27.2,27.3,4070.0000000000005
2023-12-11,27.79,27.79,26.65,26.76,8730.0
2023-12-12,27.53,27.55,26.75,26.75,5140.0
2023-12-13,27.49,27.58,26.63,26.63,9330.0
2023-12-14,27.58,28.15,27.3,27.96,11430.0
2023-12-17,27.71,28.29,27.51,28.13,12540.0
2023-12-18,28.15,28.29,27.42,27.42,6200.0
2023-12-19,28.3,28.5,28.0,28.01,5080.0
2023-12-20,28.39,28.39,27.73,27.73,3310.0
2023-12-21,28.2,28.2,27.1,27.47,4950.0
2023-12-24,27.5,28.35,27.06,27.67,35340.0
2023-12-25,27.8,27.8,26.35,26.35,4140.0
2023-12-26,27.6,27.6,26.79,26.79,3960.0
2023-12-27,27.67,27.67,26.54,26.54,4010.0
2023-12-28,27.5,27.85,26.92,26.92,4240.0
2023-12-31,27.84,27.85,27.2,27.28,7130.0
2024-01-02,27.78,27.85,27.4,27.49,8570.0
2024-01-03,27.54,28.2,27.54,28.15,8290.0
2024-01-04,27.85,28.39,27.61,28.05,7860.0
2024-01-08,27.65,28.49,27.65,28.31,11440.0
2024-01-09,28.0,28.48,27.97,27.97,1830.0
2024-01-10,28.33,28.34,27.83,28.01,12390.0
2024-01-11,28.34,28.34,27.91,28.28,11650.0
2024-01-14,28.34,28.5,28.0,28.32,17640.0
2024-01-15,28.15,28.6,28.15,28.35,10970.0
2024-01-16,28.59,29.48,28.5,28.96,5700.0
2024-01-17,29.49,30.1,29.49,29.96,13730.0
2024-01-18,29.99,29.99,29.51,29.51,5480.0
2024-01-21,29.99,30.44,29.9,30.36,11530.0
2024-01-22,30.6,31.24,30.2,31.08,17240.0
2024-01-23,31.3,31.5,30.25,30.95,17760.0
2024-01-24,31.0,31.15,29.85,30.4,9640.0
2024-01-28,30.6,31.59,30.15,31.2,11980.0
2024-01-29,31.49,31.9,31.05,31.5,9840.0
2024-01-30,31.9,32.98,31.9,32.19,7770.0
2024-01-31,33.0,34.5,30.55,31.39,41030.0
2024-02-01,31.39,32.0,30.1,31.41,17210.0
2024-02-04,31.41,32.0,30.15,30.8,19220.0
2024-02-05,30.8,30.95,30.3,30.73,16340.0
2024-02-06,30.73,31.2,30.32,30.67,12180.0
2024-02-07,30.67,31.22,29.97,29.97,7360.0
2024-02-08,29.97,31.99,29.97,31.45,15880.0
2024-02-11,31.45,31.6,31.0,31.21,6010.0
2024-02-12,31.21,31.7,30.53,30.98,8370.0
2024-02-13,30.98,31.6,30.98,31.3,5210.0
2024-02-14,31.3,31.99,31.15,31.42,5990.0
2024-02-15,31.42,31.98,31.42,31.71,4400.0
2024-02-18,31.71,32.39,31.7,32.26,19270.0
2024-02-19,32.26,32.39,31.99,31.99,4000.0
2024-02-20,31.99,32.45,31.99,32.35,3980.0
2024-02-21,32.35,32.7,32.11,32.21,6410.0
2024-02-22,32.21,32.68,32.17,32.17,3190.0
2024-02-25,32.17,32.17,30.55,31.51,24190.0
2024-02-26,31.51,32.39,31.0,32.02,13310.0
2024-02-27,32.02,32.95,31.77,31.77,6360.0
2024-02-28,31.77,32.57,31.75,31.98,11600.0
2024-02-29,31.98,32.0,31.5,31.72,3750.0
2024-03-03,31.72,31.95,31.5,31.81,2430.0
2024-03-04,31.81,33.14,31.81,32.58,14910.0
2024-03-05,32.58,33.5,30.5,32.36,11530.0
2024-03-06,32.36,35.95,31.51,34.72,20630.0
2024-03-07,34.72,34.72,32.5,33.79,10480.0
2024-03-10,33.79,35.6,32.53,35.07,10830.0
2024-03-11,35.07,38.25,35.07,37.47,16570.0
2024-03-12,37.47,37.47,34.75,35.68,11690.0
2024-03-13,35.68,36.49,33.53,35.94,6940.0
2024-03-14,35.94,35.94,32.7,33.57,10700.0
2024-03-17,33.57,35.85,33.57,34.45,8450.0
2024-03-18,34.45,35.45,31.9,32.52,22180.0
2024-03-19,32.52,32.52,30.6,31.02,22750.0
2024-03-20,31.02,33.0,31.02,31.85,18190.0
2024-03-21,31.85,32.0,30.8,31.48,5630.0
2024-03-24,31.48,32.0,31.0,31.39,11070.0
2024-03-25,31.39,32.3,31.21,31.99,4430.0
2024-03-26,31.99,32.53,31.72,32.32,3030.0
2024-03-27,32.32,32.32,31.01,32.0,3100.0
2024-03-28,32.0,32.0,30.21,31.06,6200.0
2024-03-31,31.06,31.06,28.65,30.35,5190.0
2024-04-01,30.35,31.15,28.01,29.61,8910.0
2024-04-02,29.61,31.85,29.61,31.15,5480.0
2024-04-03,31.15,31.43,30.32,30.75,3410.0
2024-04-04,30.75,31.35,30.75,30.8,2200.0
2024-04-07,30.8,31.69,30.8,31.41,2670.0
2024-04-08,31.41,31.69,30.86,31.03,4620.0
2024-04-15,31.03,32.5,31.03,31.41,3850.0
2024-04-16,31.41,32.99,31.41,32.55,27340.0
2024-04-17,32.55,32.89,32.27,32.39,5200.0
2024-04-18,32.39,32.84,31.0,32.29,9700.0
2024-04-21,32.29,32.29,31.21,31.21,2540.0
2024-04-22,31.21,32.48,31.01,31.53,2000.0
2024-04-23,31.53,32.0,29.6,30.78,12500.0
2024-04-24,30.78,30.85,27.15,28.27,27530.0
2024-04-28,28.82,28.9,27.39,28.69,9450.0
2024-04-29,27.4,28.65,27.3,27.43,6580.0
2024-04-30,28.4,28.92,27.01,28.92,6850.0
2024-05-01,27.01,27.95,26.65,27.21,7440.0
2024-05-02,27.98,28.7,27.4,28.11,5650.0
2024-05-07,28.65,29.25,28.2,29.04,6370.0
2024-05-08,29.4,29.85,28.75,29.37,5860.0
2024-05-09,29.0,29.2,28.4,28.89,3190.0
2024-05-12,29.17,29.3,28.0,28.9,4050.0
2024-05-13,28.1,28.2,27.7,27.98,5910.0
2024-05-14,28.21,28.5,28.0,28.22,1830.0
2024-05-15,28.3,28.37,28.0,28.17,710.0
2024-05-16,28.15,28.85,28.15,28.15,4110.0
2024-05-19,28.75,30.25,28.7,29.61,11790.0
2024-05-20,30.33,30.7,29.9,30.54,10380.0
2024-05-21,30.01,30.63,30.01,30.5,18950.0
2024-05-22,30.22,30.45,30.0,30.05,21090.0
2024-05-23,30.05,30.4,30.05,30.23,3580.0
2024-05-26,30.35,30.75,30.19,30.21,8730.0
2024-05-27,30.63,30.7,30.21,30.57,2970.0
2024-05-28,30.22,30.34,29.4,30.34,9250.0
2024-05-29,30.35,30.45,30.1,30.29,16309.999999999998
2024-05-30,30.14,30.23,29.65,30.14,3890.0
2024-06-02,30.1,30.23,29.8,29.96,2840.0
2024-06-03,29.8,30.07,29.8,29.91,1240.0
2024-06-04,30.0,30.24,29.86,29.86,1800.0
2024-06-05,30.2,30.2,29.0,30.02,8970.0
2024-06-06,29.7,29.7,29.4,29.57,11270.0
2024-06-09,29.35,29.57,28.81,29.57,1690.0
2024-06-10,28.8,28.8,28.4,28.58,5470.0
2024-06-11,28.9,29.33,28.84,28.84,3760.0
2024-06-12,29.07,29.38,28.95,29.07,1780.0
2024-06-13,29.25,29.4,29.13,29.13,850.0
2024-06-23,29.85,30.18,29.21,29.62,12320.0
2024-06-24,30.14,30.25,30.1,30.15,4260.0
2024-06-25,30.1,30.3,29.9,30.06,16370.000000000002
2024-06-26,30.4,30.73,30.37,30.37,5710.0
2024-06-27,30.62,31.1,30.62,30.62,2570.0
2024-07-01,30.85,31.35,30.85,30.91,4720.0
2024-07-02,31.35,31.35,31.0,31.14,3100.0
2024-07-03,31.0,31.6,31.0,31.35,10550.0
2024-07-04,31.45,31.63,31.21,31.57,20230.0
2024-07-07,31.63,32.05,31.55,31.9,36730.0
2024-07-08,31.85,32.0,31.4,31.47,20790.0
2024-07-09,31.65,31.8,31.5,31.62,1240.0
2024-07-10,31.6,31.8,31.55,31.6,16610.0
2024-07-14,31.6,31.6,31.4,31.48,2630.0
2024-07-15,31.5,31.5,31.21,31.21,5270.0
2024-07-16,31.4,31.49,31.0,31.11,5890.0
2024-07-17,31.07,31.55,30.97,30.97,1750.0
2024-07-18,31.5,31.99,31.4,31.54,2650.0
2024-07-21,31.7,32.0,31.45,31.88,9170.0
2024-07-22,32.0,32.4,31.95,32.02,8260.0
2024-07-23,32.2,32.5,32.01,32.25,1440.0
2024-07-24,32.4,32.65,32.4,32.47,1830.0
2024-07-28,32.39,32.4,32.12,32.35,3300.0
2024-07-29,32.1,32.5,32.1,32.32,20230.0
2024-07-30,32.15,32.3,32.08,32.08,2570.0
2024-07-31,32.45,32.7,32.32,32.6,9950.0
2024-08-01,32.7,33.0,32.67,32.67,5340.0
2024-08-04,32.69,32.69,31.7,32.64,7530.0
2024-08-05,31.72,31.72,30.3,31.72,8620.0
2024-08-06,30.99,31.5,30.94,30.94,5070.0
2024-08-07,31.5,31.75,30.8,31.34,4580.0
2024-08-08,31.75,32.25,31.15,32.02,24440.0
2024-08-11,32.05,32.8,32.05,32.7,12370.0
2024-08-12,32.8,33.2,32.4,33.0,30200.0
2024-08-13,33.0,33.1,32.51,33.0,1890.0
2024-08-14,32.73,33.0,32.65,32.8,15270.0
2024-08-15,33.0,33.15,32.72,32.83,1080.0
2024-08-18,32.94,33.17,32.68,32.92,6730.0
2024-08-19,32.88,32.95,32.41,32.64,18900.0
2024-08-20,32.61,33.15,32.35,32.58,3860.0
2024-08-21,33.2,33.29,33.0,33.24,2470.0
2024-08-22,33.23,33.4,32.78,33.06,9120.0
2024-08-25,33.45,33.8,32.77,33.46,27660.0
2024-08-26,33.3,33.69,33.3,33.41,16230.0
2024-08-27,33.3,33.95,33.25,33.8,21750.0
2024-08-28,33.8,34.15,33.7,33.82,3040.0
2024-08-29,34.0,34.45,34.0,34.2,6350.0
2024-09-01,34.3,34.75,34.21,34.27,4450.0
2024-09-02,34.54,34.79,34.2,34.61,12480.0
2024-09-03,34.35,34.65,34.22,34.22,4830.0
2024-09-04,34.55,34.55,34.2,34.54,6850.0
2024-09-05,34.54,34.75,34.51,34.52,7500.0
2024-09-08,34.6,34.6,33.6,33.76,16570.0
2024-09-09,33.61,34.1,33.61,33.92,23280.0
2024-09-10,33.88,34.03,33.53,33.54,12910.0
2024-09-11,33.5,33.84,33.2,33.83,24070.0
2024-09-12,34.0,34.1,33.85,33.89,1290.0
2024-09-16,33.8,34.13,33.76,33.9,2120.0
2024-09-17,33.88,33.88,33.5,33.63,720.0
2024-09-18,33.52,33.93,33.52,33.53,2760.0
2024-09-19,33.85,34.2,33.74,33.74,4059.9999999999995
2024-09-22,34.35,34.69,34.25,34.38,9370.0
2024-09-23,34.6,34.65,34.45,34.62,12410.0
2024-09-24,34.45,34.6,34.25,34.48,1820.0
2024-09-25,34.4,34.75,34.31,34.31,4110.0
2024-09-26,34.55,34.95,34.52,34.92,14910.0
2024-09-29,34.8,35.05,34.65,34.75,2560.0
2024-09-30,35.0,35.25,35.0,35.19,18870.0
2024-10-01,35.1,35.45,35.08,35.08,2820.0
2024-10-02,35.39,35.39,34.65,34.98,21200.0
2024-10-03,34.98,35.0,34.7,34.8,5440.0
2024-10-07,35.23,35.8,35.1,35.38,8550.0
2024-10-08,35.4,35.45,33.65,35.34,6430.0
2024-10-09,34.55,34.7,34.25,34.6,22310.0
2024-10-10,34.75,34.9,34.45,34.53,18380.0
2024-10-13,34.4,34.5,33.26,33.56,11510.0
2024-10-14,33.33,33.69,33.0,33.3,3450.0
2024-10-15,33.7,34.05,33.7,34.0,17660.0
2024-10-16,34.25,34.49,34.0,34.0,3550.0
2024-10-17,34.09,34.1,33.5,33.95,1270.0
2024-10-20,33.6,33.9,33.3,33.71,2520.0
2024-10-21,33.35,33.77,32.8,33.67,20790.0
2024-10-22,33.77,34.2,33.68,34.04,3130.0
2024-10-23,34.1,34.34,34.05,34.16,1580.0
2024-10-24,34.14,34.27,33.7,34.14,7620.0
2024-10-27,34.27,34.59,34.25,34.27,13590.0
2024-10-28,34.6,34.7,34.4,34.58,1340.0
2024-10-29,34.55,34.6,34.01,34.54,1460.0
2024-10-30,34.4,34.5,34.25,34.31,13740.0
2024-10-31,34.35,34.4,34.1,34.1,3800.0
2024-11-03,34.22,34.79,34.22,34.42,8430.0
2024-11-04,34.79,34.88,34.57,34.57,16329.999999999998
2024-11-05,34.45,34.63,34.41,34.41,80.0
2024-11-06,34.63,34.9,34.57,34.57,2370.0
2024-11-07,34.9,35.1,34.85,34.85,1770.0
2024-11-10,35.08,35.35,35.0,35.1,4110.0
2024-11-11,35.29,35.48,35.1,35.41,10340.0
2024-11-12,35.48,35.5,35.2,35.49,2100.0
2024-11-13,35.45,35.54,35.15,35.26,12540.0
2024-11-14,35.38,35.5,35.3,35.41,11320.0
2024-11-17,35.4,35.4,34.7,34.77,88770.0
2024-11-18,35.15,35.15,34.35,34.37,70630.0
2024-11-19,34.8,34.93,34.15,34.23,25050.0
2024-11-20,34.53,34.6,34.25,34.51,12700.0
2024-11-21,34.6,34.63,34.3,34.34,1260.0
2024-11-24,34.42,34.57,34.2,34.38,2350.0
2024-11-25,34.2,34.3,33.95,34.11,4850.0
2024-11-26,33.9,34.1,33.85,33.97,5980.0
2024-11-27,34.0,34.0,33.61,33.94,18670.0
2024-11-28,33.62,33.79,33.55,33.55,1750.0
2024-12-01,33.74,34.23,33.74,34.14,25690.0
2024-12-02,34.4,34.47,33.91,34.27,6340.0
2024-12-03,34.35,34.43,34.1,34.31,1430.0
2024-12-04,34.2,34.75,34.2,34.41,13820.0
2024-12-05,34.7,34.87,34.6,34.65,2100.0
2024-12-08,34.65,35.3,34.65,35.02,10540.0
2024-12-09,35.0,35.15,34.81,35.05,8950.0
2024-12-10,35.0,35.0,34.62,34.83,2120.0
2024-12-11,34.8,34.99,34.35,34.39,3700.0
2024-12-12,34.7,34.75,34.31,34.53,8630.0
2024-12-15,34.55,34.6,34.3,34.52,10950.0
2024-12-16,34.5,34.75,34.3,34.56,3800.0
2024-12-17,34.68,34.75,34.5,34.51,9340.0
2024-12-18,34.55,34.65,34.31,34.36,580.0
2024-12-19,34.3,34.45,34.0,34.26,1180.0
2024-12-22,34.25,34.29,33.8,33.85,11710.0
2024-12-23,34.3,34.3,33.91,34.1,5900.0
2024-12-24,34.0,34.1,33.45,33.82,3310.0
2024-12-25,33.66,33.95,33.65,33.65,1810.0
2024-12-26,33.75,33.83,33.6,33.7,1040.0
2024-12-29,33.8,33.85,33.33,33.45,12050.0
2024-12-30,33.45,33.5,32.8,33.23,3310.0
2024-12-31,33.11,33.49,33.0,33.13,11990.0
2025-01-02,33.32,33.9,33.32,33.4,3390.0
2025-01-05,33.8,33.98,33.75,33.75,770.0
2025-01-06,33.99,33.99,33.65,33.89,3240.0
2025-01-08,33.65,33.99,33.35,33.35,14080.0
2025-01-09,33.44,33.6,33.3,33.44,220.0
2025-01-12,33.29,33.29,32.81,33.07,4730.0
2025-01-13,32.89,33.27,32.65,32.89,2370.0
2025-01-14,32.3,32.67,32.0,32.07,2330.0
2025-01-15,32.4,33.1,32.25,32.54,3360.0
2025-01-16,33.2,33.43,33.01,33.01,650.0
2025-01-19,33.15,33.6,32.95,33.25,2990.0
2025-01-20,33.55,33.63,33.1,33.39,3100.0
2025-01-21,33.26,33.6,33.2,33.26,2029.9999999999998
2025-01-22,33.6,33.85,33.3,33.3,82310.0
2025-01-23,33.5,33.9,33.24,33.24,261279.99999999997
2025-01-26,33.75,33.95,33.37,33.38,213250.0
2025-01-27,33.89,33.95,33.0,33.5,16000.0
2025-01-28,33.26,33.8,33.05,33.43,1390.0
2025-01-29,33.5,33.7,32.95,33.15,152940.0
2025-01-30,33.81,33.81,33.23,33.23,206760.0
2025-02-02,33.79,33.79,33.68,33.77,1910.0
2025-02-03,33.63,33.77,33.2,33.63,3500.0
2025-02-04,33.35,33.64,33.2,33.44,3620.0
2025-02-05,33.35,33.5,33.25,33.34,910.0
2025-02-06,33.49,33.5,33.32,33.42,920.0
2025-02-09,33.5,33.8,33.5,33.73,2960.0
2025-02-10,33.75,33.8,33.6,33.72,630.0
2025-02-11,33.77,33.77,33.25,33.6,2860.0
2025-02-12,33.4,33.4,32.9,33.23,1950.0
2025-02-13,33.25,33.65,33.25,33.37,301530.0
2025-02-16,33.75,34.46,32.5,34.46,66330.0
2025-02-17,34.2,34.5,33.95,34.19,4090.0
2025-02-18,34.35,34.35,34.1,34.1,20250.0
2025-02-19,34.3,34.6,34.3,34.46,101530.0
2025-02-20,34.48,34.95,34.45,34.66,4320.0
2025-02-23,34.65,34.98,34.4,34.77,14160.0
2025-02-24,34.98,34.98,34.7,34.81,340.0
2025-02-25,34.8,34.8,34.3,34.71,890.0
2025-02-26,34.6,34.7,34.4,34.4,220.0
2025-02-27,34.55,34.6,34.38,34.38,550.0
2025-03-02,34.45,34.73,34.35,34.35,1900.0
2025-03-03,34.5,34.7,34.42,34.61,1820.0
2025-03-04,34.7,34.77,34.45,34.76,6850.0
2025-03-05,34.74,34.74,34.4,34.51,640.0
2025-03-06,34.6,34.78,34.41,34.64,1580.0
2025-03-09,34.55,34.8,34.55,34.71,1970.0
2025-03-10,34.95,35.0,34.6,34.99,16219.999999999998
2025-03-11,34.99,34.99,34.7,34.87,10530.0
2025-03-12,34.9,34.99,34.66,34.69,1620.0
2025-03-13,34.85,35.0,34.82,34.82,710.0
2025-03-16,35.0,35.23,34.6,34.81,52340.0
2025-03-17,35.18,35.29,34.81,34.86,155690.0
2025-03-18,35.0,35.26,34.8,35.26,4710.0
2025-03-19,35.24,35.43,34.81,35.43,1370.0
2025-03-20,35.0,35.49,35.0,35.15,1310.0
2025-03-23,35.5,35.7,35.5,35.51,600.0
2025-03-24,35.7,35.86,35.6,35.86,31180.0
2025-03-25,35.5,35.94,35.35,35.94,28450.0
2025-03-26,35.75,35.75,35.47,35.61,740.0
2025-03-27,35.48,35.99,35.47,35.59,5030.0
2025-04-03,35.9,35.95,35.48,35.9,2260.0
2025-04-06,35.5,35.5,34.01,34.46,25810.0
2025-04-07,34.0,34.34,33.71,34.34,7020.0
2025-04-08,34.0,34.49,34.0,34.14,1400.0
2025-04-09,34.5,34.63,34.1,34.63,1380.0
2025-04-10,34.6,34.78,34.01,34.01,1960.0
2025-04-13,34.55,34.99,34.45,34.81,2060.0
2025-04-14,35.0,35.25,34.55,35.21,5210.0
2025-04-15,35.24,35.27,34.6,35.21,2450.0
2025-04-16,35.3,35.33,34.95,35.31,530.0
2025-04-17,35.15,35.2,34.7,35.14,1430.0
2025-04-22,35.29,35.29,34.6,35.17,3880.0
2025-04-23,35.0,35.49,34.8,34.99,1510.0
2025-04-27,35.51,36.0,35.25,35.87,3090.0
2025-04-28,35.87,36.25,35.75,36.16,3080.0
2025-04-29,36.4,36.6,36.05,36.39,2280.0
2025-04-30,36.45,36.52,36.11,36.42,2340.0
2025-05-04,36.52,36.95,36.25,36.91,12760.0
2025-05-05,36.52,37.1,36.52,37.01,13450.0
2025-05-06,36.8,36.95,36.5,36.67,2120.0
2025-05-07,36.9,37.25,36.25,36.75,3650.0
2025-05-08,36.65,36.65,36.25,36.25,1420.0
2025-05-11,36.24,36.35,35.51,36.17,1470.0
2025-05-12,36.0,36.4,35.78,35.78,1780.0
2025-05-13,36.2,36.5,36.1,36.38,24400.0
2025-05-14,36.0,36.3,35.81,36.07,760.0
2025-05-15,36.3,36.4,35.9,36.22,1080.0
2025-05-18,36.65,36.95,36.0,36.34,2690.0
2025-05-19,36.35,36.35,35.61,36.07,11220.0
2025-05-20,35.65,36.19,35.65,36.05,50910.0
2025-05-21,35.95,36.28,35.8,35.97,1160.0
2025-05-22,35.95,36.35,35.19,35.19,1400.0
2025-05-25,36.0,36.4,35.81,36.34,5660.0
2025-05-26,36.0,36.6,36.0,36.38,670.0
2025-05-27,36.27,36.85,36.05,36.27,1870.0
2025-05-28,36.85,37.0,36.5,36.85,850.0
2025-05-29,36.7,37.0,36.6,36.97,800.0
2025-06-01,36.65,37.25,36.65,37.19,2820.0
2025-06-02,37.15,37.15,36.8,36.96,150.0
2025-06-03,36.95,37.1,36.75,36.77,1570.0
2025-06-04,37.0,37.1,36.75,36.81,5420.0
2025-06-10,36.8,37.48,36.8,37.16,1930.0
2025-06-11,37.45,37.8,37.25,37.4,4570.0
2025-06-12,37.4,37.43,36.8,37.43,4770.0
2025-06-15,36.8,36.8,35.2,35.52,52970.0
2025-06-16,35.83,35.95,35.2,35.3,2690.0
2025-06-17,35.7,35.7,34.8,35.02,10820.0
2025-06-18,35.25,35.25,34.55,34.96,2560.0
2025-06-19,35.19,35.19,34.01,34.6,37470.0
2025-06-22,34.5,35.0,34.0,34.85,12280.0
2025-06-23,35.0,35.59,34.8,35.24,670.0
2025-06-24,35.65,36.55,35.65,35.79,2550.0
2025-06-25,36.6,37.25,36.0,37.07,5340.0
2025-06-29,37.25,37.85,36.65,36.85,13280.0
2025-06-30,37.4,37.98,37.3,37.73,291000.0
2025-07-01,37.7,37.7,36.65,37.36,3420.0
2025-07-02,37.35,37.45,36.8,37.21,1560.0
2025-07-06,37.0,37.59,36.92,37.33,3600.0
2025-07-07,37.48,37.7,37.1,37.43,3460.0
2025-07-09,37.15,37.7,37.0,37.58,3640.0
2025-07-10,37.7,37.8,37.02,37.71,2510.0
2025-07-13,37.8,37.9,37.25,37.85,35870.0
2025-07-14,37.5,38.17,37.35,37.6,4100.0
2025-07-15,37.8,38.7,37.8,38.34,1710.0
2025-07-16,38.57,38.85,38.11,38.57,2960.0
2025-07-17,38.35,38.68,38.06,38.06,3860.0
2025-07-20,38.51,38.89,38.25,38.45,1440.0
2025-07-21,38.4,39.43,38.4,39.26,10570.0
2025-07-22,39.22,39.3,38.6,38.78,2800.0
2025-07-23,39.2,39.2,37.88,38.44,8250.0
2025-07-27,39.18,39.25,38.25,38.77,6400.0
2025-07-28,39.35,39.43,38.12,38.7,9520.0
2025-07-29,38.95,38.99,38.52,38.75,39790.0
2025-07-30,38.95,38.98,38.51,38.72,1590.0
2025-07-31,38.7,39.1,38.48,38.48,3980.0
2025-08-03,38.97,38.97,38.2,38.84,4550.0
2025-08-04,38.4,39.3,38.4,38.9,2009.9999999999998
2025-08-05,39.18,39.95,39.18,39.81,10540.0
2025-08-06,39.5,40.2,39.5,39.99,6130.0
2025-08-07,40.5,40.75,39.7,40.25,3800.0
2025-08-10,41.0,41.35,40.0,40.67,7750.0
2025-08-11,41.35,41.4,40.6,40.98,2880.0
2025-08-12,41.18,41.19,40.25,40.75,4820.0
2025-08-13,40.5,41.2,40.5,40.85,5820.0
2025-08-14,41.0,41.15,40.35,40.35,33210.0
2025-08-17,40.35,40.88,40.11,40.37,5020.0
2025-08-18,40.85,41.27,40.81,40.81,6680.0
2025-08-19,41.15,41.15,40.64,40.64,2970.0
2025-08-20,40.88,41.2,40.5,40.95,4330.0
2025-08-21,40.9,40.9,40.06,40.54,1400.0
2025-08-24,40.5,41.0,40.4,40.41,5480.0
2025-08-25,41.0,41.4,40.4,41.02,13780.0
2025-08-26,41.39,41.4,40.35,40.62,5970.0
2025-08-27,40.95,40.95,40.3,40.55,62330.0
2025-08-28,40.5,41.0,40.4,40.47,2200.0
2025-08-31,40.9,41.2,40.0,40.44,7450.0
2025-09-01,40.3,40.5,39.6,40.04,8910.0
2025-09-02,39.87,40.4,39.26,39.87,4160.0
2025-09-03,39.75,40.35,39.4,39.87,3490.0
2025-09-07,39.3,40.09,38.85,39.25,37470.0
2025-09-08,39.4,39.85,39.07,39.07,4800.0
2025-09-09,39.23,40.2,39.0,39.23,8370.0
2025-09-10,39.45,39.8,38.99,38.99,2780.0
2025-09-11,40.0,40.0,39.11,39.31,3840.0
2025-09-14,39.99,40.23,39.4,39.61,6610.0
2025-09-15,40.1,40.1,39.8,39.8,2330.0
2025-09-16,40.08,40.09,39.5,39.86,2180.0
2025-09-17,39.75,40.07,39.49,39.49,1950.0
2025-09-18,39.4,40.05,39.05,39.64,3550.0
2025-09-21,40.0,40.12,39.4,40.12,3390.0
2025-09-22,40.0,40.0,39.25,39.95,6470.0
2025-09-23,39.31,40.05,39.1,39.91,3760.0
2025-09-24,39.6,40.65,39.2,40.65,57430.0
2025-09-25,40.2,40.74,40.03,40.74,2530.0
2025-09-28,40.6,40.74,40.0,40.43,2970.0
2025-09-29,40.7,40.99,40.15,40.46,11200.0
2025-09-30,41.0,41.39,40.6,41.23,3770.0
2025-10-01,41.37,41.52,41.0,41.52,3660.0
2025-10-02,41.5,41.64,41.02,41.64,1790.0
2025-10-05,41.5,42.0,41.15,41.56,11350.0
2025-10-06,41.99,42.4,41.35,42.1,7490.0
2025-10-07,42.2,42.35,41.51,42.16,8230.0
2025-10-08,42.3,42.45,41.5,42.09,9800.0
2025-10-09,42.16,42.16,42.09,42.09,9800.0
2025-10-12,42.4,42.93,41.51,42.19,9390.0
2025-10-13,42.01,42.8,41.96,42.0,37440.0
2025-10-14,42.5,42.9,41.7,42.39,3340.0
2025-10-15,42.69,42.7,41.9,42.47,3490.0
2025-10-16,42.7,42.8,42.28,42.68,2610.0
2025-10-19,42.75,42.9,42.01,42.9,43510.0
2025-10-20,42.99,43.0,42.4,42.97,2910.0
2025-10-21,43.0,43.2,42.29,43.04,5470.0
2025-10-22,43.0,43.05,42.05,42.73,4340.0
2025-10-23,43.0,43.1,42.15,42.72,5220.0
2025-10-26,43.09,43.55,42.2,43.09,8640.0
2025-10-27,43.6,43.69,42.91,43.31,6250.0
2025-10-28,43.63,43.8,43.17,43.35,50220.0
2025-10-29,43.79,43.98,42.7,42.7,84560.0
2025-10-30,43.99,43.99,43.0,43.44,2980.0
2025-11-02,43.9,43.94,43.07,43.49,3590.0
2025-11-03,43.54,43.93,43.05,43.28,5880.0
2025-11-04,43.5,44.55,43.5,43.89,3250.0
2025-11-05,44.5,45.0,44.0,44.81,10560.0
2025-11-06,44.8,45.49,44.3,44.82,24770.0
2025-11-09,45.48,46.9,44.81,46.17,14620.0
2025-11-10,46.63,47.25,45.5,45.85,15710.0
2025-11-11,46.99,46.99,46.0,46.22,9180.0
2025-11-12,46.75,46.85,45.5,45.73,5510.0
2025-11-13,45.95,46.38,45.62,45.68,4500.0
2025-11-16,46.0,46.49,45.5,46.13,13740.0
2025-11-17,46.45,47.9,45.81,47.2,20980.0
2025-11-18,46.85,47.0,46.06,46.62,2850.0
2025-11-19,46.49,46.49,45.9,46.07,7010.0
2025-11-20,46.25,46.73,45.91,45.99,6090.0
2025-11-23,46.7,46.73,45.9,46.51,8170.0
2025-11-24,46.8,46.8,45.65,46.04,8240.0
2025-11-25,45.6,46.15,45.25,45.9,11210.0
2025-11-26,46.0,46.25,45.2,45.9,8450.0
2025-11-27,45.6,45.7,45.0,45.55,60840.0
2025-11-30,46.0,46.2,45.02,46.17,73530.0
2025-12-01,46.2,46.75,45.6,46.26,7520.0
2025-12-02,46.59,46.75,45.9,46.16,11920.0
2025-12-03,46.63,46.98,46.0,46.74,10540.0
2025-12-04,46.99,47.4,46.31,47.18,7840.0
2025-12-07,47.1,47.7,46.82,47.54,14150.0
2025-12-08,47.6,47.8,47.05,47.22,5200.0
2025-12-09,47.76,47.76,47.25,47.45,5100.0
2025-12-10,47.7,47.99,46.75,47.49,8260.0
2025-12-11,48.0,48.0,47.1,47.78,2880.0
2025-12-14,48.0,48.35,47.85,48.11,10980.0
2025-12-15,48.25,48.5,48.0,48.26,7580.0
2025-12-16,48.65,48.69,48.0,48.07,6140.0
2025-12-17,47.99,48.75,46.7,47.5,14240.0
2025-12-18,48.0,48.69,47.0,47.43,7960.0
2025-12-21,47.01,47.3,46.51,46.51,5160.0
2025-12-22,47.25,47.49,46.5,47.17,18390.0
2025-12-23,47.15,47.5,46.5,46.95,10750.0
2025-12-24,47.5,47.6,46.61,47.13,8220.0
2025-12-25,47.3,47.48,46.81,47.16,6230.0
2025-12-28,47.1,47.43,46.82,47.15,11740.0
2025-12-29,47.35,47.45,46.89,47.36,12750.0
2025-12-30,47.45,47.6,47.0,47.4,10750.0
2025-12-31,47.6,48.2,47.1,47.67,32740.000000000004
2026-01-04,48.0,48.23,46.61,47.14,60580.0
2026-01-05,47.5,47.73,45.81,46.57,30570.0
2026-01-06,46.25,47.29,46.01,46.98,12470.0
2026-01-08,47.07,47.5,46.6,47.31,13500.0
2026-01-11,47.49,48.49,47.12,47.9,21150.0
2026-01-12,48.5,48.99,47.93,48.59,15360.0
2026-01-13,48.57,49.98,48.47,49.65,12820.0
2026-01-14,49.34,49.5,48.01,48.73,13140.0
2026-01-15,48.9,49.94,48.5,49.38,15680.0
2026-01-18,49.3,50.19,48.26,50.14,27060.0
2026-01-19,50.2,50.99,50.18,50.78,19830.0
2026-01-20,51.0,52.53,50.9,52.37,16430.0
2026-01-21,52.38,52.8,51.15,51.7,23000.0
2026-01-22,52.49,59.01,52.0,53.1,105670.0
2026-01-25,53.5,54.0,53.0,53.66,49730.0
2026-01-26,53.7,54.17,52.65,54.02,42110.0
2026-01-27,54.5,64.0,54.0,55.85,176840.0
2026-01-28,58.0,59.98,54.0,54.13,224070.0
2026-02-01,55.28,56.4,53.13,54.0,101680.0
2026-02-02,54.02,54.49,53.01,53.66,38940.0
2026-02-03,53.5,55.99,53.46,55.82,209690.0
2026-02-04,55.9,57.89,55.8,56.31,151840.0
2026-02-05,57.48,57.48,55.8,56.27,39970.0
2026-02-08,56.5,57.8,56.48,57.04,163980.0
2026-02-09,57.04,57.6,56.8,57.45,105840.0
2026-02-10,57.1,57.79,57.1,57.65,68140.0
2026-02-11,57.7,57.9,56.8,56.87,110720.0
2026-02-12,56.99,57.41,56.8,57.35,58360.0
2026-02-15,57.41,58.99,57.0,58.27,91050.0
2026-02-16,59.01,59.85,58.16,59.21,103620.0
2026-02-17,59.2,59.5,58.01,58.05,67590.0
2026-02-18,58.85,59.4,58.2,59.3,68850.0
2026-02-19,59.35,59.65,57.5,57.61,107680.0
2026-02-22,57.7,58.5,56.21,56.56,78640.0
2026-02-23,56.7,57.18,56.0,57.0,32110.0
2026-02-24,57.2,58.47,57.01,57.37,44620.0
2026-02-25,57.6,57.99,54.5,54.76,94750.0
2026-02-26,55.75,56.49,54.15,55.59,51630.0
2026-03-01,54.2,54.99,44.74,54.4,138220.0
2026-03-02,54.4,54.99,54.0,54.13,54780.0
2026-03-03,54.2,54.99,52.8,53.17,56540.0
2026-03-04,53.49,54.49,52.02,52.98,74890.0
2026-03-05,53.2,54.5,53.0,54.06,80430.0
2026-03-08,54.1,54.93,53.02,53.18,97050.0
2026-03-09,53.48,53.99,52.07,52.81,85940.0
2026-03-10,52.8,54.19,52.51,54.15,45120.0
2026-03-11,54.49,54.95,53.77,54.1,97260.0
2026-03-12,54.25,54.68,53.34,53.56,50330.0
2026-03-15,53.0,53.91,52.2,52.54,58850.0
2026-03-16,52.25,52.5,51.01,51.23,86420.0
2026-03-17,51.5,52.47,51.12,52.17,36690.0
2026-03-18,52.26,53.41,52.18,53.35,21570.0
2026-03-24,53.77,54.0,53.2,53.39,47060.0
2026-03-25,53.4,55.13,53.0,53.8,145070.0
2026-03-26,53.98,53.99,53.2,53.46,16600.0
2026-03-29,53.29,53.89,52.22,52.43,34530.0
2026-03-30,52.27,53.5,51.2,51.49,79450.0
2026-03-31,51.5,52.0,51.01,51.65,41590.0
2026-04-01,51.75,52.85,51.6,52.47,115440.0
2026-04-02,53.0,53.25,52.2,52.75,22600.0
2026-04-05,52.75,53.49,52.3,53.39,21620.0
