date,symbol,holding_name,shares,close,value,weight,rank,score
2019-02-05,ABUK,Abou Kir Fertilizers,531.0,23.26,12351.060000000001,0.11091169451268404,3.0,0.7929487179487179
2019-02-05,CCAP,QALA For Financial Investments,3758.0,3.82,14355.56,0.128911970735994,1.0,0.9051994301994302
2019-02-05,EAST,Eastern Company,901.0,12.35,11127.35,0.09992286038086728,5.0,0.7051044634377966
2019-02-05,EGAL,Egypt Aluminum,403.0,23.97,9659.91,0.08674534711514814,8.0,0.6175688509021843
2019-02-05,EGCH,Egyptian Chemical Industries (KIMA),1497.0,6.06,9071.82,0.08146433816320682,10.0,0.5776115859449192
2019-02-05,GBCO,GB Corp,2211.0,5.41,11961.51,0.10741356151054364,4.0,0.7197293447293447
2019-02-05,JUFO,Juhayna Food Industries,847.0,11.99,10155.53,0.09119598163836934,6.0,0.6507359924026592
2019-02-05,ORHD,Orascom Development Egypt,1668.0,7.44,12409.92,0.11144025338447451,2.0,0.7973884140550808
2019-02-05,TMGH,T M G Holding,868.0,11.73,10181.640000000001,0.09143044769583536,9.0,0.6160018993352325
2019-02-05,VLMR,Egyptian Kuwaiti Holding,5149.0,1.95,10040.55,0.09016346891192574,7.0,0.6432336182336184
2019-04-17,ABUK,Abou Kir Fertilizers,686.0,26.76,18357.36,0.15470267113842429,4.0,0.732383665716999
2019-04-17,CCAP,QALA For Financial Investments,5196.0,3.64,18913.440000000002,0.1593889147685898,1.0,0.9325973409306744
2019-04-17,EAST,Eastern Company,279.0,13.75,3836.25,0.03232916509535032,7.0,0.6745251661918329
2019-04-17,EGAL,Egypt Aluminum,183.0,17.59,3218.97,0.027127171734631424,9.0,0.5807217473884141
2019-04-17,EGCH,Egyptian Chemical Industries (KIMA),1497.0,5.01,7499.969999999999,0.06320437102383174,12.0,0.5338556505223172
2019-04-17,GBCO,GB Corp,2211.0,4.58,10126.380000000001,0.0853378718379286,6.0,0.6810303893637227
2019-04-17,JUFO,Juhayna Food Industries,1176.0,12.9,15170.4,0.1278452567383519,3.0,0.7510683760683761
2019-04-17,ORHD,Orascom Development Egypt,2327.0,6.99,16265.730000000001,0.13707591282278073,2.0,0.8115622032288698
2019-04-17,TMGH,T M G Holding,868.0,11.7,10155.599999999999,0.08558411705241828,8.0,0.6372981956315289
2019-04-17,VLMR,Egyptian Kuwaiti Holding,7012.0,2.15,15075.8,0.12704803574962067,5.0,0.6960113960113959
2019-05-21,ABUK,Abou Kir Fertilizers,861.0,24.55,21137.55,0.18211380174987024,5.0,0.7253561253561254
2019-05-21,CCAP,QALA For Financial Investments,6839.0,3.34,22842.26,0.1968009920335607,1.0,0.9264245014245015
2019-05-21,EAST,Eastern Company,368.0,11.95,4397.599999999999,0.03788819681444771,4.0,0.7427113010446343
2019-05-21,GBCO,GB Corp,947.0,4.0,3788.0,0.03263609458184645,8.0,0.6287037037037038
2019-05-21,JUFO,Juhayna Food Industries,1554.0,11.5,17871.0,0.1539703395649889,3.0,0.7469610636277305
2019-05-21,ORHD,Orascom Development Egypt,3137.0,6.04,18947.48,0.16324491799568214,2.0,0.8239078822412156
2019-05-21,RAYA,Raya Holding For Financial Investments,11915.0,0.24,2859.6,0.024637322087182712,9.0,0.5517094017094017
2019-05-21,TMGH,T M G Holding,868.0,10.5,9114.0,0.07852306389095791,7.0,0.668281101614435
2019-05-21,VLMR,Egyptian Kuwaiti Holding,7012.0,2.15,15075.8,0.12988786554831064,6.0,0.722079772079772
2019-07-09,ABUK,Abou Kir Fertilizers,974.0,23.75,23132.5,0.17924667791520985,3.0,0.7426400759734092
2019-07-09,ADIB,Abu Dhabi Islamic Bank- Egypt,239.0,7.99,1909.6100000000001,0.014796984701768675,10.0,0.5257122507122507
2019-07-09,CCAP,QALA For Financial Investments,7652.0,3.92,29995.84,0.2324286035351202,1.0,0.8911680911680911
2019-07-09,EAST,Eastern Company,223.0,11.74,2618.02,0.020286237445826333,4.0,0.731054131054131
2019-07-09,GBCO,GB Corp,555.0,4.19,2325.4500000000003,0.01801920186568355,8.0,0.6345441595441597
2019-07-09,JUFO,Juhayna Food Industries,1554.0,10.0,15540.0,0.12041471413821943,6.0,0.7127967711301045
2019-07-09,ORHD,Orascom Development Egypt,3559.0,6.81,24236.789999999997,0.18780348387889673,2.0,0.7742402659069326
2019-07-09,RAYA,Raya Holding For Financial Investments,11915.0,0.24,2859.6,0.022158167088137212,9.0,0.5316239316239317
2019-07-09,TMGH,T M G Holding,868.0,10.69,9278.92,0.07189951733020637,7.0,0.6893637226970561
2019-07-09,VLMR,Egyptian Kuwaiti Holding,8359.0,2.05,17135.949999999997,0.1327812432906577,5.0,0.7284900284900285
2019-08-21,ABUK,Abou Kir Fertilizers,332.0,22.43,7446.76,0.057333834147489784,4.0,0.7189444444444444
2019-08-21,ADIB,Abu Dhabi Islamic Bank- Egypt,610.0,8.17,4983.7,0.038370328739054944,9.0,0.4950555555555556
2019-08-21,CCAP,QALA For Financial Investments,10945.0,2.79,30536.55,0.2351059377684428,1.0,0.88575
2019-08-21,EAST,Eastern Company,581.0,11.52,6693.12,0.051531435417449575,5.0,0.6668888888888889
2019-08-21,GBCO,GB Corp,1486.0,4.35,6464.099999999999,0.04976817264324198,7.0,0.6165833333333335
2019-08-21,JUFO,Juhayna Food Industries,634.0,10.03,6359.0199999999995,0.04895914438233143,6.0,0.6270277777777779
2019-08-21,ORHD,Orascom Development Egypt,4489.0,7.16,32141.24,0.24746071089368593,2.0,0.7706944444444446
2019-08-21,TMGH,T M G Holding,868.0,11.18,9704.24,0.07471454520992166,8.0,0.6039444444444445
2019-08-21,VLMR,Egyptian Kuwaiti Holding,12160.0,2.01,24441.6,0.18817991189447306,3.0,0.7601666666666668
2019-09-02,ABUK,Abou Kir Fertilizers,208.0,22.67,4715.360000000001,0.0329858654282588,4.0,0.699361111111111
2019-09-02,ADIB,Abu Dhabi Islamic Bank- Egypt,610.0,9.43,5752.3,0.04023968343943476,7.0,0.5878055555555556
2019-09-02,CCAP,QALA For Financial Investments,12934.0,2.67,34533.78,0.24157786888150531,3.0,0.7624444444444445
2019-09-02,EAST,Eastern Company,391.0,11.71,4578.610000000001,0.032029243431780395,6.0,0.6683333333333332
2019-09-02,GBCO,GB Corp,890.0,4.57,4067.3,0.028452421544984265,8.0,0.5762777777777779
2019-09-02,JUFO,Juhayna Food Industries,387.0,9.48,3668.76,0.025664471779159755,9.0,0.5695
2019-09-02,ORHD,Orascom Development Egypt,4924.0,7.33,36092.92,0.2524846887688131,2.0,0.7734722222222223
2019-09-02,TMGH,T M G Holding,1252.0,11.48,14372.960000000001,0.10054471437297396,5.0,0.6720555555555555
2019-09-02,VLMR,Egyptian Kuwaiti Holding,14741.0,2.23,32872.43,0.2299560483780363,1.0,0.804138888888889
2019-10-24,ABUK,Abou Kir Fertilizers,166.0,21.21,3520.86,0.02502650841997541,6.0,0.6766666666666667
2019-10-24,ADIB,Abu Dhabi Islamic Bank- Egypt,296.0,8.87,2625.52,0.018662371803142938,8.0,0.502974358974359
2019-10-24,CCAP,QALA For Financial Investments,14640.0,2.44,35721.6,0.2539115225186442,5.0,0.7334871794871796
2019-10-24,COMI,Commercial International Bank-Egypt (CIB),106.0,39.51,4188.0599999999995,0.02976901065460206,1.0,0.8141538461538461
2019-10-24,EAST,Eastern Company,739.0,11.92,8808.88,0.0626141083401649,4.0,0.7807692307692308
2019-10-24,ORHD,Orascom Development Egypt,5265.0,6.68,35170.2,0.24999213443085472,3.0,0.7817948717948717
2019-10-24,TMGH,T M G Holding,1294.0,9.91,12823.54,0.09115058019458072,7.0,0.671948717948718
2019-10-24,VLMR,Egyptian Kuwaiti Holding,16523.0,2.1,34698.3,0.24663783766148978,2.0,0.7989230769230768
2019-11-03,ABUK,Abou Kir Fertilizers,224.0,22.67,5078.08,0.032692740425609136,6.0,0.6522564102564103
2019-11-03,ADIB,Abu Dhabi Islamic Bank- Egypt,530.0,8.96,4748.8,0.030572831805157196,7.0,0.6175897435897436
2019-11-03,CCAP,QALA For Financial Investments,15072.0,2.58,38885.76,0.25034699294468277,4.0,0.7388717948717949
2019-11-03,COMI,Commercial International Bank-Egypt (CIB),287.0,40.35,11580.45,0.07455507708853451,3.0,0.788051282051282
2019-11-03,EAST,Eastern Company,439.0,11.97,5254.83,0.03383065906222502,5.0,0.6892820512820513
2019-11-03,ORHD,Orascom Development Egypt,5541.0,7.05,39064.049999999996,0.2514948261199147,1.0,0.8221025641025641
2019-11-03,VLMR,Egyptian Kuwaiti Holding,18184.0,2.12,38550.08,0.2481858810468654,2.0,0.8194358974358975
2019-12-03,ABUK,Abou Kir Fertilizers,199.0,21.15,4208.849999999999,0.02796944580598356,6.0,0.6593333333333334
2019-12-03,ADIB,Abu Dhabi Islamic Bank- Egypt,536.0,8.33,4464.88,0.029670864770714064,5.0,0.6994358974358974
2019-12-03,CCAP,QALA For Financial Investments,17722.0,2.14,37925.08,0.2520269122795042,4.0,0.7372820512820513
2019-12-03,COMI,Commercial International Bank-Egypt (CIB),547.0,38.93,21294.71,0.14151163317750365,2.0,0.8172820512820513
2019-12-03,EAST,Eastern Company,374.0,10.82,4046.6800000000003,0.0268917630597806,7.0,0.642923076923077
2019-12-03,ORHD,Orascom Development Egypt,6000.0,6.15,36900.0,0.2452148568470707,1.0,0.8446153846153847
2019-12-03,VLMR,Egyptian Kuwaiti Holding,18314.0,2.08,38093.12,0.25314360345957415,3.0,0.8171282051282053
2020-01-02,ABUK,Abou Kir Fertilizers,127.0,21.05,2673.35,0.015750605852628295,7.0,0.6042564102564104
2020-01-02,ADIB,Abu Dhabi Islamic Bank- Egypt,338.0,8.5,2873.0,0.016926885972506814,6.0,0.6523076923076925
2020-01-02,CCAP,QALA For Financial Investments,17722.0,2.47,43773.340000000004,0.2578998728909751,4.0,0.7394358974358974
2020-01-02,COMI,Commercial International Bank-Egypt (CIB),663.0,41.42,27461.460000000003,0.16179498853413055,2.0,0.8379999999999999
2020-01-02,EAST,Eastern Company,636.0,11.33,7205.88,0.04245496313664024,5.0,0.689025641025641
2020-01-02,ORHD,Orascom Development Egypt,6251.0,6.73,42069.23,0.2478597490989081,1.0,0.8485128205128206
2020-01-02,VLMR,Egyptian Kuwaiti Holding,20616.0,2.0,41232.0,0.24292703181984024,3.0,0.8003076923076923
2020-02-05,ABUK,Abou Kir Fertilizers,391.0,20.03,7831.7300000000005,0.046090185786773194,6.0,0.6603076923076923
2020-02-05,ADIB,Abu Dhabi Islamic Bank- Egypt,338.0,8.72,2947.36,0.01734538473370556,7.0,0.6346153846153847
2020-02-05,CCAP,QALA For Financial Investments,3732.0,2.36,8807.52,0.05183276659444601,3.0,0.7223589743589744
2020-02-05,COMI,Commercial International Bank-Egypt (CIB),878.0,43.08,37824.24,0.22259784860350113,5.0,0.7151282051282051
2020-02-05,EAST,Eastern Company,647.0,11.31,7317.570000000001,0.043064324332901915,8.0,0.5908717948717949
2020-02-05,JUFO,Juhayna Food Industries,946.0,9.04,8551.839999999998,0.050328074948799095,4.0,0.7156410256410256
2020-02-05,ORHD,Orascom Development Egypt,7398.0,5.69,42094.62,0.24772928285622953,2.0,0.8111282051282052
2020-02-05,VLMR,Egyptian Kuwaiti Holding,22047.0,1.93,42550.71,0.2504133989883599,1.0,0.8578974358974358
2020-03-03,ADIB,Abu Dhabi Islamic Bank- Egypt,338.0,8.57,2896.6600000000003,0.018814362730163972,6.0,0.5935555555555556
2020-03-03,CCAP,QALA For Financial Investments,4912.0,1.77,8694.24,0.056470757708222845,5.0,0.7069002849002849
2020-03-03,COMI,Commercial International Bank-Egypt (CIB),966.0,39.07,37741.62,0.2451390666160375,2.0,0.7638062678062677
2020-03-03,EAST,Eastern Company,1535.0,10.04,15411.399999999998,0.10010000130483003,4.0,0.7206552706552708
2020-03-03,ORHD,Orascom Development Egypt,9938.0,3.98,39553.24,0.2569058862666764,3.0,0.7227293447293448
2020-03-03,VLMR,Egyptian Kuwaiti Holding,22047.0,1.83,40346.01,0.26205507959333263,1.0,0.880974358974359
2020-04-02,ABUK,Abou Kir Fertilizers,450.0,15.61,7024.5,0.05822820852890081,6.0,0.6089287749287751
2020-04-02,ADIB,Abu Dhabi Islamic Bank- Egypt,1485.0,6.68,9919.8,0.08222822734215819,5.0,0.6676182336182337
2020-04-02,COMI,Commercial International Bank-Egypt (CIB),1046.0,28.56,29873.76,0.24763264671113044,2.0,0.7989344729344728
2020-04-02,EAST,Eastern Company,2815.0,9.11,25644.649999999998,0.21257627273836943,3.0,0.7402735042735044
2020-04-02,JUFO,Juhayna Food Industries,1536.0,5.55,8524.8,0.0706646497355219,4.0,0.7303931623931624
2020-04-02,VLMR,Egyptian Kuwaiti Holding,22047.0,1.43,31527.21,0.2613385946635984,1.0,0.8376467236467238
2020-05-07,ABUK,Abou Kir Fertilizers,167.0,13.72,2291.2400000000002,0.01667102774917123,5.0,0.6406096866096866
2020-05-07,ADIB,Abu Dhabi Islamic Bank- Egypt,2212.0,6.32,13979.84,0.10171710539662973,4.0,0.6815270655270655
2020-05-07,COMI,Commercial International Bank-Egypt (CIB),1126.0,31.5,35469.0,0.25807191007286634,1.0,0.8544957264957265
2020-05-07,EAST,Eastern Company,3402.0,8.91,30311.82,0.2205483460256819,3.0,0.7536581196581197
2020-05-07,JUFO,Juhayna Food Industries,1994.0,7.12,14197.28,0.10329919556343016,,
2020-05-07,ORHD,Orascom Development Egypt,670.0,3.42,2291.4,0.016672191906762696,6.0,0.6033561253561254
2020-05-07,VLMR,Egyptian Kuwaiti Holding,22088.0,1.56,34457.28,0.2507106505826377,2.0,0.8225527065527065
2020-06-04,COMI,Commercial International Bank-Egypt (CIB),1191.0,32.89,39171.99,0.2544489018101796,1.0,0.871122507122507
2020-06-04,EAST,Eastern Company,4111.0,9.28,38150.079999999994,0.2478108965097381,3.0,0.7616353276353276
2020-06-04,ORHD,Orascom Development Egypt,2627.0,3.65,9588.55,0.06228419892509922,4.0,0.6043817663817664
2020-06-04,VLMR,Egyptian Kuwaiti Holding,22619.0,1.68,37999.92,0.24683550447334127,2.0,0.8486666666666667
2020-07-06,COMI,Commercial International Bank-Egypt (CIB),1268.0,33.27,42186.36,0.2525291223549108,1.0,0.840941798941799
2020-07-06,EAST,Eastern Company,4394.0,9.5,41743.0,0.24987515288024476,4.0,0.7269276895943562
2020-07-06,ETEL,Telecom Egypt,765.0,13.67,10457.55,0.06259928383208689,3.0,0.8096810473477141
2020-07-06,ORHD,Orascom Development Egypt,1923.0,4.06,7807.379999999999,0.04673526749620691,5.0,0.5785544702211369
2020-07-06,VLMR,Egyptian Kuwaiti Holding,24335.0,1.69,41126.15,0.24618266580326947,2.0,0.8403719983719985
2020-09-03,COMI,Commercial International Bank-Egypt (CIB),1345.0,33.23,44694.35,0.2517417823998657,1.0,0.8388620401337793
2020-09-03,ETEL,Telecom Egypt,3131.0,13.99,43802.69,0.24671949037202184,2.0,0.8209258639910814
2020-09-03,ORHD,Orascom Development Egypt,4618.0,4.58,21150.44,0.11913025839152858,4.0,0.5777040133779265
2020-09-03,VLMR,Egyptian Kuwaiti Holding,16909.0,1.71,28914.39,0.16286085546841722,3.0,0.7776989966555184
2020-10-04,COMI,Commercial International Bank-Egypt (CIB),1345.0,33.17,44613.65,0.2550914499230339,2.0,0.8373620401337794
2020-10-04,ETEL,Telecom Egypt,3670.0,11.94,43819.799999999996,0.2505523828993449,1.0,0.8388681716833892
2020-10-04,ORHD,Orascom Development Egypt,11108.0,3.93,43654.44,0.24960688926322072,4.0,0.5522488851727981
2020-10-04,VLMR,Egyptian Kuwaiti Holding,14192.0,1.65,23416.8,0.13389232812284355,3.0,0.7745019509476033
2020-11-16,COMI,Commercial International Bank-Egypt (CIB),1477.0,31.82,46998.14,0.24798160382550957,2.0,0.790599715099715
2020-11-16,ETEL,Telecom Egypt,3877.0,12.44,48229.88,0.2544807729563738,1.0,0.8138903133903135
2020-11-16,ORHD,Orascom Development Egypt,1643.0,4.31,7081.329999999999,0.0373640227170202,5.0,0.39205555555555555
2020-11-16,RAYA,Raya Holding For Financial Investments,27803.0,0.43,11955.289999999999,0.06308104934363522,4.0,0.6644330484330483
2020-11-16,VLMR,Egyptian Kuwaiti Holding,28570.0,1.65,47140.5,0.2487327540012527,3.0,0.7314928774928776
2020-12-16,ADIB,Abu Dhabi Islamic Bank- Egypt,1084.0,8.22,8910.480000000001,0.04674608982637836,5.0,0.5775541310541312
2020-12-16,COMI,Commercial International Bank-Egypt (CIB),1553.0,31.09,48282.77,0.253300686774042,2.0,0.8026652421652423
2020-12-16,ETEL,Telecom Egypt,3934.0,12.17,47876.78,0.251170785241396,1.0,0.8256699905033238
2020-12-16,ORHD,Orascom Development Egypt,3808.0,4.89,18621.12,0.09768997272736939,,
2020-12-16,RAYA,Raya Holding For Financial Investments,96080.0,0.34,32667.2,0.17137840672738922,4.0,0.6524510921177586
2020-12-16,VLMR,Egyptian Kuwaiti Holding,6916.0,1.57,10858.12,0.056963783417458475,3.0,0.6969976258309593
2021-01-04,ADIB,Abu Dhabi Islamic Bank- Egypt,4429.0,8.04,35609.159999999996,0.1750459139530995,4.0,0.6366708472686733
2021-01-04,COMI,Commercial International Bank-Egypt (CIB),1737.0,29.33,50946.21,0.25043909746527404,2.0,0.8094760312151617
2021-01-04,ETEL,Telecom Egypt,4303.0,11.86,51033.579999999994,0.2508685869983628,1.0,0.8223313823857302
2021-01-04,VLMR,Egyptian Kuwaiti Holding,14782.0,1.55,22912.100000000002,0.1126302750495887,3.0,0.7149665551839465
2021-02-02,ADIB,Abu Dhabi Islamic Bank- Egypt,6320.0,8.31,52519.200000000004,0.23716247638377044,6.0,0.47628901895206244
2021-02-02,COMI,Commercial International Bank-Egypt (CIB),796.0,31.47,25050.12,0.1131195542375096,2.0,0.7325529542920847
2021-02-02,ETEL,Telecom Egypt,4697.0,11.81,55471.57,0.25049457931757657,4.0,0.6856535674470458
2021-02-02,HRHO,EFG Holding,2839.0,8.79,24954.809999999998,0.1126891601030952,1.0,0.7383291527313267
2021-02-02,ORHD,Orascom Development Egypt,4048.0,5.23,21171.04,0.09560268004881756,5.0,0.6182901337792643
2021-02-02,VLMR,Egyptian Kuwaiti Holding,14212.0,1.66,23591.92,0.10653471815731771,3.0,0.6913740245261984
2021-03-01,ABUK,Abou Kir Fertilizers,198.0,22.1,4375.8,0.018879258004880998,8.0,0.6186296296296298
2021-03-01,ADIB,Abu Dhabi Islamic Bank- Egypt,6320.0,8.47,53530.4,0.2309553070763019,9.0,0.6046234567901235
2021-03-01,COMI,Commercial International Bank-Egypt (CIB),155.0,30.84,4780.2,0.020624029689412713,5.0,0.6761481481481482
2021-03-01,ETEL,Telecom Egypt,5033.0,11.51,57929.83,0.24993651600824887,4.0,0.7097777777777778
2021-03-01,GBCO,GB Corp,1049.0,3.99,4185.51,0.01805825750080202,10.0,0.5776481481481481
2021-03-01,HRHO,EFG Holding,4034.0,8.54,34450.35999999999,0.14863504611751727,1.0,0.7693765432098765
2021-03-01,ORHD,Orascom Development Egypt,4839.0,5.53,26759.670000000002,0.11545379451882488,7.0,0.620746913580247
2021-03-01,ORWE,Oriental Weavers,721.0,7.38,5320.98,0.022957208798119588,2.0,0.7499197530864199
2021-03-01,RAYA,Raya Holding For Financial Investments,3657.0,1.25,4571.25,0.01972252117437092,6.0,0.6742222222222223
2021-03-01,VLMR,Egyptian Kuwaiti Holding,19959.0,1.74,34728.659999999996,0.14983576312989408,3.0,0.7465432098765432
2021-04-01,ABUK,Abou Kir Fertilizers,198.0,20.93,4144.14,0.017805715860594044,6.0,0.6476296296296297
2021-04-01,ADIB,Abu Dhabi Islamic Bank- Egypt,6320.0,7.6,48032.0,0.20637433682647136,11.0,0.591604938271605
2021-04-01,COMI,Commercial International Bank-Egypt (CIB),80.0,28.5,2280.0,0.009796250165813513,5.0,0.6778765432098767
2021-04-01,ETEL,Telecom Egypt,5036.0,11.26,56705.36,0.24364030364145392,9.0,0.6347160493827161
2021-04-01,GBCO,GB Corp,1699.0,3.88,6592.12,0.028323709053974813,2.0,0.7326913580246913
2021-04-01,HRHO,EFG Holding,4363.0,8.12,35427.56,0.1522180879492843,3.0,0.7040246913580247
2021-04-01,ORAS,Orascom Construction PLC,24.0,89.88,2157.12,0.009268283841087563,7.0,0.6381481481481481
2021-04-01,ORHD,Orascom Development Egypt,4839.0,5.27,25501.53,0.10956989802236766,10.0,0.6074814814814815
2021-04-01,ORWE,Oriental Weavers,1143.0,7.44,8503.92,0.03653795075002844,1.0,0.8196790123456791
2021-04-01,RAYA,Raya Holding For Financial Investments,5470.0,1.37,7493.900000000001,0.03219829785859206,4.0,0.7001481481481482
2021-04-01,VLMR,Egyptian Kuwaiti Holding,20118.0,1.78,35810.04,0.153861451880609,8.0,0.6356049382716049
2021-05-05,ABUK,Abou Kir Fertilizers,198.0,19.9,3940.2,0.016684912296091405,7.0,0.6042459639126304
2021-05-05,COMI,Commercial International Bank-Egypt (CIB),80.0,29.41,2352.8,0.009963012448668561,9.0,0.5975849952516619
2021-05-05,ETEL,Telecom Egypt,5478.0,10.73,58778.94,0.24890144123577967,1.0,0.7359990503323837
2021-05-05,GBCO,GB Corp,4602.0,3.31,15232.62,0.06450305282465049,4.0,0.6221348528015195
2021-05-05,HRHO,EFG Holding,5633.0,7.86,44275.380000000005,0.1874856180336327,3.0,0.6281538461538461
2021-05-05,ORAS,Orascom Construction PLC,24.0,85.17,2044.08,0.008655727000201644,10.0,0.577363722697056
2021-05-05,ORHD,Orascom Development Egypt,6434.0,6.17,39697.78,0.16810161353472705,5.0,0.6075660018993353
2021-05-05,ORWE,Oriental Weavers,1613.0,6.06,9774.779999999999,0.04139164179828139,6.0,0.6072488129154795
2021-05-05,RAYA,Raya Holding For Financial Investments,12817.0,1.51,19353.670000000002,0.0819537806602445,2.0,0.7148860398860399
2021-05-05,VLMR,Egyptian Kuwaiti Holding,20118.0,1.68,33798.24,0.14311980868033308,8.0,0.6025982905982907
2021-06-01,ABUK,Abou Kir Fertilizers,446.0,18.75,8362.5,0.03382334086272136,10.0,0.5242469135802469
2021-06-01,ADIB,Abu Dhabi Islamic Bank- Egypt,1245.0,8.22,10233.900000000001,0.04139248885560588,4.0,0.6496543209876544
2021-06-01,ETEL,Telecom Egypt,5501.0,11.36,62491.35999999999,0.25275534472406946,2.0,0.6785432098765433
2021-06-01,GBCO,GB Corp,5085.0,3.41,17339.850000000002,0.07013353148681124,9.0,0.5978765432098766
2021-06-01,HRHO,EFG Holding,1304.0,7.74,10092.960000000001,0.04082243663902089,8.0,0.6177530864197531
2021-06-01,MCQE,Misr Cement - Qena,1321.0,7.61,10052.810000000001,0.04066004415643336,5.0,0.6345679012345677
2021-06-01,ORHD,Orascom Development Egypt,6688.0,5.69,38054.72,0.1539178195510218,7.0,0.630641975308642
2021-06-01,ORWE,Oriental Weavers,3274.0,7.31,23932.94,0.09680023766422224,1.0,0.7487901234567901
2021-06-01,PHDC,Palm Hills Development Company,6318.0,1.68,10614.24,0.04293082900074518,3.0,0.6718518518518519
2021-06-01,RAYA,Raya Holding For Financial Investments,14037.0,1.57,22038.09,0.08913624275435945,11.0,0.4709876543209877
2021-06-01,VLMR,Egyptian Kuwaiti Holding,20118.0,1.69,33999.42,0.13751557211298365,6.0,0.6344197530864196
2021-07-04,ADIB,Abu Dhabi Islamic Bank- Egypt,1245.0,8.02,9984.9,0.036480413775227795,12.0,0.526962962962963
2021-07-04,ARCC,Arabian Cement Company,1118.0,5.38,6014.84,0.02197556830732317,3.0,0.7212592592592593
2021-07-04,EGAL,Egypt Aluminum,333.0,17.29,5757.57,0.02103561737622192,4.0,0.7124197530864198
2021-07-04,ETEL,Telecom Egypt,5501.0,13.48,74153.48,0.2709240586558782,2.0,0.7267654320987655
2021-07-04,GBCO,GB Corp,5085.0,3.45,17543.25,0.06409528577775091,7.0,0.638716049382716
2021-07-04,HRHO,EFG Holding,638.0,7.52,4797.759999999999,0.017528895631827746,10.0,0.5758765432098766
2021-07-04,MCQE,Misr Cement - Qena,2005.0,9.03,18105.149999999998,0.06614822015869617,5.0,0.6880740740740741
2021-07-04,ORHD,Orascom Development Egypt,6688.0,5.55,37118.4,0.13561423656465416,9.0,0.6239012345679013
2021-07-04,ORWE,Oriental Weavers,3995.0,8.49,33917.55,0.12391974463860204,1.0,0.7361234567901235
2021-07-04,PHDC,Palm Hills Development Company,6319.0,1.81,11437.390000000001,0.04178717059846895,8.0,0.6249135802469137
2021-07-04,RAYA,Raya Holding For Financial Investments,14037.0,1.5,21055.5,0.07692749574300281,6.0,0.6728395061728395
2021-07-04,VLMR,Egyptian Kuwaiti Holding,20118.0,1.68,33798.24,0.12348383860373714,11.0,0.5291358024691358
2021-08-01,ADIB,Abu Dhabi Islamic Bank- Egypt,1245.0,9.06,11279.7,0.03710512574691164,10.0,0.5603478260869565
2021-08-01,ARCC,Arabian Cement Company,4787.0,5.47,26184.89,0.08613647846299538,3.0,0.69568115942029
2021-08-01,EGAL,Egypt Aluminum,1288.0,22.66,29186.08,0.09600903999746649,1.0,0.7446956521739131
2021-08-01,ETEL,Telecom Egypt,5501.0,14.0,77014.0,0.25334132594596065,5.0,0.6402608695652174
2021-08-01,GBCO,GB Corp,5085.0,3.84,19526.399999999998,0.06423304940596782,8.0,0.6251594202898552
2021-08-01,HRHO,EFG Holding,638.0,7.7,4912.6,0.016160238370194074,12.0,0.5042028985507246
2021-08-01,MCQE,Misr Cement - Qena,3387.0,15.1,51143.7,0.16823970669985233,2.0,0.7309565217391305
2021-08-01,ORWE,Oriental Weavers,6298.0,8.22,51769.560000000005,0.1702985038309784,4.0,0.6824927536231886
2021-08-01,PHDC,Palm Hills Development Company,6319.0,1.86,11753.34,0.038663187730720354,7.0,0.6284347826086956
2021-08-01,RAYA,Raya Holding For Financial Investments,14037.0,1.51,21195.87,0.06972485275895564,6.0,0.6304347826086958
2021-09-01,ADIB,Abu Dhabi Islamic Bank- Egypt,1454.0,11.37,16531.98,0.050825330456531724,4.0,0.6885555555555556
2021-09-01,ARCC,Arabian Cement Company,4787.0,4.99,23887.13,0.07343774163216582,7.0,0.6440555555555556
2021-09-01,EGAL,Egypt Aluminum,1391.0,27.13,37737.83,0.11601984036167579,2.0,0.7742777777777777
2021-09-01,ETEL,Telecom Egypt,5501.0,14.9,81964.90000000001,0.25198996903798443,3.0,0.7161111111111111
2021-09-01,GBCO,GB Corp,5085.0,4.08,20746.8,0.06378322293612576,8.0,0.6432777777777778
2021-09-01,HRHO,EFG Holding,638.0,8.46,5397.4800000000005,0.016593820258221998,10.0,0.5631666666666667
2021-09-01,MCQE,Misr Cement - Qena,3587.0,14.22,51007.14,0.15681453438381718,1.0,0.8014444444444445
2021-09-01,ORWE,Oriental Weavers,6298.0,8.53,53721.939999999995,0.16516081880488423,9.0,0.6201111111111112
2021-09-01,PHDC,Palm Hills Development Company,7510.0,2.0,15020.0,0.046176953000010075,5.0,0.6871111111111112
2021-09-01,RAYA,Raya Holding For Financial Investments,14037.0,1.37,19230.690000000002,0.05912214835471131,11.0,0.5597777777777778
2021-10-03,ABUK,Abou Kir Fertilizers,277.0,20.1,5567.700000000001,0.017965160246068115,9.0,0.6006666666666667
2021-10-03,ADIB,Abu Dhabi Islamic Bank- Egypt,2121.0,10.21,21655.410000000003,0.06987497725170284,5.0,0.7566666666666667
2021-10-03,EGAL,Egypt Aluminum,1693.0,24.32,41173.76,0.13285435571836654,1.0,0.8006666666666667
2021-10-03,ETEL,Telecom Egypt,5563.0,13.71,76268.73000000001,0.24609442969522471,2.0,0.7939999999999999
2021-10-03,GBCO,GB Corp,5085.0,4.2,21357.0,0.0689121050658758,6.0,0.6886666666666668
2021-10-03,HRHO,EFG Holding,638.0,7.94,5065.72,0.016345433762902484,10.0,0.6
2021-10-03,MCQE,Misr Cement - Qena,4183.0,12.19,50990.77,0.16453065971952557,3.0,0.7906666666666666
2021-10-03,ORWE,Oriental Weavers,7103.0,8.63,61298.89000000001,0.19779161624299124,4.0,0.764
2021-10-03,PHDC,Palm Hills Development Company,7510.0,1.9,14269.0,0.04604143031254304,7.0,0.6713333333333336
2021-10-03,TMGH,T M G Holding,796.0,7.26,5778.96,0.01864682767670991,8.0,0.6393333333333335
2021-11-01,ADIB,Abu Dhabi Islamic Bank- Egypt,3727.0,10.01,37307.27,0.12167414064750834,3.0,0.7373333333333334
2021-11-01,AMOC,Alexandria Mineral Oils Company,3631.0,4.25,15431.75,0.05032919642571507,2.0,0.7466666666666667
2021-11-01,COMI,Commercial International Bank-Egypt (CIB),407.0,34.82,14171.74,0.046219792710105026,6.0,0.6880000000000001
2021-11-01,EGAL,Egypt Aluminum,2375.0,25.29,60063.75,0.19589225277852762,1.0,0.7753333333333333
2021-11-01,GBCO,GB Corp,5085.0,4.14,21051.899999999998,0.06865878531174435,8.0,0.6506666666666667
2021-11-01,MCQE,Misr Cement - Qena,4292.0,9.6,41203.2,0.13438034870756868,7.0,0.6740000000000002
2021-11-01,ORWE,Oriental Weavers,9005.0,8.25,74291.25,0.24229390146690458,4.0,0.7106666666666667
2021-11-01,PHDC,Palm Hills Development Company,6521.0,1.9,12389.9,0.040408489691380896,9.0,0.6140000000000001
2021-11-01,RAYA,Raya Holding For Financial Investments,7418.0,1.42,10533.56,0.03435421195276331,10.0,0.4926666666666667
2021-11-01,TMGH,T M G Holding,2666.0,7.55,20128.3,0.06564655106619278,5.0,0.7006666666666667
2021-12-01,ADIB,Abu Dhabi Islamic Bank- Egypt,3727.0,10.29,38350.829999999994,0.12465053793266434,7.0,0.68
2021-12-01,AMOC,Alexandria Mineral Oils Company,4696.0,3.49,16389.04,0.05326879893342474,10.0,0.56
2021-12-01,COMI,Commercial International Bank-Egypt (CIB),1017.0,34.24,34822.08,0.11318114898515294,5.0,0.7146666666666667
2021-12-01,EGAL,Egypt Aluminum,894.0,21.76,19453.440000000002,0.06322892517947618,8.0,0.644
2021-12-01,ETEL,Telecom Egypt,1582.0,14.79,23397.78,0.07604909368141799,3.0,0.7786666666666666
2021-12-01,HRHO,EFG Holding,2438.0,9.48,23112.24,0.07512101169202447,2.0,0.8019999999999999
2021-12-01,MCQE,Misr Cement - Qena,1697.0,10.12,17173.64,0.05581896048304357,9.0,0.5840000000000001
2021-12-01,ORWE,Oriental Weavers,9005.0,8.51,76632.55,0.24907644973138254,6.0,0.7060000000000001
2021-12-01,PHDC,Palm Hills Development Company,6521.0,1.84,11998.640000000001,0.03899881516150717,12.0,0.5413333333333334
2021-12-01,TMGH,T M G Holding,5693.0,8.13,46284.090000000004,0.15043577195653526,1.0,0.8493333333333335
2022-01-02,ADIB,Abu Dhabi Islamic Bank- Egypt,3727.0,11.02,41071.54,0.1237851373182015,7.0,0.6793333333333335
2022-01-02,COMI,Commercial International Bank-Egypt (CIB),1017.0,35.42,36022.14,0.10856679701797105,6.0,0.6986666666666667
2022-01-02,EGAL,Egypt Aluminum,623.0,22.91,14272.93,0.04301705268375809,10.0,0.48666666666666675
2022-01-02,ETEL,Telecom Egypt,2969.0,16.78,49819.82000000001,0.15015149809011502,2.0,0.8446666666666668
2022-01-02,GBCO,GB Corp,4211.0,4.97,20928.67,0.06307672636179028,4.0,0.7799999999999999
2022-01-02,HRHO,EFG Holding,4420.0,9.86,43581.2,0.13134897855040262,5.0,0.7106666666666668
2022-01-02,JUFO,Juhayna Food Industries,2985.0,7.65,22835.25,0.06882295031901557,3.0,0.8293333333333335
2022-01-02,ORWE,Oriental Weavers,1913.0,8.6,16451.8,0.049583928972022656,8.0,0.6040000000000001
2022-01-02,PHDC,Palm Hills Development Company,6521.0,1.95,12715.949999999999,0.03832448495677017,9.0,0.5080000000000001
2022-01-02,TMGH,T M G Holding,8265.0,8.96,74054.40000000001,0.2231918762485415,1.0,0.8473333333333333
2022-02-01,AMOC,Alexandria Mineral Oils Company,1753.0,3.84,6731.5199999999995,0.02030849625495259,9.0,0.5562499999999999
2022-02-01,COMI,Commercial International Bank-Egypt (CIB),1276.0,34.5,44022.0,0.1328111068726711,4.0,0.7444444444444445
2022-02-01,EGAL,Egypt Aluminum,623.0,24.66,15363.18,0.046349573869521675,8.0,0.6131944444444445
2022-02-01,ETEL,Telecom Egypt,3515.0,16.9,59403.49999999999,0.17921595082255956,3.0,0.7743055555555556
2022-02-01,GBCO,GB Corp,4211.0,4.96,20886.56,0.0630132014075339,6.0,0.732638888888889
2022-02-01,HELI,Heliopolis Housing,1395.0,6.41,8941.95,0.026977199516152864,5.0,0.7354166666666667
2022-02-01,HRHO,EFG Holding,5387.0,9.94,53546.78,0.16154666124363742,2.0,0.7944444444444445
2022-02-01,JUFO,Juhayna Food Industries,2985.0,7.0,20895.0,0.06303866426115266,7.0,0.6256944444444444
2022-02-01,ORWE,Oriental Weavers,1913.0,8.55,16356.150000000001,0.04934529066547271,,
2022-02-01,TMGH,T M G Holding,8926.0,9.07,80958.82,0.2442467515175445,1.0,0.8729166666666667
2022-03-01,AMOC,Alexandria Mineral Oils Company,2610.0,3.6,9396.0,0.02639645847978967,8.0,0.47708333333333336
2022-03-01,COMI,Commercial International Bank-Egypt (CIB),406.0,31.71,12874.26,0.03616803635036366,5.0,0.6645833333333333
2022-03-01,EGAL,Egypt Aluminum,623.0,25.25,15730.75,0.04419285751712978,6.0,0.6312500000000001
2022-03-01,ETEL,Telecom Egypt,4469.0,18.42,82318.98000000001,0.23126112576294558,3.0,0.8236111111111111
2022-03-01,GBCO,GB Corp,6937.0,5.86,40650.82,0.11420154132603273,4.0,0.8083333333333333
2022-03-01,HRHO,EFG Holding,7001.0,11.78,82471.78,0.23169039128611624,1.0,0.9090277777777778
2022-03-01,JUFO,Juhayna Food Industries,1783.0,6.12,10911.960000000001,0.030655289386241562,7.0,0.570138888888889
2022-03-01,TMGH,T M G Holding,9345.0,9.45,88310.25,0.24809257635854043,2.0,0.8319444444444446
2022-04-03,ABUK,Abou Kir Fertilizers,1246.0,25.4,31648.399999999998,0.09071264483013322,2.0,0.9031666666666667
2022-04-03,AMOC,Alexandria Mineral Oils Company,2610.0,3.92,10231.199999999999,0.029325312236513027,7.0,0.6623333333333332
2022-04-03,CCAP,QALA For Financial Investments,17287.0,1.37,23683.190000000002,0.06788225638308928,4.0,0.6800277777777778
2022-04-03,ETEL,Telecom Egypt,4835.0,17.46,84419.1,0.24196736123088372,3.0,0.8114444444444444
2022-04-03,HELI,Heliopolis Housing,3356.0,5.94,19934.640000000003,0.05713792539706801,8.0,0.5702222222222222
2022-04-03,HRHO,EFG Holding,7284.0,12.86,93672.23999999999,0.26848929606435074,1.0,0.94025
2022-04-03,JUFO,Juhayna Food Industries,4978.0,7.45,37086.1,0.10629852433092364,5.0,0.6769166666666667
2022-04-03,TMGH,T M G Holding,2720.0,8.8,23936.000000000004,0.06860687638724451,6.0,0.6698611111111112
2022-05-08,ABUK,Abou Kir Fertilizers,2525.0,28.34,71558.5,0.20858895208788727,1.0,0.9347478632478632
2022-05-08,AMOC,Alexandria Mineral Oils Company,2610.0,3.91,10205.1,0.029747285297373458,8.0,0.5388846153846154
2022-05-08,CCAP,QALA For Financial Investments,21850.0,1.34,29279.0,0.08534661749730992,6.0,0.6495683760683763
2022-05-08,ETEL,Telecom Egypt,1323.0,16.0,21168.0,0.06170351443638978,3.0,0.7481239316239318
2022-05-08,HELI,Heliopolis Housing,3356.0,5.8,19464.8,0.056738783437331804,7.0,0.6114914529914529
2022-05-08,HRHO,EFG Holding,7615.0,10.94,83308.09999999999,0.2428383669226286,2.0,0.845508547008547
2022-05-08,JUFO,Juhayna Food Industries,8580.0,7.78,66752.40000000001,0.1945794443057287,4.0,0.732619658119658
2022-05-08,TMGH,T M G Holding,2421.0,8.5,20578.5,0.059985155509696096,5.0,0.7296196581196582
2022-06-01,ABUK,Abou Kir Fertilizers,3148.0,25.73,80998.04000000001,0.24937552807183205,1.0,0.9457264957264956
2022-06-01,AMOC,Alexandria Mineral Oils Company,2610.0,3.59,9369.9,0.028847904967580187,9.0,0.5701923076923078
2022-06-01,CCAP,QALA For Financial Investments,12384.0,1.17,14489.279999999999,0.04460937389819104,10.0,0.5408119658119659
2022-06-01,EAST,Eastern Company,2146.0,8.03,17232.379999999997,0.053054788269376346,7.0,0.6206196581196581
2022-06-01,EGCH,Egyptian Chemical Industries (KIMA),6308.0,2.78,17536.239999999998,0.05399030779503285,6.0,0.6597222222222223
2022-06-01,ETEL,Telecom Egypt,1352.0,15.06,20361.12,0.06268750518079129,3.0,0.7492521367521368
2022-06-01,HRHO,EFG Holding,2048.0,9.18,18800.64,0.05788312319765278,4.0,0.7127136752136752
2022-06-01,JUFO,Juhayna Food Industries,9911.0,8.28,82063.07999999999,0.2526545569522546,2.0,0.7915598290598292
2022-06-01,ORAS,Orascom Construction PLC,239.0,67.29,16082.310000000001,0.04951397032403383,8.0,0.5985042735042735
2022-06-01,TMGH,T M G Holding,2349.0,7.8,18322.2,0.05641010943521252,5.0,0.6835470085470087
2022-07-03,ABUK,Abou Kir Fertilizers,3322.0,21.82,72486.04000000001,0.2455192336450468,1.0,0.889768115942029
2022-07-03,AMOC,Alexandria Mineral Oils Company,5835.0,3.56,20772.6,0.07035937999668761,3.0,0.7425797101449275
2022-07-03,CCAP,QALA For Financial Investments,12384.0,1.09,13498.560000000001,0.04572130173632996,9.0,0.6635942028985508
2022-07-03,EAST,Eastern Company,3591.0,7.51,26968.41,0.09134535913157094,5.0,0.716057971014493
2022-07-03,EGCH,Egyptian Chemical Industries (KIMA),10241.0,2.78,28469.98,0.09643136349412672,4.0,0.7200289855072465
2022-07-03,ETEL,Telecom Egypt,751.0,13.62,10228.619999999999,0.03464560822534102,7.0,0.6733913043478261
2022-07-03,HELI,Heliopolis Housing,2228.0,4.89,10894.92,0.03690244920296505,6.0,0.709072463768116
2022-07-03,JUFO,Juhayna Food Industries,10403.0,7.14,74277.42,0.2515868605255753,2.0,0.8156231884057972
2022-07-03,RMDA,Tenth Of Ramadan Pharmaceutical Industries&Diagnostic-Rameda,7160.0,1.46,10453.6,0.03540764346944406,8.0,0.6715652173913043
2022-07-03,TMGH,T M G Holding,1209.0,6.84,8269.56,0.028010028327961258,10.0,0.5500289855072464
2022-08-01,ABUK,Abou Kir Fertilizers,888.0,23.19,20592.72,0.06495778602546162,2.0,0.8403726708074534
2022-08-01,AMOC,Alexandria Mineral Oils Company,12824.0,3.89,49885.36,0.1573586461955061,1.0,0.843719806763285
2022-08-01,CCAP,QALA For Financial Investments,25993.0,1.2,31191.6,0.09839094974300572,4.0,0.6774672187715666
2022-08-01,EGCH,Egyptian Chemical Industries (KIMA),18011.0,2.81,50610.91,0.15964732499319642,5.0,0.6567632850241547
2022-08-01,HELI,Heliopolis Housing,2228.0,5.35,11919.8,0.037599880825179836,10.0,0.5716356107660456
2022-08-01,HRHO,EFG Holding,1690.0,9.35,15801.5,0.049844336050863206,6.0,0.6530365769496204
2022-08-01,JUFO,Juhayna Food Industries,10714.0,7.46,79926.44,0.2521203895015761,3.0,0.7757073844030367
2022-08-01,MCQE,Misr Cement - Qena,1589.0,9.35,14857.15,0.04686547336379979,8.0,0.6188060731538992
2022-08-01,RMDA,Tenth Of Ramadan Pharmaceutical Industries&Diagnostic-Rameda,7160.0,1.6,11456.0,0.036136867626408185,7.0,0.6454106280193236
2022-08-01,VLMR,Egyptian Kuwaiti Holding,11041.0,1.27,14022.07,0.044231292548728124,9.0,0.5721532091097308
2022-09-01,ABUK,Abou Kir Fertilizers,2175.0,24.71,53744.25,0.15784649379672935,1.0,0.8586109542631283
2022-09-01,AMOC,Alexandria Mineral Oils Company,20297.0,4.03,81796.91,0.24023696389672625,2.0,0.7974967061923584
2022-09-01,CCAP,QALA For Financial Investments,29114.0,1.31,38139.340000000004,0.11201498010896704,6.0,0.6700545830980614
2022-09-01,EGCH,Egyptian Chemical Industries (KIMA),6190.0,2.93,18136.7,0.05326736356062539,10.0,0.5761340109166196
2022-09-01,ETEL,Telecom Egypt,1250.0,15.43,19287.5,0.05664725527111118,9.0,0.6074816487859966
2022-09-01,HELI,Heliopolis Housing,2228.0,5.91,13167.48,0.03867279848799746,8.0,0.6103143233578016
2022-09-01,HRHO,EFG Holding,3837.0,10.1,38753.7,0.1138193512171127,4.0,0.6872764916243178
2022-09-01,JUFO,Juhayna Food Industries,2947.0,7.38,21748.86,0.06387625271681967,5.0,0.6728872576698665
2022-09-01,MCQE,Misr Cement - Qena,1589.0,10.65,16922.850000000002,0.0497022944323901,7.0,0.6162525879917184
2022-09-01,RMDA,Tenth Of Ramadan Pharmaceutical Industries&Diagnostic-Rameda,20395.0,1.9,38750.5,0.11380995283905089,3.0,0.7811594202898551
2022-10-02,ABUK,Abou Kir Fertilizers,2511.0,24.72,62071.92,0.18006666887864464,1.0,0.796346618357488
2022-10-02,AMOC,Alexandria Mineral Oils Company,21038.0,4.06,85414.28,0.2477813619148214,3.0,0.7569444444444445
2022-10-02,ARCC,Arabian Cement Company,1401.0,5.22,7313.219999999999,0.02121518335789648,5.0,0.6984903381642512
2022-10-02,CCAP,QALA For Financial Investments,29114.0,1.31,38139.340000000004,0.11063978538169994,11.0,0.5620772946859904
2022-10-02,EAST,Eastern Company,786.0,7.52,5910.719999999999,0.017146620582614208,10.0,0.5756642512077295
2022-10-02,EGCH,Egyptian Chemical Industries (KIMA),6190.0,2.94,18198.6,0.05279297434741671,9.0,0.5858695652173913
2022-10-02,ETEL,Telecom Egypt,1250.0,16.94,21175.0,0.06142732033269312,7.0,0.6572463768115941
2022-10-02,HELI,Heliopolis Housing,2228.0,5.61,12499.08,0.036259031453315604,8.0,0.6476449275362318
2022-10-02,JUFO,Juhayna Food Industries,3995.0,7.28,29083.600000000002,0.0843696629812474,4.0,0.7258454106280194
2022-10-02,MCQE,Misr Cement - Qena,1589.0,10.73,17049.97,0.04946087220084098,6.0,0.6920591787439614
2022-10-02,RMDA,Tenth Of Ramadan Pharmaceutical Industries&Diagnostic-Rameda,24842.0,1.73,42976.659999999996,0.12467254123491092,2.0,0.7597826086956523
2022-11-01,ABUK,Abou Kir Fertilizers,3424.0,27.5,94160.0,0.2540090358597188,1.0,0.7625000000000002
2022-11-01,ARCC,Arabian Cement Company,1582.0,5.0,7910.0,0.021338269686176463,8.0,0.6118055555555556
2022-11-01,EAST,Eastern Company,3662.0,8.62,31566.44,0.08515464092952062,5.0,0.695138888888889
2022-11-01,EGAL,Egypt Aluminum,888.0,25.52,22661.76,0.06113309057438764,7.0,0.6159722222222223
2022-11-01,EGCH,Egyptian Chemical Industries (KIMA),13903.0,3.62,50328.86,0.13576874686192403,2.0,0.7486111111111111
2022-11-01,ETEL,Telecom Egypt,2665.0,18.39,49009.35,0.13220919436715706,4.0,0.7097222222222223
2022-11-01,JUFO,Juhayna Food Industries,2792.0,7.38,20604.96,0.05558460092956745,9.0,0.5909722222222222
2022-11-01,MCQE,Misr Cement - Qena,3893.0,11.63,45275.590000000004,0.1221368836435846,3.0,0.7340277777777777
2022-11-01,RMDA,Tenth Of Ramadan Pharmaceutical Industries&Diagnostic-Rameda,25437.0,1.76,44769.12,0.12077061392829284,6.0,0.6666666666666667
2022-12-01,ABUK,Abou Kir Fertilizers,3424.0,34.95,119668.8,0.2629871582313922,3.0,0.75625
2022-12-01,ARCC,Arabian Cement Company,1582.0,6.0,9492.0,0.020859857422589466,7.0,0.645138888888889
2022-12-01,COMI,Commercial International Bank-Egypt (CIB),774.0,41.4,32043.6,0.07041981956452674,1.0,0.8243055555555556
2022-12-01,EGAL,Egypt Aluminum,1774.0,29.07,51570.18,0.11333192183494256,5.0,0.6736111111111112
2022-12-01,EGCH,Egyptian Chemical Industries (KIMA),20278.0,4.55,92264.9,0.20276365983032815,4.0,0.7236111111111112
2022-12-01,ETEL,Telecom Egypt,3960.0,24.31,96267.59999999999,0.21156009380687668,2.0,0.7569444444444444
2022-12-01,MCQE,Misr Cement - Qena,3988.0,13.46,53678.48,0.11796517482736202,6.0,0.6729166666666667
2023-01-02,ABUK,Abou Kir Fertilizers,3424.0,40.82,139767.68,0.2741032489170336,1.0,0.7548611111111112
2023-01-02,ARCC,Arabian Cement Company,3679.0,7.35,27040.649999999998,0.05303035736035959,5.0,0.6597222222222222
2023-01-02,COMI,Commercial International Bank-Egypt (CIB),1121.0,42.75,47922.75,0.09398296853778193,4.0,0.6604166666666667
2023-01-02,EGCH,Egyptian Chemical Industries (KIMA),20280.0,4.79,97141.2,0.1905069793223966,6.0,0.5958333333333334
2023-01-02,ETEL,Telecom Egypt,4589.0,24.73,113485.97,0.22256127513528884,3.0,0.7243055555555556
2023-01-02,MCQE,Misr Cement - Qena,4937.0,17.12,84521.44,0.1657579299244727,2.0,0.726388888888889
2023-02-01,ABUK,Abou Kir Fertilizers,3424.0,42.34,144972.16,0.26554292451161693,3.0,0.7794871794871795
2023-02-01,ADIB,Abu Dhabi Islamic Bank- Egypt,880.0,17.87,15725.6,0.028804301554863247,5.0,0.6987179487179487
2023-02-01,AMOC,Alexandria Mineral Oils Company,2533.0,7.54,19098.82,0.034982968574938524,1.0,0.8237179487179487
2023-02-01,COMI,Commercial International Bank-Egypt (CIB),1488.0,50.1,74548.8,0.13654970975690525,2.0,0.791025641025641
2023-02-01,EFID,Edita Food Industries (EDITA),1055.0,15.1,15930.5,0.02917961323699884,6.0,0.6871794871794873
2023-02-01,EGAL,Egypt Aluminum,389.0,32.92,12805.880000000001,0.02345630241106172,9.0,0.5724358974358975
2023-02-01,EGCH,Egyptian Chemical Industries (KIMA),20280.0,5.43,110120.4,0.20170557619055315,7.0,0.6666666666666667
2023-02-01,ETEL,Telecom Egypt,5036.0,26.5,133454.0,0.24444531589908935,4.0,0.7301282051282051
2023-02-01,HELI,Heliopolis Housing,1485.0,9.9,14701.5,0.026928475817064024,8.0,0.6532051282051281
2023-03-01,ADIB,Abu Dhabi Islamic Bank- Egypt,938.0,16.61,15580.18,0.02778807215152314,8.0,0.5314102564102564
2023-03-01,AMOC,Alexandria Mineral Oils Company,10642.0,8.51,90563.42,0.1615246325298356,1.0,0.8993589743589742
2023-03-01,CCAP,QALA For Financial Investments,23279.0,2.3,53541.7,0.09549444375579784,4.0,0.6891025641025642
2023-03-01,COMI,Commercial International Bank-Egypt (CIB),2619.0,54.15,141818.85,0.25294139324744885,2.0,0.8083333333333335
2023-03-01,EFID,Edita Food Industries (EDITA),4477.0,16.35,73198.95000000001,0.13055418512595715,3.0,0.7506410256410257
2023-03-01,EGAL,Egypt Aluminum,389.0,34.4,13381.599999999999,0.023866788849860657,6.0,0.617948717948718
2023-03-01,EGCH,Egyptian Chemical Industries (KIMA),26014.0,5.36,139435.04,0.24868974247861805,5.0,0.6365384615384616
2023-03-01,HELI,Heliopolis Housing,1485.0,9.6,14256.0,0.025426327333324384,7.0,0.5846153846153845
2023-04-02,ABUK,Abou Kir Fertilizers,887.0,44.5,39471.5,0.07126805350803612,3.0,0.7961538461538462
2023-04-02,AMOC,Alexandria Mineral Oils Company,15005.0,9.34,140146.7,0.2530428920759203,1.0,0.8910256410256409
2023-04-02,COMI,Commercial International Bank-Egypt (CIB),2663.0,51.5,137144.5,0.24762224806082517,2.0,0.8096153846153846
2023-04-02,EGAL,Egypt Aluminum,1280.0,37.74,48307.200000000004,0.08722141581706809,5.0,0.660897435897436
2023-04-02,EGCH,Egyptian Chemical Industries (KIMA),26149.0,5.33,139374.17,0.25164804492350495,4.0,0.6743589743589744
2023-05-01,ABUK,Abou Kir Fertilizers,1475.0,47.37,69870.75,0.11531793611866371,2.0,0.8442307692307693
2023-05-01,AMOC,Alexandria Mineral Oils Company,15146.0,9.39,142220.94,0.23472805535444094,1.0,0.8858974358974359
2023-05-01,ARCC,Arabian Cement Company,234.0,8.46,1979.64,0.0032672899469084193,6.0,0.5980769230769231
2023-05-01,COMI,Commercial International Bank-Egypt (CIB),2780.0,53.0,147340.0,0.24317679011208426,4.0,0.7339743589743589
2023-05-01,EGAL,Egypt Aluminum,1805.0,43.95,79329.75,0.1309295097420532,7.0,0.5935897435897437
2023-05-01,EGCH,Egyptian Chemical Industries (KIMA),26149.0,6.21,162385.29,0.26800823662019774,5.0,0.673076923076923
2023-05-01,ORWE,Oriental Weavers,159.0,16.83,2675.97,0.004416545371496091,3.0,0.8064102564102564
2023-06-01,ABUK,Abou Kir Fertilizers,2039.0,46.3,94405.7,0.15891964297664812,3.0,0.7326923076923078
2023-06-01,ADIB,Abu Dhabi Islamic Bank- Egypt,1379.0,20.72,28572.879999999997,0.048098704722433175,2.0,0.7615384615384615
2023-06-01,AMOC,Alexandria Mineral Oils Company,17789.0,8.37,148893.93,0.2506434484039633,5.0,0.7128205128205128
2023-06-01,COMI,Commercial International Bank-Egypt (CIB),396.0,52.6,20829.600000000002,0.03506390604959648,7.0,0.5666666666666668
2023-06-01,EGAL,Egypt Aluminum,1805.0,43.5,78517.5,0.13217393724551557,8.0,0.5621794871794872
2023-06-01,EGCH,Egyptian Chemical Industries (KIMA),26149.0,6.13,160293.37,0.26983291402874787,6.0,0.682051282051282
2023-06-01,JUFO,Juhayna Food Industries,2098.0,12.7,26644.6,0.044852697657616,4.0,0.7237179487179488
2023-06-01,ORWE,Oriental Weavers,2025.0,15.72,31833.0,0.05358669015616261,1.0,0.7833333333333334
2023-07-04,ADIB,Abu Dhabi Islamic Bank- Egypt,1428.0,19.39,27688.920000000002,0.045210634806255985,10.0,0.5903846153846154
2023-07-04,AMOC,Alexandria Mineral Oils Company,17789.0,8.08,143735.12,0.23469156684888323,11.0,0.5615384615384617
2023-07-04,CCAP,QALA For Financial Investments,9476.0,2.86,27101.36,0.04425126331084324,2.0,0.7685897435897436
2023-07-04,EAST,Eastern Company,1616.0,15.37,24837.92,0.040555504890295524,5.0,0.7147435897435899
2023-07-04,EFID,Edita Food Industries (EDITA),1427.0,18.4,26256.8,0.04287226067253262,4.0,0.7282051282051282
2023-07-04,EGAL,Egypt Aluminum,1805.0,42.1,75990.5,0.12407774460848582,8.0,0.6096153846153847
2023-07-04,EGCH,Egyptian Chemical Industries (KIMA),21592.0,7.21,155678.32,0.2541924955098089,1.0,0.798076923076923
2023-07-04,HELI,Heliopolis Housing,2175.0,11.15,24251.25,0.03959758659222589,6.0,0.6942307692307692
2023-07-04,JUFO,Juhayna Food Industries,4326.0,12.23,52906.98,0.08638683457071959,3.0,0.7371794871794873
2023-07-04,ORAS,Orascom Construction PLC,186.0,123.01,22879.86,0.03735837276709471,7.0,0.6403846153846156
2023-07-04,ORWE,Oriental Weavers,2091.0,14.82,30988.62,0.05059840477598405,9.0,0.5929487179487181
2023-08-01,AMOC,Alexandria Mineral Oils Company,17789.0,8.4,149427.6,0.24046336773847707,9.0,0.562
2023-08-01,BFTH,Beltone Holding,5181.0,3.43,17770.83,0.02859735168943328,2.0,0.7613333333333333
2023-08-01,EAST,Eastern Company,1617.0,13.05,21101.850000000002,0.033957728803194205,12.0,0.542
2023-08-01,EFID,Edita Food Industries (EDITA),2278.0,19.0,43282.0,0.06965069025037385,3.0,0.7566666666666668
2023-08-01,EGAL,Egypt Aluminum,1805.0,43.4,78337.0,0.12606224578678288,10.0,0.5473333333333334
2023-08-01,EGCH,Egyptian Chemical Industries (KIMA),21592.0,6.69,144450.48,0.2324540372209654,8.0,0.6140000000000001
2023-08-01,GBCO,GB Corp,1971.0,6.79,13383.09,0.02153646911378577,7.0,0.6220000000000001
2023-08-01,HELI,Heliopolis Housing,2175.0,10.8,23490.0,0.03780081128370412,13.0,0.4766666666666667
2023-08-01,JUFO,Juhayna Food Industries,5509.0,14.39,79274.51000000001,0.12757091494755707,1.0,0.7893333333333333
2023-08-01,ORAS,Orascom Construction PLC,186.0,121.0,22506.0,0.03621732902303299,6.0,0.6260000000000002
2023-08-01,ORHD,Orascom Development Egypt,1398.0,10.69,14944.619999999999,0.02404932994153556,4.0,0.7173333333333334
2023-08-01,ORWE,Oriental Weavers,914.0,14.68,13417.52,0.021591874900609865,5.0,0.6300000000000001
2023-09-03,ABUK,Abou Kir Fertilizers,779.0,52.09,40578.11,0.06388259033253053,1.0,0.7953333333333332
2023-09-03,BFTH,Beltone Holding,17179.0,3.14,53942.060000000005,0.08492161218629408,3.0,0.7400000000000001
2023-09-03,EAST,Eastern Company,1617.0,15.98,25839.66,0.04067967714888337,8.0,0.5766666666666667
2023-09-03,EFID,Edita Food Industries (EDITA),4095.0,21.01,86035.95000000001,0.13544739633561248,2.0,0.7406666666666668
2023-09-03,EGAL,Egypt Aluminum,1805.0,45.6,82308.0,0.1295784413096106,7.0,0.6146666666666667
2023-09-03,EGCH,Egyptian Chemical Industries (KIMA),21592.0,6.43,138836.56,0.2185720105164532,9.0,0.5686666666666668
2023-09-03,HELI,Heliopolis Housing,2175.0,11.8,25665.0,0.040404707880292996,6.0,0.6606666666666667
2023-09-03,JUFO,Juhayna Food Industries,7840.0,14.75,115640.0,0.18205339642614776,5.0,0.672
2023-09-03,ORHD,Orascom Development Egypt,1398.0,10.2,14259.599999999999,0.022449054061555656,10.0,0.4726666666666667
2023-09-03,ORWE,Oriental Weavers,3274.0,15.89,52023.86,0.0819017676253754,4.0,0.7253333333333334
2023-10-01,ABUK,Abou Kir Fertilizers,1933.0,67.5,130477.5,0.18992470149778237,1.0,0.8506944444444444
2023-10-01,BFTH,Beltone Holding,18903.0,2.92,55196.76,0.080345102923069,7.0,0.6298611111111113
2023-10-01,EAST,Eastern Company,5183.0,18.54,96092.81999999999,0.13987392580774563,5.0,0.7020833333333334
2023-10-01,EFID,Edita Food Industries (EDITA),4095.0,20.44,83701.8,0.1218374001634541,6.0,0.6631944444444443
2023-10-01,EGCH,Egyptian Chemical Industries (KIMA),21592.0,8.14,175758.88,0.25583685171454507,4.0,0.7034722222222223
2023-10-01,ORAS,Orascom Construction PLC,476.0,169.21,80543.96,0.11724080826540458,2.0,0.7395833333333333
2023-10-01,TMGH,T M G Holding,4882.0,13.32,65028.24,0.09465592972678163,3.0,0.7381944444444445
2023-11-01,ABUK,Abou Kir Fertilizers,1955.0,75.71,148013.05,0.17926327591337946,3.0,0.757638888888889
2023-11-01,BFTH,Beltone Holding,19367.0,3.52,68171.84,0.08256506681973487,5.0,0.7256944444444445
2023-11-01,EAST,Eastern Company,5186.0,18.77,97341.22,0.11789302347735535,6.0,0.6520833333333333
2023-11-01,EFID,Edita Food Industries (EDITA),4161.0,26.46,110100.06,0.1333456572502197,2.0,0.7979166666666666
2023-11-01,EGAL,Egypt Aluminum,20.0,65.82,1316.3999999999999,0.0015943335835074861,8.0,0.6062500000000001
2023-11-01,EGCH,Egyptian Chemical Industries (KIMA),21593.0,9.62,207724.65999999997,0.25158189118860086,7.0,0.6340277777777779
2023-11-01,ORAS,Orascom Construction PLC,485.0,168.11,81533.35,0.09874761324891379,4.0,0.7333333333333333
2023-11-01,TMGH,T M G Holding,4966.0,22.4,111238.4,0.13472433674843448,1.0,0.8048611111111111
2023-12-03,ABUK,Abou Kir Fertilizers,2364.0,77.21,182524.43999999997,0.21102183326908772,4.0,0.6719999999999999
2023-12-03,EFID,Edita Food Industries (EDITA),5396.0,28.57,154163.72,0.17823317698157204,3.0,0.7533333333333333
2023-12-03,EGAL,Egypt Aluminum,20.0,66.76,1335.2,0.0015436636966582994,6.0,0.6193333333333334
2023-12-03,EGCH,Egyptian Chemical Industries (KIMA),21887.0,9.94,217556.78,0.2515237441940356,5.0,0.6220000000000001
2023-12-03,ORAS,Orascom Construction PLC,684.0,182.37,124741.08,0.14421680398288544,2.0,0.7720000000000001
2023-12-03,TMGH,T M G Holding,6693.0,23.49,157218.56999999998,0.181764978242609,1.0,0.794
2024-01-02,ABUK,Abou Kir Fertilizers,2463.0,83.4,205414.2,0.22063148699686166,3.0,0.7366666666666666
2024-01-02,EAST,Eastern Company,64.0,23.04,1474.56,0.0015837968624666276,8.0,0.5880000000000001
2024-01-02,EFID,Edita Food Industries (EDITA),5696.0,31.86,181474.56,0.19491837480028737,2.0,0.7979999999999999
2024-01-02,EGAL,Egypt Aluminum,20.0,66.13,1322.6,0.001420579515447565,7.0,0.5900000000000001
2024-01-02,EGCH,Egyptian Chemical Industries (KIMA),21892.0,10.71,234463.32,0.25183259452277895,6.0,0.6286666666666667
2024-01-02,ETEL,Telecom Egypt,44.0,38.5,1694.0,0.001819493194592602,4.0,0.7260000000000002
2024-01-02,ORAS,Orascom Construction PLC,730.0,181.86,132757.80000000002,0.14259262906085346,5.0,0.6473333333333334
2024-01-02,TMGH,T M G Holding,7080.0,24.33,172256.4,0.1850173243949357,1.0,0.8093333333333333
2024-02-01,ABUK,Abou Kir Fertilizers,2673.0,98.95,264493.35000000003,0.25081556839829383,3.0,0.7726666666666666
2024-02-01,COMI,Commercial International Bank-Egypt (CIB),1360.0,85.0,115600.0,0.10962196103169611,1.0,0.8173333333333332
2024-02-01,EAST,Eastern Company,4153.0,24.16,100336.48,0.09514776557627644,5.0,0.6893333333333336
2024-02-01,EGAL,Egypt Aluminum,1079.0,114.5,123545.5,0.11715657427890494,4.0,0.738
2024-02-01,TMGH,T M G Holding,7847.0,33.9,266013.3,0.25225691701135716,2.0,0.7926666666666667
2024-03-03,EAST,Eastern Company,9384.0,26.25,246330.0,0.19801170013536368,5.0,0.6746666666666667
2024-03-03,EFID,Edita Food Industries (EDITA),2017.0,37.53,75698.01000000001,0.06084963933326742,6.0,0.6653333333333333
2024-03-03,EGAL,Egypt Aluminum,2386.0,107.3,256017.8,0.20579921180089925,4.0,0.7306666666666668
2024-03-03,GBCO,GB Corp,6883.0,9.84,67728.72,0.05444354725446356,8.0,0.5906666666666668
2024-03-03,MCQE,Misr Cement - Qena,2786.0,24.43,68061.98,0.05471143739852685,7.0,0.6053333333333335
2024-03-03,ORAS,Orascom Construction PLC,321.0,319.99,102716.79000000001,0.08256861210712103,3.0,0.8059999999999999
2024-03-03,PHDC,Palm Hills Development Company,19796.0,4.84,95812.64,0.07701872991863577,2.0,0.8193333333333335
2024-03-03,TMGH,T M G Holding,4552.0,72.8,331385.6,0.26638341272430305,1.0,0.8600000000000001
2024-04-01,EGAL,Egypt Aluminum,2807.0,94.11,264166.77,0.2464568759015741,5.0,0.6600000000000001
2024-04-01,GBCO,GB Corp,13799.0,12.07,166553.93,0.15538805754005114,3.0,0.7939999999999999
2024-04-01,ORAS,Orascom Construction PLC,624.0,273.0,170352.0,0.15893150271544354,2.0,0.8086666666666668
2024-04-01,PHDC,Palm Hills Development Company,40547.0,3.6,145969.2,0.13618333982677705,4.0,0.6806666666666668
2024-04-01,TMGH,T M G Holding,4552.0,65.21,296835.92,0.2769358670606813,1.0,0.8693333333333333
2024-05-01,ARCC,Arabian Cement Company,7165.0,11.29,80892.84999999999,0.08447450532796134,5.0,0.5993333333333334
2024-05-01,EGAL,Egypt Aluminum,1004.0,88.61,88964.44,0.09290347738742175,4.0,0.6346666666666667
2024-05-01,GBCO,GB Corp,22948.0,10.46,240036.08000000002,0.2506640465611356,2.0,0.7860000000000001
2024-05-01,ORAS,Orascom Construction PLC,920.0,253.0,232760.0,0.24306580693023283,1.0,0.834
2024-05-01,TMGH,T M G Holding,4552.0,55.06,250633.12000000002,0.2617302868028952,3.0,0.7753333333333333
2024-06-02,EFIH,E-finance For Digital and Financial Investments,1830.0,19.96,36526.8,0.03748130021258131,4.0,0.7660000000000001
2024-06-02,EGAL,Egypt Aluminum,1304.0,92.99,121258.95999999999,0.12442763897262799,6.0,0.6333333333333334
2024-06-02,GBCO,GB Corp,23295.0,10.85,252750.75,0.2593555071811679,2.0,0.7800000000000001
2024-06-02,ORAS,Orascom Construction PLC,953.0,268.0,255404.0,0.2620780905935947,1.0,0.824
2024-06-02,PHDC,Palm Hills Development Company,8512.0,3.7,31494.4,0.032317396032916126,5.0,0.6853333333333336
2024-06-02,TMGH,T M G Holding,4564.0,52.97,241755.08,0.24807250378890594,3.0,0.7746666666666667
2024-07-01,EFIH,E-finance For Digital and Financial Investments,8309.0,21.28,176815.52000000002,0.15512755690751362,3.0,0.7180000000000001
2024-07-01,EGAL,Egypt Aluminum,2479.0,97.51,241727.29,0.21207733311857493,5.0,0.7086666666666668
2024-07-01,GBCO,GB Corp,19299.0,15.62,301450.38,0.2644748661104048,1.0,0.7973333333333333
2024-07-01,ORAS,Orascom Construction PLC,470.0,275.0,129250.0,0.11339636209703839,2.0,0.7960000000000002
2024-07-01,PHDC,Palm Hills Development Company,40130.0,4.43,177775.9,0.15597013793831246,4.0,0.7160000000000002
2024-07-01,TMGH,T M G Holding,1971.0,57.12,112583.51999999999,0.09877417098707282,6.0,0.6973333333333334
2024-08-01,EFIH,E-finance For Digital and Financial Investments,9742.0,25.21,245595.82,0.20921345944936906,1.0,0.7902777777777779
2024-08-01,EGAL,Egypt Aluminum,2614.0,110.45,288716.3,0.24594610739882247,5.0,0.6833333333333333
2024-08-01,EMFD,Emaar Misr for Development,4409.0,6.92,30510.28,0.025990512491494748,3.0,0.7013888888888888
2024-08-01,GBCO,GB Corp,21187.0,13.94,295346.77999999997,0.25159435360517013,2.0,0.7173611111111111
2024-08-01,JUFO,Juhayna Food Industries,1292.0,21.31,27532.519999999997,0.023453875381750967,9.0,0.6250000000000001
2024-08-01,ORAS,Orascom Construction PLC,115.0,268.0,30820.0,0.02625435082824111,4.0,0.6916666666666668
2024-08-01,ORWE,Oriental Weavers,1159.0,24.21,28059.39,0.0239026952980675,8.0,0.6451388888888889
2024-08-01,PHDC,Palm Hills Development Company,40150.0,4.42,177463.0,0.15117377874860974,6.0,0.6819444444444444
2024-08-01,TMGH,T M G Holding,531.0,55.52,29481.120000000003,0.02511381139810109,7.0,0.6784722222222223
2024-09-01,EFIH,E-finance For Digital and Financial Investments,10275.0,23.2,238380.0,0.18513857060004224,4.0,0.7159722222222222
2024-09-01,EGAL,Egypt Aluminum,2656.0,109.32,290353.92,0.22550427769493672,9.0,0.4604166666666668
2024-09-01,EMFD,Emaar Misr for Development,5144.0,7.98,41049.12,0.0318809270961893,7.0,0.6375000000000002
2024-09-01,FWRY,Fawry For Banking Technology And Electronic Payment,985.0,7.58,7466.3,0.0057987251852969855,3.0,0.75
2024-09-01,GBCO,GB Corp,21499.0,14.75,317110.25,0.24628466485284858,2.0,0.7743055555555555
2024-09-01,HRHO,EFG Holding,291.0,24.3,7071.3,0.005491947203138178,6.0,0.6972222222222222
2024-09-01,JUFO,Juhayna Food Industries,1292.0,24.05,31072.600000000002,0.02413263171753869,8.0,0.6006944444444445
2024-09-01,ORWE,Oriental Weavers,1159.0,23.81,27595.789999999997,0.02143235638551447,10.0,0.4486111111111111
2024-09-01,PHDC,Palm Hills Development Company,41408.0,6.89,285301.12,0.22158000481328605,1.0,0.8027777777777778
2024-09-01,TMGH,T M G Holding,650.0,60.0,39000.0,0.03028947165618612,5.0,0.7048611111111112
2024-10-01,EAST,Eastern Company,266.0,26.0,6916.0,0.005201048044832866,5.0,0.6777777777777778
2024-10-01,EFIH,E-finance For Digital and Financial Investments,10300.0,23.25,239475.0,0.18009268081786448,9.0,0.5506944444444444
2024-10-01,EGAL,Egypt Aluminum,2714.0,119.2,323508.8,0.2432887235000328,4.0,0.7020833333333333
2024-10-01,EMFD,Emaar Misr for Development,6039.0,8.34,50365.26,0.037876248850563767,2.0,0.7479166666666669
2024-10-01,FWRY,Fawry For Banking Technology And Electronic Payment,1069.0,8.5,9086.5,0.0068333318477984155,6.0,0.6472222222222223
2024-10-01,GBCO,GB Corp,21543.0,15.26,328746.18,0.24722739686744846,7.0,0.6298611111111112
2024-10-01,HRHO,EFG Holding,593.0,24.93,14783.49,0.011117646292698994,3.0,0.7229166666666667
2024-10-01,JUFO,Juhayna Food Industries,1292.0,26.72,34522.24,0.02596180289983386,8.0,0.6138888888888889
2024-10-01,PHDC,Palm Hills Development Company,42784.0,6.56,280663.04,0.2110673735466814,1.0,0.8291666666666667
2024-10-01,TMGH,T M G Holding,659.0,63.0,41517.0,0.031222080925003778,10.0,0.4805555555555556
2024-11-03,ARCC,Arabian Cement Company,2358.0,15.21,35865.18,0.028726214722407478,7.0,0.6333333333333333
2024-11-03,EAST,Eastern Company,1685.0,27.2,45832.0,0.03670913886832241,4.0,0.6861111111111111
2024-11-03,EGAL,Egypt Aluminum,2714.0,111.83,303506.62,0.24309361714599317,12.0,0.5069444444444445
2024-11-03,EMFD,Emaar Misr for Development,10806.0,8.41,90878.46,0.07278909949989709,2.0,0.7166666666666669
2024-11-03,FWRY,Fawry For Banking Technology And Electronic Payment,1069.0,8.0,8552.0,0.006849724114197356,10.0,0.6118055555555555
2024-11-03,GBCO,GB Corp,21543.0,14.41,310434.63,0.2486426065239633,6.0,0.6604166666666667
2024-11-03,HRHO,EFG Holding,593.0,22.0,13046.0,0.010449193264010607,9.0,0.6152777777777777
2024-11-03,JUFO,Juhayna Food Industries,2616.0,30.76,80468.16,0.064450970062803,1.0,0.7298611111111111
2024-11-03,MCQE,Misr Cement - Qena,1225.0,31.5,38587.5,0.030906656835429196,5.0,0.6652777777777777
2024-11-03,ORWE,Oriental Weavers,1198.0,29.3,35101.4,0.02811446515693254,8.0,0.6236111111111111
2024-11-03,PHDC,Palm Hills Development Company,49853.0,5.74,286156.22000000003,0.22919681484583304,3.0,0.7062499999999999
2024-12-01,ARCC,Arabian Cement Company,5560.0,15.0,83400.0,0.06676029122053782,4.0,0.6819444444444445
2024-12-01,EAST,Eastern Company,3632.0,27.92,101405.44,0.08117334179552489,1.0,0.7673611111111113
2024-12-01,EGAL,Egypt Aluminum,2714.0,112.0,303968.0,0.24332124942115638,11.0,0.5618055555555556
2024-12-01,EMFD,Emaar Misr for Development,10807.0,7.9,85375.3,0.06834148550408613,10.0,0.5770833333333335
2024-12-01,FWRY,Fawry For Banking Technology And Electronic Payment,7305.0,8.5,62092.5,0.049703997393420206,2.0,0.7527777777777778
2024-12-01,GBCO,GB Corp,21543.0,14.6,314527.8,0.25177419094670356,8.0,0.6215277777777777
2024-12-01,JUFO,Juhayna Food Industries,4214.0,33.48,141084.72,0.11293593517947288,3.0,0.7430555555555554
2024-12-01,MCQE,Misr Cement - Qena,2936.0,26.43,77598.48,0.06211627245888585,5.0,0.6527777777777778
2024-12-01,ORWE,Oriental Weavers,1198.0,26.1,31267.800000000003,0.025029345729322937,9.0,0.607638888888889
2024-12-01,PHDC,Palm Hills Development Company,8202.0,5.91,48473.82,0.038802474097984783,6.0,0.6493055555555556
2025-01-02,ARCC,Arabian Cement Company,6884.0,16.9,116339.59999999999,0.08586124043217092,1.0,0.7534722222222222
2025-01-02,EAST,Eastern Company,4378.0,29.23,127968.94,0.0944439548115178,3.0,0.7368055555555556
2025-01-02,EGAL,Egypt Aluminum,2714.0,117.0,317538.0,0.2343501831220899,7.0,0.6618055555555558
2025-01-02,FWRY,Fawry For Banking Technology And Electronic Payment,9826.0,8.64,84896.64,0.06265562902849468,4.0,0.7215277777777779
2025-01-02,GBCO,GB Corp,19400.0,17.8,345320.0,0.25485392373737975,6.0,0.6965277777777777
2025-01-02,JUFO,Juhayna Food Industries,4850.0,33.81,163978.5,0.12101981968484282,5.0,0.713888888888889
2025-01-02,MCQE,Misr Cement - Qena,2936.0,23.54,69113.44,0.051007272579022274,10.0,0.5659722222222221
2025-01-02,ORAS,Orascom Construction PLC,63.0,286.5,18049.5,0.013320936802090339,8.0,0.6020833333333333
2025-01-02,ORWE,Oriental Weavers,1198.0,25.84,30956.32,0.02284646014267903,12.0,0.4854166666666667
2025-01-02,PHDC,Palm Hills Development Company,11631.0,6.94,80719.14,0.05957254010687733,2.0,0.7506944444444446
2025-02-02,ARCC,Arabian Cement Company,7517.0,20.05,150715.85,0.10176585234820183,2.0,0.7370370370370369
2025-02-02,EAST,Eastern Company,4378.0,28.51,124816.78000000001,0.08427836889124794,9.0,0.6265432098765432
2025-02-02,EGAL,Egypt Aluminum,2401.0,157.58,378349.58,0.2554679384702019,6.0,0.6895061728395061
2025-02-02,FWRY,Fawry For Banking Technology And Electronic Payment,9827.0,8.47,83234.69,0.05620144910298652,7.0,0.6703703703703704
2025-02-02,GBCO,GB Corp,19400.0,16.61,322234.0,0.21757776415400548,10.0,0.6234567901234568
2025-02-02,ISPH,Ibnsina Pharma,1856.0,6.9,12806.400000000001,0.008647094592320662,3.0,0.7271604938271606
2025-02-02,JUFO,Juhayna Food Industries,5206.0,35.58,185229.47999999998,0.12507003020726884,4.0,0.7240740740740741
2025-02-02,MCQE,Misr Cement - Qena,2936.0,27.63,81121.68,0.05477470955521981,12.0,0.4561728395061728
2025-02-02,ORHD,Orascom Development Egypt,676.0,17.81,12039.56,0.008129311451299361,5.0,0.7012345679012345
2025-02-02,ORWE,Oriental Weavers,1198.0,25.1,30069.800000000003,0.02030362982353853,11.0,0.4635802469135802
2025-02-02,PHDC,Palm Hills Development Company,13578.0,6.51,88392.78,0.05968427738772722,1.0,0.7382716049382716
2025-02-02,RMDA,Tenth Of Ramadan Pharmaceutical Industries&Diagnostic-Rameda,3204.0,3.73,11950.92,0.008069460246849765,8.0,0.6685185185185185
2025-03-02,ARCC,Arabian Cement Company,8991.0,23.26,209130.66,0.13694488279411432,1.0,0.7685897435897434
2025-03-02,EAST,Eastern Company,4378.0,31.2,136593.6,0.089445490883193,9.0,0.6467948717948718
2025-03-02,EGAL,Egypt Aluminum,2402.0,158.32,380284.63999999996,0.2490215229713422,4.0,0.6955128205128206
2025-03-02,ETEL,Telecom Egypt,791.0,37.84,29931.440000000002,0.019599983774062902,5.0,0.6814102564102564
2025-03-02,GBCO,GB Corp,19400.0,17.19,333486.0,0.21837640250108717,11.0,0.6147435897435898
2025-03-02,HRHO,EFG Holding,1152.0,26.05,30009.600000000002,0.019651165231813705,6.0,0.6794871794871794
2025-03-02,ISPH,Ibnsina Pharma,1856.0,6.61,12268.16,0.008033550572161163,8.0,0.6660256410256411
2025-03-02,JUFO,Juhayna Food Industries,5206.0,35.21,183303.26,0.12003234464271793,10.0,0.6461538461538461
2025-03-02,ORHD,Orascom Development Egypt,2202.0,22.72,50029.439999999995,0.032760742958756854,2.0,0.7615384615384616
2025-03-02,PHDC,Palm Hills Development Company,13578.0,6.4,86899.20000000001,0.056904141931662724,13.0,0.48012820512820514
2025-03-02,RMDA,Tenth Of Ramadan Pharmaceutical Industries&Diagnostic-Rameda,10708.0,4.16,44545.28,0.029169554328528417,3.0,0.7025641025641025
2025-04-03,ARCC,Arabian Cement Company,9793.0,22.6,221321.80000000002,0.13261829261109026,3.0,0.7371794871794871
2025-04-03,EAST,Eastern Company,4378.0,32.82,143685.96,0.08609810098863017,8.0,0.6538461538461539
2025-04-03,EGAL,Egypt Aluminum,2416.0,171.5,414344.0,0.24827917463914345,4.0,0.723076923076923
2025-04-03,GBCO,GB Corp,19918.0,21.62,430627.16000000003,0.2580362111240862,5.0,0.7076923076923076
2025-04-03,HRHO,EFG Holding,1152.0,27.5,31680.0,0.01898298093508791,7.0,0.6762820512820513
2025-04-03,ISPH,Ibnsina Pharma,3097.0,8.95,27718.149999999998,0.01660899977922686,2.0,0.7416666666666667
2025-04-03,JUFO,Juhayna Food Industries,5206.0,33.4,173880.4,0.10419091913464204,12.0,0.5051282051282052
2025-04-03,ORHD,Orascom Development Egypt,3013.0,24.5,73818.5,0.04423280234080767,1.0,0.7692307692307694
2025-04-03,PHDC,Palm Hills Development Company,13578.0,7.1,96403.79999999999,0.057766145753473094,11.0,0.5448717948717948
2025-04-03,RMDA,Tenth Of Ramadan Pharmaceutical Industries&Diagnostic-Rameda,12353.0,4.48,55341.44,0.033161158473494684,6.0,0.6948717948717948
2025-05-04,ARCC,Arabian Cement Company,9793.0,24.04,235423.72,0.13671924718042247,6.0,0.7074074074074074
2025-05-04,EAST,Eastern Company,4378.0,35.48,155331.43999999997,0.09020670279210166,9.0,0.6648148148148147
2025-05-04,EGAL,Egypt Aluminum,2416.0,174.21,420891.36000000004,0.2444271540860207,7.0,0.7061728395061729
2025-05-04,EMFD,Emaar Misr for Development,4674.0,8.93,41738.82,0.02423927397204989,10.0,0.5648148148148148
2025-05-04,FWRY,Fawry For Banking Technology And Electronic Payment,5159.0,10.66,54994.94,0.03193759233577867,3.0,0.7450617283950616
2025-05-04,GBCO,GB Corp,19918.0,22.65,451142.69999999995,0.2619952242490399,5.0,0.7290123456790124
2025-05-04,HRHO,EFG Holding,3087.0,28.7,88596.9,0.05145149125380897,2.0,0.747530864197531
2025-05-04,ISPH,Ibnsina Pharma,9267.0,8.84,81920.28,0.04757413148687575,4.0,0.7364197530864197
2025-05-04,ORHD,Orascom Development Egypt,5395.0,24.8,133796.0,0.0777002775920447,1.0,0.7746913580246914
2025-05-04,RMDA,Tenth Of Ramadan Pharmaceutical Industries&Diagnostic-Rameda,12353.0,4.7,58059.100000000006,0.03371706319130829,8.0,0.6697530864197531
2025-06-01,ARCC,Arabian Cement Company,9793.0,31.01,303680.93,0.17115964336776165,6.0,0.6839506172839507
2025-06-01,EAST,Eastern Company,4378.0,32.61,142766.58,0.08046562857152412,12.0,0.5604938271604938
2025-06-01,EGAL,Egypt Aluminum,2416.0,157.31,380060.96,0.21420870375893913,11.0,0.5820987654320987
2025-06-01,EMFD,Emaar Misr for Development,4674.0,9.65,45104.1,0.02542142396107605,8.0,0.6185185185185185
2025-06-01,FWRY,Fawry For Banking Technology And Electronic Payment,5373.0,11.4,61252.200000000004,0.03452276278095833,3.0,0.7277777777777777
2025-06-01,GBCO,GB Corp,19918.0,23.71,472255.78,0.26617124388799823,5.0,0.7055555555555555
2025-06-01,HRHO,EFG Holding,3169.0,30.35,96179.15000000001,0.05420817505206684,2.0,0.762962962962963
2025-06-01,ISPH,Ibnsina Pharma,9545.0,9.16,87432.2,0.04927824796525357,1.0,0.7685185185185185
2025-06-01,ORHD,Orascom Development Egypt,5495.0,23.55,129407.25,0.07293608709378879,4.0,0.712962962962963
2025-06-01,RMDA,Tenth Of Ramadan Pharmaceutical Industries&Diagnostic-Rameda,12353.0,4.54,56082.62,0.03160910116525822,9.0,0.6080246913580247
2025-07-01,ARCC,Arabian Cement Company,12101.0,36.21,438177.21,0.25055527034977243,5.0,0.7172839506172841
2025-07-01,CCAP,QALA For Financial Investments,24325.0,2.85,69326.25,0.039641626526139756,10.0,0.5074074074074074
2025-07-01,EGAL,Egypt Aluminum,552.0,158.02,87227.04000000001,0.04987752464125283,7.0,0.6376543209876544
2025-07-01,EMFD,Emaar Misr for Development,8572.0,9.27,79462.44,0.045437628161566344,9.0,0.582716049382716
2025-07-01,FWRY,Fawry For Banking Technology And Electronic Payment,13843.0,12.05,166808.15000000002,0.09538300980965074,1.0,0.7444444444444444
2025-07-01,GBCO,GB Corp,19918.0,21.55,429232.9,0.2454408007721735,3.0,0.7376543209876543
2025-07-01,ISPH,Ibnsina Pharma,20369.0,9.09,185154.21,0.1058735189421388,4.0,0.7216049382716049
2025-07-01,MCQE,Misr Cement - Qena,1858.0,53.7,99774.6,0.05705237813952123,6.0,0.7148148148148148
2025-07-01,PHDC,Palm Hills Development Company,11294.0,8.8,99387.20000000001,0.056830857920034006,2.0,0.741358024691358
2025-07-01,RMDA,Tenth Of Ramadan Pharmaceutical Industries&Diagnostic-Rameda,18753.0,4.33,81200.49,0.046431467132861594,8.0,0.608641975308642
2025-08-03,ARCC,Arabian Cement Company,12101.0,39.0,471939.0,0.24198749855937074,6.0,0.6932098765432099
2025-08-03,BFTH,Beltone Holding,7719.0,3.26,25163.94,0.012902851628066533,7.0,0.665432098765432
2025-08-03,CCAP,QALA For Financial Investments,24325.0,3.07,74677.75,0.038291139152606686,14.0,0.504320987654321
2025-08-03,EGAL,Egypt Aluminum,552.0,165.5,91356.0,0.046842939274757696,8.0,0.662962962962963
2025-08-03,FWRY,Fawry For Banking Technology And Electronic Payment,16390.0,12.84,210447.6,0.10790735307279761,3.0,0.747530864197531
2025-08-03,GBCO,GB Corp,20069.0,25.23,506340.87,0.25962711399073934,4.0,0.7432098765432098
2025-08-03,ISPH,Ibnsina Pharma,23542.0,9.95,234242.9,0.12010843228953916,5.0,0.7222222222222223
2025-08-03,MCQE,Misr Cement - Qena,2232.0,83.88,187220.16,0.09599744500514931,2.0,0.7574074074074074
2025-08-03,ORAS,Orascom Construction PLC,79.0,393.99,31125.21,0.015959502626473148,1.0,0.7981481481481482
2025-08-03,PHDC,Palm Hills Development Company,11666.0,8.15,95077.90000000001,0.04875134962204437,9.0,0.6104938271604938
2025-08-03,RMDA,Tenth Of Ramadan Pharmaceutical Industries&Diagnostic-Rameda,4970.0,4.53,22514.100000000002,0.011544141809249774,10.0,0.5734567901234568
2025-09-01,ARCC,Arabian Cement Company,12101.0,39.11,473270.11,0.2446446487313475,9.0,0.6697530864197532
2025-09-01,COMI,Commercial International Bank-Egypt (CIB),706.0,95.01,67077.06,0.03467373796674276,4.0,0.7432098765432099
2025-09-01,EAST,Eastern Company,1677.0,38.4,64396.799999999996,0.03328824741419406,8.0,0.6944444444444444
2025-09-01,EGCH,Egyptian Chemical Industries (KIMA),5149.0,11.05,56896.450000000004,0.02941113696005581,10.0,0.6179012345679014
2025-09-01,ETEL,Telecom Egypt,1466.0,45.9,67289.4,0.03478350159561764,6.0,0.7271604938271606
2025-09-01,FWRY,Fawry For Banking Technology And Electronic Payment,21657.0,13.3,288038.10000000003,0.1488937887832062,3.0,0.7641975308641975
2025-09-01,GBCO,GB Corp,20069.0,24.99,501524.31,0.2592499210444147,5.0,0.7376543209876543
2025-09-01,ISPH,Ibnsina Pharma,6324.0,10.39,65706.36,0.033965190325701035,7.0,0.7037037037037037
2025-09-01,MCQE,Misr Cement - Qena,3150.0,77.16,243054.0,0.12564043068925046,2.0,0.7703703703703706
2025-09-01,ORAS,Orascom Construction PLC,264.0,405.0,106920.0,0.05526950739051675,1.0,0.808641975308642
2025-10-01,ARCC,Arabian Cement Company,2957.0,38.5,113844.5,0.05920050248824408,9.0,0.6216049382716049
2025-10-01,BFTH,Beltone Holding,33892.0,3.13,106081.95999999999,0.05516388878635163,10.0,0.5802469135802469
2025-10-01,COMI,Commercial International Bank-Egypt (CIB),2061.0,102.01,210242.61000000002,0.1093286733785113,3.0,0.7438271604938271
2025-10-01,EAST,Eastern Company,1677.0,42.0,70434.0,0.036626522952421796,6.0,0.7160493827160493
2025-10-01,EGCH,Egyptian Chemical Industries (KIMA),5149.0,11.85,61015.65,0.03172886823383501,8.0,0.6555555555555556
2025-10-01,ETEL,Telecom Egypt,4051.0,51.0,206601.0,0.1074349925958102,5.0,0.7166666666666668
2025-10-01,FWRY,Fawry For Banking Technology And Electronic Payment,32307.0,14.2,458759.39999999997,0.23856037842149036,1.0,0.8209876543209876
2025-10-01,ISPH,Ibnsina Pharma,18554.0,11.37,210958.97999999998,0.10970119435201026,4.0,0.7351851851851853
2025-10-01,MCQE,Misr Cement - Qena,3151.0,71.59,225580.09,0.11730434653710388,7.0,0.6777777777777778
2025-10-01,ORAS,Orascom Construction PLC,613.0,423.0,259299.0,0.1348385832842096,2.0,0.7975308641975309
2025-11-02,ARCC,Arabian Cement Company,2957.0,45.39,134218.23,0.06565932849408253,6.0,0.6827160493827161
2025-11-02,COMI,Commercial International Bank-Egypt (CIB),2260.0,104.0,235040.0,0.1149811658911696,4.0,0.7277777777777779
2025-11-02,EAST,Eastern Company,1677.0,44.63,74844.51000000001,0.03661380624724857,7.0,0.6672839506172838
2025-11-02,EGCH,Egyptian Chemical Industries (KIMA),5149.0,11.3,58183.700000000004,0.028463366498732323,8.0,0.5839506172839507
2025-11-02,ETEL,Telecom Egypt,4465.0,49.7,221910.5,0.10855823695325219,5.0,0.7179012345679013
2025-11-02,FWRY,Fawry For Banking Technology And Electronic Payment,33879.0,14.45,489551.55,0.23948778073021276,2.0,0.7907407407407406
2025-11-02,ISPH,Ibnsina Pharma,18559.0,11.25,208788.75,0.10213909930207597,9.0,0.578395061728395
2025-11-02,MCQE,Misr Cement - Qena,3382.0,91.04,307897.28,0.15062282262219154,3.0,0.7469135802469135
2025-11-02,ORAS,Orascom Construction PLC,664.0,472.0,313408.0,0.1533186574183955,1.0,0.8339506172839507
2025-12-01,ARCC,Arabian Cement Company,3956.0,51.2,202547.2,0.08707457012910487,5.0,0.7185897435897436
2025-12-01,COMI,Commercial International Bank-Egypt (CIB),2260.0,107.79,243605.40000000002,0.10472539480243935,6.0,0.7032051282051281
2025-12-01,EAST,Eastern Company,1677.0,45.77,76756.29000000001,0.03299735052597573,7.0,0.608974358974359
2025-12-01,ETEL,Telecom Egypt,5338.0,63.62,339603.56,0.1459947804823452,1.0,0.7878205128205129
2025-12-01,FWRY,Fawry For Banking Technology And Electronic Payment,37403.0,15.45,577876.35,0.24842769865012276,3.0,0.7564102564102564
2025-12-01,MCQE,Misr Cement - Qena,3762.0,136.21,512422.02,0.22028903443833128,4.0,0.728846153846154
2025-12-01,ORAS,Orascom Construction PLC,782.0,476.71,372787.22,0.16026035872687472,2.0,0.7878205128205128
2026-01-04,ARCC,Arabian Cement Company,3959.0,50.16,198583.43999999997,0.08090163967597203,6.0,0.6487654320987654
2026-01-04,EGAL,Egypt Aluminum,651.0,253.0,164703.0,0.06709896232813584,4.0,0.7024691358024692
2026-01-04,ETEL,Telecom Egypt,7978.0,65.31,521043.18,0.2122697018642775,1.0,0.7944444444444444
2026-01-04,FWRY,Fawry For Banking Technology And Electronic Payment,37815.0,15.51,586510.65,0.2389407358056651,5.0,0.6895061728395061
2026-01-04,MCQE,Misr Cement - Qena,3762.0,181.98,684608.76,0.278905286465649,2.0,0.7351851851851853
2026-01-04,TMGH,T M G Holding,2007.0,77.0,154539.0,0.06295821289975156,3.0,0.7351851851851852
2026-02-01,ETEL,Telecom Egypt,8619.0,79.28,683314.3200000001,0.265123648636143,1.0,0.8376543209876544
2026-02-01,MCQE,Misr Cement - Qena,3854.0,166.0,639764.0,0.2482262715437507,3.0,0.7314814814814815
2026-02-01,TMGH,T M G Holding,7446.0,86.0,640356.0,0.24845596554459148,2.0,0.745679012345679
2026-03-01,EFIH,E-finance For Digital and Financial Investments,9842.0,19.62,193100.04,0.07046699696819109,5.0,0.5925925925925928
2026-03-01,ETEL,Telecom Egypt,7611.0,90.3,687273.2999999999,0.2508030839735646,1.0,0.812962962962963
2026-03-01,FWRY,Fawry For Banking Technology And Electronic Payment,13754.0,17.78,244546.12000000002,0.089240948353107,3.0,0.737037037037037
2026-03-01,MCQE,Misr Cement - Qena,3648.0,185.75,677616.0,0.2472788955279231,2.0,0.7592592592592593
2026-03-01,TMGH,T M G Holding,8106.0,85.24,690955.44,0.25214678824320874,4.0,0.732716049382716
2026-04-01,ABUK,Abou Kir Fertilizers,4875.0,83.79,408476.25000000006,0.1620332685526454,3.0,0.7246913580246914
2026-04-01,EGAL,Egypt Aluminum,1504.0,299.5,450448.0,0.17868251031241597,1.0,0.8265432098765432
2026-04-01,ETEL,Telecom Egypt,7831.0,84.5,661719.5,0.26248912501038246,4.0,0.6901234567901235
2026-04-01,MCQE,Misr Cement - Qena,3688.0,169.61,625521.68,0.24813027039134325,2.0,0.7277777777777777
