rebalance_date,selection_date,horizon,factor,ic,observations
2021-11-01,2021-10-31,1m,score_momentum,-0.62697118916282,12
2021-11-01,2021-10-31,1m,score_value,-0.3292288085687648,12
2021-11-01,2021-10-31,1m,score_quality,0.13781693108434281,12
2021-11-01,2021-10-31,1m,score_growth,-0.46153846153846156,12
2021-11-01,2021-10-31,1m,score_low_risk,0.3636363636363637,12
2021-11-01,2021-10-31,1m,score_liquidity,-0.16783216783216784,12
2021-11-01,2021-10-31,3m,score_momentum,-0.325744807777331,12
2021-11-01,2021-10-31,3m,score_value,0.1911651146528312,12
2021-11-01,2021-10-31,3m,score_quality,0.5371326544825669,12
2021-11-01,2021-10-31,3m,score_growth,-0.23076923076923078,12
2021-11-01,2021-10-31,3m,score_low_risk,0.39860139860139865,12
2021-11-01,2021-10-31,3m,score_liquidity,-0.07692307692307693,12
2021-11-01,2021-10-31,6m,score_momentum,-0.4518395720782334,12
2021-11-01,2021-10-31,6m,score_value,0.09204246261062243,12
2021-11-01,2021-10-31,6m,score_quality,0.3745793511523164,12
2021-11-01,2021-10-31,6m,score_growth,-0.3426573426573427,12
2021-11-01,2021-10-31,6m,score_low_risk,0.20979020979020982,12
2021-11-01,2021-10-31,6m,score_liquidity,0.16783216783216784,12
2021-12-01,2021-11-30,1m,score_momentum,0.07692307692307693,14
2021-12-01,2021-11-30,1m,score_value,0.1502785366698737,14
2021-12-01,2021-11-30,1m,score_quality,0.042855446988560704,14
2021-12-01,2021-11-30,1m,score_growth,0.24395604395604395,14
2021-12-01,2021-11-30,1m,score_low_risk,-0.2552256769947235,14
2021-12-01,2021-11-30,1m,score_liquidity,0.178021978021978,14
2021-12-01,2021-11-30,3m,score_momentum,0.3142857142857143,14
2021-12-01,2021-11-30,3m,score_value,0.4861952656966502,14
2021-12-01,2021-11-30,3m,score_quality,0.027066598098038335,14
2021-12-01,2021-11-30,3m,score_growth,0.1252747252747253,14
2021-12-01,2021-11-30,3m,score_low_risk,-0.17821792962562585,14
2021-12-01,2021-11-30,3m,score_liquidity,0.389010989010989,14
2021-12-01,2021-11-30,6m,score_momentum,-0.3450549450549451,14
2021-12-01,2021-11-30,6m,score_value,0.07513926833493685,14
2021-12-01,2021-11-30,6m,score_quality,0.2097661352597971,14
2021-12-01,2021-11-30,6m,score_growth,0.13406593406593406,14
2021-12-01,2021-11-30,6m,score_low_risk,0.14521460932458408,14
2021-12-01,2021-11-30,6m,score_liquidity,0.2043956043956044,14
2022-01-02,2021-12-29,1m,score_momentum,0.24264705882352944,17
2022-01-02,2021-12-29,1m,score_value,0.33579564410061946,17
2022-01-02,2021-12-29,1m,score_quality,0.040691278894576334,17
2022-01-02,2021-12-29,1m,score_growth,0.11764705882352941,17
2022-01-02,2021-12-29,1m,score_low_risk,-0.303921568627451,17
2022-01-02,2021-12-29,1m,score_liquidity,0.27941176470588236,17
2022-01-02,2021-12-29,3m,score_momentum,0.22058823529411767,17
2022-01-02,2021-12-29,3m,score_value,0.14637246024898798,17
2022-01-02,2021-12-29,3m,score_quality,-0.1541336321764255,17
2022-01-02,2021-12-29,3m,score_growth,-0.07843137254901962,17
2022-01-02,2021-12-29,3m,score_low_risk,0.24754901960784317,17
2022-01-02,2021-12-29,3m,score_liquidity,0.23529411764705882,17
2022-01-02,2021-12-29,6m,score_momentum,-0.2377450980392157,17
2022-01-02,2021-12-29,6m,score_value,-0.012300206743612435,17
2022-01-02,2021-12-29,6m,score_quality,0.046856624181633354,17
2022-01-02,2021-12-29,6m,score_growth,-0.15441176470588236,17
2022-01-02,2021-12-29,6m,score_low_risk,0.1519607843137255,17
2022-01-02,2021-12-29,6m,score_liquidity,0.11519607843137256,17
2022-02-01,2022-01-31,1m,score_momentum,0.577717190274766,13
2022-02-01,2022-01-31,1m,score_value,0.2929215034631449,13
2022-02-01,2022-01-31,1m,score_quality,0.15022039218474323,13
2022-02-01,2022-01-31,1m,score_growth,-0.17032967032967034,13
2022-02-01,2022-01-31,1m,score_low_risk,0.11019325559678173,13
2022-02-01,2022-01-31,1m,score_liquidity,-0.010989010989010988,13
2022-02-01,2022-01-31,3m,score_momentum,-0.17881722556123708,13
2022-02-01,2022-01-31,3m,score_value,-0.22875774556169406,13
2022-02-01,2022-01-31,3m,score_quality,-0.008345577343596845,13
2022-02-01,2022-01-31,3m,score_growth,-0.5054945054945055,13
2022-02-01,2022-01-31,3m,score_low_risk,0.42424403404760963,13
2022-02-01,2022-01-31,3m,score_liquidity,-0.06043956043956044,13
2022-02-01,2022-01-31,6m,score_momentum,-0.26960135546155745,13
2022-02-01,2022-01-31,6m,score_value,-0.10321995836320341,13
2022-02-01,2022-01-31,6m,score_quality,0.09458320989409758,13
2022-02-01,2022-01-31,6m,score_growth,-0.4450549450549451,13
2022-02-01,2022-01-31,6m,score_low_risk,0.07438044752782767,13
2022-02-01,2022-01-31,6m,score_liquidity,0.14835164835164835,13
2022-03-01,2022-02-28,1m,score_momentum,-0.08333333333333334,9
2022-03-01,2022-02-28,1m,score_value,-0.08257228238447704,9
2022-03-01,2022-02-28,1m,score_quality,-0.20110550732501734,9
2022-03-01,2022-02-28,1m,score_growth,0.016666666666666666,9
2022-03-01,2022-02-28,1m,score_low_risk,0.8666666666666667,9
2022-03-01,2022-02-28,1m,score_liquidity,0.3,9
2022-03-01,2022-02-28,3m,score_momentum,-0.09999999999999999,9
2022-03-01,2022-02-28,3m,score_value,-0.1926686588971131,9
2022-03-01,2022-02-28,3m,score_quality,-0.026231153129350083,9
2022-03-01,2022-02-28,3m,score_growth,0.0,9
2022-03-01,2022-02-28,3m,score_low_risk,0.6833333333333333,9
2022-03-01,2022-02-28,3m,score_liquidity,0.049999999999999996,9
2022-03-01,2022-02-28,6m,score_momentum,-0.049999999999999996,9
2022-03-01,2022-02-28,6m,score_value,-0.1926686588971131,9
2022-03-01,2022-02-28,6m,score_quality,-0.07869345938805025,9
2022-03-01,2022-02-28,6m,score_growth,-0.016666666666666666,9
2022-03-01,2022-02-28,6m,score_low_risk,0.8333333333333333,9
2022-03-01,2022-02-28,6m,score_liquidity,0.06666666666666667,9
2022-04-03,2022-03-31,1m,score_momentum,-0.39090909090909093,11
2022-04-03,2022-03-31,1m,score_value,0.11927107455535572,11
2022-04-03,2022-03-31,1m,score_quality,0.49543369430686224,11
2022-04-03,2022-03-31,1m,score_growth,-0.7818181818181819,11
2022-04-03,2022-03-31,1m,score_low_risk,0.15489789617658978,11
2022-04-03,2022-03-31,1m,score_liquidity,-0.41818181818181827,11
2022-04-03,2022-03-31,3m,score_momentum,-0.11818181818181818,11
2022-04-03,2022-03-31,3m,score_value,-0.05504818825631804,11
2022-04-03,2022-03-31,3m,score_quality,0.0,11
2022-04-03,2022-03-31,3m,score_growth,-0.43636363636363645,11
2022-04-03,2022-03-31,3m,score_low_risk,-0.4510262271024232,11
2022-04-03,2022-03-31,3m,score_liquidity,0.19090909090909092,11
2022-04-03,2022-03-31,6m,score_momentum,-0.08181818181818183,11
2022-04-03,2022-03-31,6m,score_value,0.21101805498255247,11
2022-04-03,2022-03-31,6m,score_quality,0.3027650354097492,11
2022-04-03,2022-03-31,6m,score_growth,0.10000000000000002,11
2022-04-03,2022-03-31,6m,score_low_risk,-0.33257489473208984,11
2022-04-03,2022-03-31,6m,score_liquidity,0.018181818181818184,11
2022-05-08,2022-04-28,1m,score_momentum,-0.27272727272727276,11
2022-05-08,2022-04-28,1m,score_value,0.1885182008473982,11
2022-05-08,2022-04-28,1m,score_quality,0.13026778945578593,11
2022-05-08,2022-04-28,1m,score_growth,-0.3454545454545455,11
2022-05-08,2022-04-28,1m,score_low_risk,-0.15034207570080774,11
2022-05-08,2022-04-28,1m,score_liquidity,-0.6090909090909091,11
2022-05-08,2022-04-28,3m,score_momentum,0.009090909090909092,11
2022-05-08,2022-04-28,3m,score_value,-0.059774063683321374,11
2022-05-08,2022-04-28,3m,score_quality,-0.12096294735180121,11
2022-05-08,2022-04-28,3m,score_growth,-0.02727272727272728,11
2022-05-08,2022-04-28,3m,score_low_risk,-0.6514823280368335,11
2022-05-08,2022-04-28,3m,score_liquidity,-0.03636363636363637,11
2022-05-08,2022-04-28,6m,score_momentum,-0.14545454545454548,11
2022-05-08,2022-04-28,6m,score_value,-0.02758802939230218,11
2022-05-08,2022-04-28,6m,score_quality,0.13026778945578593,11
2022-05-08,2022-04-28,6m,score_growth,-0.009090909090909092,11
2022-05-08,2022-04-28,6m,score_low_risk,-0.514807713763372,11
2022-05-08,2022-04-28,6m,score_liquidity,-0.13636363636363638,11
2022-06-01,2022-05-31,1m,score_momentum,,2
2022-06-01,2022-05-31,1m,score_value,,2
2022-06-01,2022-05-31,1m,score_quality,,2
2022-06-01,2022-05-31,1m,score_growth,,2
2022-06-01,2022-05-31,1m,score_low_risk,,2
2022-06-01,2022-05-31,1m,score_liquidity,,2
2022-06-01,2022-05-31,3m,score_momentum,,2
2022-06-01,2022-05-31,3m,score_value,,2
2022-06-01,2022-05-31,3m,score_quality,,2
2022-06-01,2022-05-31,3m,score_growth,,2
2022-06-01,2022-05-31,3m,score_low_risk,,2
2022-06-01,2022-05-31,3m,score_liquidity,,2
2022-06-01,2022-05-31,6m,score_momentum,,2
2022-06-01,2022-05-31,6m,score_value,,2
2022-06-01,2022-05-31,6m,score_quality,,2
2022-06-01,2022-05-31,6m,score_growth,,2
2022-06-01,2022-05-31,6m,score_low_risk,,2
2022-06-01,2022-05-31,6m,score_liquidity,,2
2022-07-03,2022-06-29,1m,score_momentum,,3
2022-07-03,2022-06-29,1m,score_value,,3
2022-07-03,2022-06-29,1m,score_quality,,3
2022-07-03,2022-06-29,1m,score_growth,,3
2022-07-03,2022-06-29,1m,score_low_risk,,3
2022-07-03,2022-06-29,1m,score_liquidity,,3
2022-07-03,2022-06-29,3m,score_momentum,,3
2022-07-03,2022-06-29,3m,score_value,,3
2022-07-03,2022-06-29,3m,score_quality,,3
2022-07-03,2022-06-29,3m,score_growth,,3
2022-07-03,2022-06-29,3m,score_low_risk,,3
2022-07-03,2022-06-29,3m,score_liquidity,,3
2022-07-03,2022-06-29,6m,score_momentum,,3
2022-07-03,2022-06-29,6m,score_value,,3
2022-07-03,2022-06-29,6m,score_quality,,3
2022-07-03,2022-06-29,6m,score_growth,,3
2022-07-03,2022-06-29,6m,score_low_risk,,3
2022-07-03,2022-06-29,6m,score_liquidity,,3
2022-08-01,2022-07-31,1m,score_momentum,-0.8999999999999998,5
2022-08-01,2022-07-31,1m,score_value,-0.35355339059327373,5
2022-08-01,2022-07-31,1m,score_quality,,5
2022-08-01,2022-07-31,1m,score_growth,-0.8999999999999998,5
2022-08-01,2022-07-31,1m,score_low_risk,-0.6,5
2022-08-01,2022-07-31,1m,score_liquidity,0.09999999999999999,5
2022-08-01,2022-07-31,3m,score_momentum,-0.49999999999999994,5
2022-08-01,2022-07-31,3m,score_value,0.0,5
2022-08-01,2022-07-31,3m,score_quality,,5
2022-08-01,2022-07-31,3m,score_growth,-0.6,5
2022-08-01,2022-07-31,3m,score_low_risk,0.0,5
2022-08-01,2022-07-31,3m,score_liquidity,0.49999999999999994,5
2022-08-01,2022-07-31,6m,score_momentum,0.0,5
2022-08-01,2022-07-31,6m,score_value,0.7071067811865475,5
2022-08-01,2022-07-31,6m,score_quality,,5
2022-08-01,2022-07-31,6m,score_growth,-0.7,5
2022-08-01,2022-07-31,6m,score_low_risk,-0.49999999999999994,5
2022-08-01,2022-07-31,6m,score_liquidity,0.49999999999999994,5
2022-09-01,2022-08-31,1m,score_momentum,-0.05882560647712125,9
2022-09-01,2022-08-31,1m,score_value,0.0,9
2022-09-01,2022-08-31,1m,score_quality,0.20889318714683738,9
2022-09-01,2022-08-31,1m,score_growth,-0.04184137043778616,9
2022-09-01,2022-08-31,1m,score_low_risk,-0.02510482226267169,9
2022-09-01,2022-08-31,1m,score_liquidity,-0.26666666666666666,9
2022-09-01,2022-08-31,3m,score_momentum,-0.4033755872716886,9
2022-09-01,2022-08-31,3m,score_value,-0.6102571532587293,9
2022-09-01,2022-08-31,3m,score_quality,-0.6266795614405122,9
2022-09-01,2022-08-31,3m,score_growth,-0.5272012675161055,9
2022-09-01,2022-08-31,3m,score_low_risk,0.20920685218893076,9
2022-09-01,2022-08-31,3m,score_liquidity,0.26666666666666666,9
2022-09-01,2022-08-31,6m,score_momentum,-0.4285865614761691,9
2022-09-01,2022-08-31,6m,score_value,-0.35598333940092547,9
2022-09-01,2022-08-31,6m,score_quality,-0.3133397807202561,9
2022-09-01,2022-08-31,6m,score_growth,-0.4435185266405332,9
2022-09-01,2022-08-31,6m,score_low_risk,-0.31799441532717476,9
2022-09-01,2022-08-31,6m,score_liquidity,0.2333333333333333,9
2022-10-02,2022-09-29,1m,score_momentum,-0.6200636545536659,10
2022-10-02,2022-09-29,1m,score_value,-0.2813874297663251,10
2022-10-02,2022-09-29,1m,score_quality,-0.43316048316960803,10
2022-10-02,2022-09-29,1m,score_growth,-0.4545454545454545,10
2022-10-02,2022-09-29,1m,score_low_risk,0.5515151515151515,10
2022-10-02,2022-09-29,1m,score_liquidity,0.34545454545454546,10
2022-10-02,2022-09-29,3m,score_momentum,-0.37690143708164003,10
2022-10-02,2022-09-29,3m,score_value,-0.26888132177671065,10
2022-10-02,2022-09-29,3m,score_quality,-0.49781130155313164,10
2022-10-02,2022-09-29,3m,score_growth,-0.5151515151515151,10
2022-10-02,2022-09-29,3m,score_low_risk,-0.07878787878787878,10
2022-10-02,2022-09-29,3m,score_liquidity,0.6727272727272726,10
2022-10-02,2022-09-29,6m,score_momentum,0.06079055436800646,10
2022-10-02,2022-09-29,6m,score_value,-0.012506107989614448,10
2022-10-02,2022-09-29,6m,score_quality,-0.08404606389858067,10
2022-10-02,2022-09-29,6m,score_growth,0.2606060606060606,10
2022-10-02,2022-09-29,6m,score_low_risk,-0.4424242424242424,10
2022-10-02,2022-09-29,6m,score_liquidity,0.19999999999999998,10
2022-11-01,2022-10-31,1m,score_momentum,-0.006017300162277876,20
2022-11-01,2022-10-31,1m,score_value,0.20695076551698638,20
2022-11-01,2022-10-31,1m,score_quality,0.03397537786351307,20
2022-11-01,2022-10-31,1m,score_growth,0.218127130882573,20
2022-11-01,2022-10-31,1m,score_low_risk,-0.1582520999627809,20
2022-11-01,2022-10-31,1m,score_liquidity,0.17142857142857143,20
2022-11-01,2022-10-31,3m,score_momentum,0.25648741941709446,20
2022-11-01,2022-10-31,3m,score_value,-0.030211790586421365,20
2022-11-01,2022-10-31,3m,score_quality,-0.088335982445134,20
2022-11-01,2022-10-31,3m,score_growth,0.08273787723132078,20
2022-11-01,2022-10-31,3m,score_low_risk,-0.16880223996029958,20
2022-11-01,2022-10-31,3m,score_liquidity,0.47218045112781953,20
2022-11-01,2022-10-31,6m,score_momentum,0.07371192698790398,20
2022-11-01,2022-10-31,6m,score_value,-0.19939781787038102,20
2022-11-01,2022-10-31,6m,score_quality,-0.31181846794735335,20
2022-11-01,2022-10-31,6m,score_growth,0.13764574121210643,20
2022-11-01,2022-10-31,6m,score_low_risk,-0.22984233566022935,20
2022-11-01,2022-10-31,6m,score_liquidity,-0.06466165413533834,20
2022-12-01,2022-11-30,1m,score_momentum,0.12937195348897432,20
2022-12-01,2022-11-30,1m,score_value,-0.09290125605324569,20
2022-12-01,2022-11-30,1m,score_quality,-0.21895243512041754,20
2022-12-01,2022-11-30,1m,score_growth,-0.07368421052631578,20
2022-12-01,2022-11-30,1m,score_low_risk,0.23192797386243624,20
2022-12-01,2022-11-30,1m,score_liquidity,0.048120300751879695,20
2022-12-01,2022-11-30,3m,score_momentum,0.39037234802777715,20
2022-12-01,2022-11-30,3m,score_value,-0.20241899692902318,20
2022-12-01,2022-11-30,3m,score_quality,-0.2234824855022193,20
2022-12-01,2022-11-30,3m,score_growth,0.27518796992481204,20
2022-12-01,2022-11-30,3m,score_low_risk,0.01731929674946764,20
2022-12-01,2022-11-30,3m,score_liquidity,0.26315789473684204,20
2022-12-01,2022-11-30,6m,score_momentum,0.27303499486335864,20
2022-12-01,2022-11-30,6m,score_value,-0.42447565773922025,20
2022-12-01,2022-11-30,6m,score_quality,-0.42431471909542995,20
2022-12-01,2022-11-30,6m,score_growth,0.10075187969924812,20
2022-12-01,2022-11-30,6m,score_low_risk,-0.27861477379578375,20
2022-12-01,2022-11-30,6m,score_liquidity,0.23609022556390977,20
2023-01-02,2022-12-29,1m,score_momentum,0.32857142857142857,21
2023-01-02,2022-12-29,1m,score_value,-0.14532514331761984,21
2023-01-02,2022-12-29,1m,score_quality,-0.06451654344593885,21
2023-01-02,2022-12-29,1m,score_growth,0.20779220779220778,21
2023-01-02,2022-12-29,1m,score_low_risk,-0.5355868648932057,21
2023-01-02,2022-12-29,1m,score_liquidity,0.2961038961038961,21
2023-01-02,2022-12-29,3m,score_momentum,0.4142857142857143,21
2023-01-02,2022-12-29,3m,score_value,-0.059954767646731064,21
2023-01-02,2022-12-29,3m,score_quality,0.007820187084356226,21
2023-01-02,2022-12-29,3m,score_growth,0.2324675324675325,21
2023-01-02,2022-12-29,3m,score_low_risk,-0.5355868648932057,21
2023-01-02,2022-12-29,3m,score_liquidity,-0.00909090909090909,21
2023-01-02,2022-12-29,6m,score_momentum,0.2857142857142857,21
2023-01-02,2022-12-29,6m,score_value,-0.4053463638724643,21
2023-01-02,2022-12-29,6m,score_quality,-0.3636386994225645,21
2023-01-02,2022-12-29,6m,score_growth,0.16103896103896104,21
2023-01-02,2022-12-29,6m,score_low_risk,-0.5063375822230671,21
2023-01-02,2022-12-29,6m,score_liquidity,0.13116883116883118,21
2023-02-01,2023-01-31,1m,score_momentum,0.4072152335830871,23
2023-02-01,2023-01-31,1m,score_value,0.09266641554040546,23
2023-02-01,2023-01-31,1m,score_quality,0.08025791498080881,23
2023-02-01,2023-01-31,1m,score_growth,0.366600790513834,23
2023-02-01,2023-01-31,1m,score_low_risk,-0.20909542841302298,23
2023-02-01,2023-01-31,1m,score_liquidity,-0.023715415019762844,23
2023-02-01,2023-01-31,3m,score_momentum,0.22881147226816667,23
2023-02-01,2023-01-31,3m,score_value,-0.07928677265489238,23
2023-02-01,2023-01-31,3m,score_quality,-0.23185619883344769,23
2023-02-01,2023-01-31,3m,score_growth,0.05335968379446641,23
2023-02-01,2023-01-31,3m,score_low_risk,-0.31537324663713634,23
2023-02-01,2023-01-31,3m,score_liquidity,-0.1956521739130435,23
2023-02-01,2023-01-31,6m,score_momentum,0.19866568434514686,23
2023-02-01,2023-01-31,6m,score_value,-0.4162555564381849,23
2023-02-01,2023-01-31,6m,score_quality,-0.38989493265368225,23
2023-02-01,2023-01-31,6m,score_growth,0.06225296442687748,23
2023-02-01,2023-01-31,6m,score_low_risk,-0.3618388973955859,23
2023-02-01,2023-01-31,6m,score_liquidity,-0.07707509881422926,23
2023-03-01,2023-02-28,1m,score_momentum,0.28805423345781905,22
2023-03-01,2023-02-28,1m,score_value,0.0819904692564526,22
2023-03-01,2023-02-28,1m,score_quality,-0.019785202017413996,22
2023-03-01,2023-02-28,1m,score_growth,0.18079098930559603,22
2023-03-01,2023-02-28,1m,score_low_risk,-0.09440367819737536,22
2023-03-01,2023-02-28,1m,score_liquidity,-0.32919254658385094,22
2023-03-01,2023-02-28,3m,score_momentum,0.2925727312375495,22
2023-03-01,2023-02-28,3m,score_value,-0.343229067852874,22
2023-03-01,2023-02-28,3m,score_quality,-0.5692485266153112,22
2023-03-01,2023-02-28,3m,score_growth,0.13446329829603706,22
2023-03-01,2023-02-28,3m,score_low_risk,0.03448278065892154,22
2023-03-01,2023-02-28,3m,score_liquidity,-0.04347826086956522,22
2023-03-01,2023-02-28,6m,score_momentum,0.5055069391073491,22
2023-03-01,2023-02-28,6m,score_value,-0.1656772930492456,22
2023-03-01,2023-02-28,6m,score_quality,-0.20972314138458836,22
2023-03-01,2023-02-28,6m,score_growth,0.39209045805651144,22
2023-03-01,2023-02-28,6m,score_low_risk,-0.019785202017413996,22
2023-03-01,2023-02-28,6m,score_liquidity,-0.1078486730660644,22
2023-04-02,2023-03-30,1m,score_momentum,-0.047995482778091486,22
2023-04-02,2023-03-30,1m,score_value,-0.3234226965516347,22
2023-04-02,2023-03-30,1m,score_quality,-0.4582752973602662,22
2023-04-02,2023-03-30,1m,score_growth,0.051383399209486175,22
2023-04-02,2023-03-30,1m,score_low_risk,-0.16384183405819644,22
2023-04-02,2023-03-30,1m,score_liquidity,-0.012987012987012988,22
2023-04-02,2023-03-30,3m,score_momentum,0.06832298136645965,22
2023-04-02,2023-03-30,3m,score_value,-0.5046753461077171,22
2023-04-02,2023-03-30,3m,score_quality,-0.4435652260869736,22
2023-04-02,2023-03-30,3m,score_growth,0.031055900621118016,22
2023-04-02,2023-03-30,3m,score_low_risk,0.03559322601953922,22
2023-04-02,2023-03-30,3m,score_liquidity,-0.026538678712591763,22
2023-04-02,2023-03-30,6m,score_momentum,0.101072840203275,22
2023-04-02,2023-03-30,6m,score_value,-0.3035981880064382,22
2023-04-02,2023-03-30,6m,score_quality,-0.19292824246895157,22
2023-04-02,2023-03-30,6m,score_growth,0.016374929418407683,22
2023-04-02,2023-03-30,6m,score_low_risk,0.36440683781909206,22
2023-04-02,2023-03-30,6m,score_liquidity,-0.1078486730660644,22
2023-05-01,2023-04-30,1m,score_momentum,0.004519774732639901,22
2023-05-01,2023-04-30,1m,score_value,-0.4396625970675026,22
2023-05-01,2023-04-30,1m,score_quality,-0.19394986865491892,22
2023-05-01,2023-04-30,1m,score_growth,-0.11239763227079606,22
2023-05-01,2023-04-30,1m,score_low_risk,0.35809094904364175,22
2023-05-01,2023-04-30,1m,score_liquidity,-0.03896103896103897,22
2023-05-01,2023-04-30,3m,score_momentum,-0.16666669326609637,22
2023-05-01,2023-04-30,3m,score_value,-0.406234641878092,22
2023-05-01,2023-04-30,3m,score_quality,-0.11761391451960099,22
2023-05-01,2023-04-30,3m,score_growth,-0.262637683446835,22
2023-05-01,2023-04-30,3m,score_low_risk,0.1581474222905673,22
2023-05-01,2023-04-30,3m,score_liquidity,0.009599096555618296,22
2023-05-01,2023-04-30,6m,score_momentum,0.21412432795881536,22
2023-05-01,2023-04-30,6m,score_value,-0.3654412050367773,22
2023-05-01,2023-04-30,6m,score_quality,-0.14192832954048004,22
2023-05-01,2023-04-30,6m,score_growth,0.06495340558362588,22
2023-05-01,2023-04-30,6m,score_low_risk,0.4157017957352055,22
2023-05-01,2023-04-30,6m,score_liquidity,-0.1394692264257482,22
2023-06-01,2023-05-31,1m,score_momentum,-0.16657255787690575,22
2023-06-01,2023-05-31,1m,score_value,-0.3337108876571667,22
2023-06-01,2023-05-31,1m,score_quality,-0.3042129135170448,22
2023-06-01,2023-05-31,1m,score_growth,0.03557312252964427,22
2023-06-01,2023-05-31,1m,score_low_risk,-0.12489408273765307,22
2023-06-01,2023-05-31,1m,score_liquidity,0.08413325804630155,22
2023-06-01,2023-05-31,3m,score_momentum,-0.02089215132693394,22
2023-06-01,2023-05-31,3m,score_value,0.10859744140707797,22
2023-06-01,2023-05-31,3m,score_quality,0.16171913246445133,22
2023-06-01,2023-05-31,3m,score_growth,0.025409373235460195,22
2023-06-01,2023-05-31,3m,score_low_risk,0.0864651342029906,22
2023-06-01,2023-05-31,3m,score_liquidity,0.25578769057029926,22
2023-06-01,2023-05-31,6m,score_momentum,-0.09090909090909091,22
2023-06-01,2023-05-31,6m,score_value,-0.10011326629715002,22
2023-06-01,2023-05-31,6m,score_quality,-0.3240037164410162,22
2023-06-01,2023-05-31,6m,score_growth,0.011857707509881424,22
2023-06-01,2023-05-31,6m,score_low_risk,0.39446185407638834,22
2023-06-01,2023-05-31,6m,score_liquidity,-0.04686617730095992,22
2023-07-04,2023-06-26,1m,score_momentum,0.19269865501021705,20
2023-07-04,2023-06-26,1m,score_value,0.11835698944907698,20
2023-07-04,2023-06-26,1m,score_quality,0.23945810288394392,20
2023-07-04,2023-06-26,1m,score_growth,0.25112781954887214,20
2023-07-04,2023-06-26,1m,score_low_risk,0.3125003543925683,20
2023-07-04,2023-06-26,1m,score_liquidity,-0.11879699248120301,20
2023-07-04,2023-06-26,3m,score_momentum,0.1535567407112667,20
2023-07-04,2023-06-26,3m,score_value,0.22163665540145627,20
2023-07-04,2023-06-26,3m,score_quality,0.2771087479914822,20
2023-07-04,2023-06-26,3m,score_growth,0.0781954887218045,20
2023-07-04,2023-06-26,3m,score_low_risk,0.42545228971518334,20
2023-07-04,2023-06-26,3m,score_liquidity,-0.060150375939849614,20
2023-07-04,2023-06-26,6m,score_momentum,0.20775323743289026,20
2023-07-04,2023-06-26,6m,score_value,-0.091971673329856,20
2023-07-04,2023-06-26,6m,score_quality,-0.155120657843058,20
2023-07-04,2023-06-26,6m,score_growth,0.2556390977443609,20
2023-07-04,2023-06-26,6m,score_low_risk,0.42545228971518334,20
2023-07-04,2023-06-26,6m,score_liquidity,-0.31729323308270674,20
2023-08-01,2023-07-31,1m,score_momentum,-0.0011299436831599752,22
2023-08-01,2023-07-31,1m,score_value,-0.18645635154769985,22
2023-08-01,2023-07-31,1m,score_quality,-0.14649342356475623,22
2023-08-01,2023-07-31,1m,score_growth,0.32655372443323283,22
2023-08-01,2023-07-31,1m,score_low_risk,0.05477131564088086,22
2023-08-01,2023-07-31,1m,score_liquidity,-0.23658949745906271,22
2023-08-01,2023-07-31,3m,score_momentum,-0.08531074807857814,22
2023-08-01,2023-07-31,3m,score_value,-0.06460797591622425,22
2023-08-01,2023-07-31,3m,score_quality,-0.041289652201649436,22
2023-08-01,2023-07-31,3m,score_growth,0.13220341092971713,22
2023-08-01,2023-07-31,3m,score_low_risk,-0.06493506493506496,22
2023-08-01,2023-07-31,3m,score_liquidity,-0.18577075098814233,22
2023-08-01,2023-07-31,6m,score_momentum,0.002824859207899938,22
2023-08-01,2023-07-31,6m,score_value,0.1008791202902449,22
2023-08-01,2023-07-31,6m,score_quality,-0.13800924845482826,22
2023-08-01,2023-07-31,6m,score_growth,0.02937853576215936,22
2023-08-01,2023-07-31,6m,score_low_risk,-0.02766798418972332,22
2023-08-01,2023-07-31,6m,score_liquidity,-0.16544325239977417,22
2023-09-03,2023-08-31,1m,score_momentum,-0.11879699248120301,20
2023-09-03,2023-08-31,1m,score_value,0.18346704046297058,20
2023-09-03,2023-08-31,1m,score_quality,0.15199402346396812,20
2023-09-03,2023-08-31,1m,score_growth,-0.04210526315789473,20
2023-09-03,2023-08-31,1m,score_low_risk,0.3362166465672763,20
2023-09-03,2023-08-31,1m,score_liquidity,-0.060150375939849614,20
2023-09-03,2023-08-31,3m,score_momentum,-0.1263157894736842,20
2023-09-03,2023-08-31,3m,score_value,0.040015445039248726,20
2023-09-03,2023-08-31,3m,score_quality,0.15274646912468082,20
2023-09-03,2023-08-31,3m,score_growth,0.1518796992481203,20
2023-09-03,2023-08-31,3m,score_low_risk,0.3550207095743947,20
2023-09-03,2023-08-31,3m,score_liquidity,-0.19999999999999998,20
2023-09-03,2023-08-31,6m,score_momentum,-0.1969924812030075,20
2023-09-03,2023-08-31,6m,score_value,-0.09362104122390269,20
2023-09-03,2023-08-31,6m,score_quality,-0.1346877732675757,20
2023-09-03,2023-08-31,6m,score_growth,0.12481203007518797,20
2023-09-03,2023-08-31,6m,score_low_risk,0.1910492801523226,20
2023-09-03,2023-08-31,6m,score_liquidity,-0.5338345864661653,20
2023-10-01,2023-09-27,1m,score_momentum,0.21441157892974216,19
2023-10-01,2023-09-27,1m,score_value,-0.10026420125303973,19
2023-10-01,2023-09-27,1m,score_quality,0.03174647611626639,19
2023-10-01,2023-09-27,1m,score_growth,0.16140350877192983,19
2023-10-01,2023-09-27,1m,score_low_risk,-0.041264282804444996,19
2023-10-01,2023-09-27,1m,score_liquidity,-0.01754385964912281,19
2023-10-01,2023-09-27,3m,score_momentum,0.08084371008826344,19
2023-10-01,2023-09-27,3m,score_value,-0.3280574304156475,19
2023-10-01,2023-09-27,3m,score_quality,-0.25838104172405696,19
2023-10-01,2023-09-27,3m,score_growth,0.3877192982456141,19
2023-10-01,2023-09-27,3m,score_low_risk,-0.15188767925891455,19
2023-10-01,2023-09-27,3m,score_liquidity,-0.11228070175438597,19
2023-10-01,2023-09-27,6m,score_momentum,-0.11335694131941286,19
2023-10-01,2023-09-27,6m,score_value,0.046614058477290395,19
2023-10-01,2023-09-27,6m,score_quality,-0.08818465587851773,19
2023-10-01,2023-09-27,6m,score_growth,0.3245614035087719,19
2023-10-01,2023-09-27,6m,score_low_risk,0.0456541001240668,19
2023-10-01,2023-09-27,6m,score_liquidity,-0.3649122807017544,19
2023-11-01,2023-10-31,1m,score_momentum,-0.28051948051948056,21
2023-11-01,2023-10-31,1m,score_value,0.19222420926502984,21
2023-11-01,2023-10-31,1m,score_quality,-0.1509436837544109,21
2023-11-01,2023-10-31,1m,score_growth,-0.014285714285714285,21
2023-11-01,2023-10-31,1m,score_low_risk,-0.07474816682368769,21
2023-11-01,2023-10-31,1m,score_liquidity,-0.12077922077922078,21
2023-11-01,2023-10-31,3m,score_momentum,0.11428571428571428,21
2023-11-01,2023-10-31,3m,score_value,0.1837244993315421,21
2023-11-01,2023-10-31,3m,score_quality,-0.10084599561178312,21
2023-11-01,2023-10-31,3m,score_growth,0.37922077922077924,21
2023-11-01,2023-10-31,3m,score_low_risk,-0.2814430976926676,21
2023-11-01,2023-10-31,3m,score_liquidity,-0.07272727272727272,21
2023-11-01,2023-10-31,6m,score_momentum,-0.12987012987012986,21
2023-11-01,2023-10-31,6m,score_value,0.12095741059194054,21
2023-11-01,2023-10-31,6m,score_quality,-0.11190652416275289,21
2023-11-01,2023-10-31,6m,score_growth,0.2831168831168831,21
2023-11-01,2023-10-31,6m,score_low_risk,-0.2801431295739948,21
2023-11-01,2023-10-31,6m,score_liquidity,-0.18961038961038962,21
2023-12-03,2023-11-30,1m,score_momentum,0.15217391304347824,23
2023-12-03,2023-11-30,1m,score_value,-0.36860957700576913,23
2023-12-03,2023-11-30,1m,score_quality,-0.17066547802560092,23
2023-12-03,2023-11-30,1m,score_growth,-0.13145540307415193,23
2023-12-03,2023-11-30,1m,score_low_risk,-0.13840832140814763,23
2023-12-03,2023-11-30,1m,score_liquidity,-0.2737154150197629,23
2023-12-03,2023-11-30,3m,score_momentum,-0.15513833992094864,23
2023-12-03,2023-11-30,3m,score_value,-0.18827901574822975,23
2023-12-03,2023-11-30,3m,score_quality,-0.20826135144573332,23
2023-12-03,2023-11-30,3m,score_growth,-0.05831480286748093,23
2023-12-03,2023-11-30,3m,score_low_risk,-0.08996540891529596,23
2023-12-03,2023-11-30,3m,score_liquidity,-0.4150197628458498,23
2023-12-03,2023-11-30,6m,score_momentum,0.05039525691699605,23
2023-12-03,2023-11-30,6m,score_value,0.11525259011501136,23
2023-12-03,2023-11-30,6m,score_quality,-0.1122929377153954,23
2023-12-03,2023-11-30,6m,score_growth,0.04101803930509251,23
2023-12-03,2023-11-30,6m,score_low_risk,0.19327733453780613,23
2023-12-03,2023-11-30,6m,score_liquidity,-0.09881422924901187,23
2024-01-02,2023-12-31,1m,score_momentum,0.4211896704499967,21
2024-01-02,2023-12-31,1m,score_value,0.08107415628865204,21
2024-01-02,2023-12-31,1m,score_quality,-0.13450295237048068,21
2024-01-02,2023-12-31,1m,score_growth,0.5051948051948052,21
2024-01-02,2023-12-31,1m,score_low_risk,-0.26826893262887197,21
2024-01-02,2023-12-31,1m,score_liquidity,0.20779220779220778,21
2024-01-02,2023-12-31,3m,score_momentum,-0.014949633364737541,21
2024-01-02,2023-12-31,3m,score_value,0.2693754225074568,21
2024-01-02,2023-12-31,3m,score_quality,0.037037044855639606,21
2024-01-02,2023-12-31,3m,score_growth,0.2350649350649351,21
2024-01-02,2023-12-31,3m,score_low_risk,-0.14160442448691063,21
2024-01-02,2023-12-31,3m,score_liquidity,0.0012987012987012987,21
2024-01-02,2023-12-31,6m,score_momentum,0.01949952178009244,21
2024-01-02,2023-12-31,6m,score_value,0.2314536397272808,21
2024-01-02,2023-12-31,6m,score_quality,-0.07342431699451361,21
2024-01-02,2023-12-31,6m,score_growth,0.35194805194805195,21
2024-01-02,2023-12-31,6m,score_low_risk,-0.09288730597077166,21
2024-01-02,2023-12-31,6m,score_liquidity,-0.1155844155844156,21
2024-02-01,2024-01-31,1m,score_momentum,0.1097759070563665,21
2024-02-01,2024-01-31,1m,score_value,-0.30543628892409275,21
2024-02-01,2024-01-31,1m,score_quality,-0.26666701919121616,21
2024-02-01,2024-01-31,1m,score_growth,0.0025974025974025974,21
2024-02-01,2024-01-31,1m,score_low_risk,0.14420267080777138,21
2024-02-01,2024-01-31,1m,score_liquidity,-0.3649350649350649,21
2024-02-01,2024-01-31,3m,score_momentum,0.153296532930784,21
2024-02-01,2024-01-31,3m,score_value,0.11511089261379084,21
2024-02-01,2024-01-31,3m,score_quality,-0.016260184097025374,21
2024-02-01,2024-01-31,3m,score_growth,0.13246753246753248,21
2024-02-01,2024-01-31,3m,score_low_risk,0.20721014408864447,21
2024-02-01,2024-01-31,3m,score_liquidity,-0.18441558441558442,21
2024-02-01,2024-01-31,6m,score_momentum,0.010392985283442981,21
2024-02-01,2024-01-31,6m,score_value,0.0837170128100297,21
2024-02-01,2024-01-31,6m,score_quality,-0.2198376889917831,21
2024-02-01,2024-01-31,6m,score_growth,0.14935064935064934,21
2024-02-01,2024-01-31,6m,score_low_risk,-0.1513478481901384,21
2024-02-01,2024-01-31,6m,score_liquidity,-0.22207792207792207,21
2024-03-03,2024-02-29,1m,score_momentum,-0.1604520030087165,22
2024-03-03,2024-02-29,1m,score_value,0.39580737880475253,22
2024-03-03,2024-02-29,1m,score_quality,0.5043888429077279,22
2024-03-03,2024-02-29,1m,score_growth,-0.4186441346107708,22
2024-03-03,2024-02-29,1m,score_low_risk,0.33022368307426425,22
2024-03-03,2024-02-29,1m,score_liquidity,0.12817617165443254,22
2024-03-03,2024-02-29,3m,score_momentum,-0.033333338653219274,22
2024-03-03,2024-02-29,3m,score_value,0.30280965656409436,22
2024-03-03,2024-02-29,3m,score_quality,0.21002049463385752,22
2024-03-03,2024-02-29,3m,score_growth,-0.16497177774135638,22
2024-03-03,2024-02-29,3m,score_low_risk,0.2753748863992581,22
2024-03-03,2024-02-29,3m,score_liquidity,0.1360813099943535,22
2024-03-03,2024-02-29,6m,score_momentum,-0.01468926788107968,22
2024-03-03,2024-02-29,6m,score_value,0.2829625816956612,22
2024-03-03,2024-02-29,6m,score_quality,-0.25134528198768935,22
2024-03-03,2024-02-29,6m,score_growth,-0.027683620237419392,22
2024-03-03,2024-02-29,6m,score_low_risk,0.07407414808686408,22
2024-03-03,2024-02-29,6m,score_liquidity,0.1643139469226426,22
2024-04-01,2024-03-31,1m,score_momentum,0.11441151037694501,14
2024-04-01,2024-03-31,1m,score_value,-0.033372909878389596,14
2024-04-01,2024-03-31,1m,score_quality,-0.35942864749527137,14
2024-04-01,2024-03-31,1m,score_growth,0.14285714285714285,14
2024-04-01,2024-03-31,1m,score_low_risk,-0.09723905313933007,14
2024-04-01,2024-03-31,1m,score_liquidity,-0.0945054945054945,14
2024-04-01,2024-03-31,3m,score_momentum,-0.14301438797118124,14
2024-04-01,2024-03-31,3m,score_value,-0.02892318856127098,14
2024-04-01,2024-03-31,3m,score_quality,-0.257994796054888,14
2024-04-01,2024-03-31,3m,score_growth,-0.24835164835164836,14
2024-04-01,2024-03-31,3m,score_low_risk,-0.47956533025533227,14
2024-04-01,2024-03-31,3m,score_liquidity,0.0945054945054945,14
2024-04-01,2024-03-31,6m,score_momentum,0.0198019921806251,14
2024-04-01,2024-03-31,6m,score_value,0.04894693448830474,14
2024-04-01,2024-03-31,6m,score_quality,-0.5093743409288815,14
2024-04-01,2024-03-31,6m,score_growth,-0.13406593406593406,14
2024-04-01,2024-03-31,6m,score_low_risk,-0.6055341036403734,14
2024-04-01,2024-03-31,6m,score_liquidity,-0.2087912087912088,14
2024-05-01,2024-04-30,1m,score_momentum,0.16666666666666669,9
2024-05-01,2024-04-30,1m,score_value,0.20920685218893076,9
2024-05-01,2024-04-30,1m,score_quality,0.0,9
2024-05-01,2024-04-30,1m,score_growth,0.26666666666666666,9
2024-05-01,2024-04-30,1m,score_low_risk,0.049999999999999996,9
2024-05-01,2024-04-30,1m,score_liquidity,0.03333333333333333,9
2024-05-01,2024-04-30,3m,score_momentum,0.35,9
2024-05-01,2024-04-30,3m,score_value,0.34309923758984645,9
2024-05-01,2024-04-30,3m,score_quality,-0.1338923854009157,9
2024-05-01,2024-04-30,3m,score_growth,0.35,9
2024-05-01,2024-04-30,3m,score_low_risk,0.08333333333333334,9
2024-05-01,2024-04-30,3m,score_liquidity,0.03333333333333333,9
2024-05-01,2024-04-30,6m,score_momentum,0.5333333333333333,9
2024-05-01,2024-04-30,6m,score_value,-0.18410202992625907,9
2024-05-01,2024-04-30,6m,score_quality,-0.5606743638663345,9
2024-05-01,2024-04-30,6m,score_growth,0.5666666666666667,9
2024-05-01,2024-04-30,6m,score_low_risk,-0.35,9
2024-05-01,2024-04-30,6m,score_liquidity,-0.33333333333333337,9
2024-06-02,2024-05-30,1m,score_momentum,0.006060606060606061,10
2024-06-02,2024-05-30,1m,score_value,0.6253053994807224,10
2024-06-02,2024-05-30,1m,score_quality,-0.2727272727272727,10
2024-06-02,2024-05-30,1m,score_growth,0.406060606060606,10
2024-06-02,2024-05-30,1m,score_low_risk,-0.6200636545536659,10
2024-06-02,2024-05-30,1m,score_liquidity,-0.05454545454545454,10
2024-06-02,2024-05-30,3m,score_momentum,-0.1515151515151515,10
2024-06-02,2024-05-30,3m,score_value,0.5752809675222647,10
2024-06-02,2024-05-30,3m,score_quality,-0.22424242424242422,10
2024-06-02,2024-05-30,3m,score_growth,0.28484848484848485,10
2024-06-02,2024-05-30,3m,score_low_risk,-0.4559291577600484,10
2024-06-02,2024-05-30,3m,score_liquidity,-0.09090909090909088,10
2024-06-02,2024-05-30,6m,score_momentum,-0.3939393939393939,10
2024-06-02,2024-05-30,6m,score_value,0.2626282677819034,10
2024-06-02,2024-05-30,6m,score_quality,-0.2727272727272727,10
2024-06-02,2024-05-30,6m,score_growth,-0.05454545454545454,10
2024-06-02,2024-05-30,6m,score_low_risk,-0.14589733048321551,10
2024-06-02,2024-05-30,6m,score_liquidity,-0.13939393939393938,10
2024-07-01,2024-06-27,1m,score_momentum,-0.11208791208791209,14
2024-07-01,2024-06-27,1m,score_value,-0.119268376199859,14
2024-07-01,2024-06-27,1m,score_quality,-0.2050727866077315,14
2024-07-01,2024-06-27,1m,score_growth,-0.015384615384615385,14
2024-07-01,2024-06-27,1m,score_low_risk,-0.026402656240833464,14
2024-07-01,2024-06-27,1m,score_liquidity,0.14285714285714285,14
2024-07-01,2024-06-27,3m,score_momentum,-0.17362637362637365,14
2024-07-01,2024-06-27,3m,score_value,-0.022503467207520562,14
2024-07-01,2024-06-27,3m,score_quality,-0.19404736797290728,14
2024-07-01,2024-06-27,3m,score_growth,0.1032967032967033,14
2024-07-01,2024-06-27,3m,score_low_risk,0.0198019921806251,14
2024-07-01,2024-06-27,3m,score_liquidity,0.2923076923076923,14
2024-07-01,2024-06-27,6m,score_momentum,-0.15164835164835166,14
2024-07-01,2024-06-27,6m,score_value,0.03375520081128085,14
2024-07-01,2024-06-27,6m,score_quality,-0.2513795448739935,14
2024-07-01,2024-06-27,6m,score_growth,0.01098901098901099,14
2024-07-01,2024-06-27,6m,score_low_risk,0.2486250129345151,14
2024-07-01,2024-06-27,6m,score_liquidity,-0.1164835164835165,14
2024-08-01,2024-07-31,1m,score_momentum,-0.3494505494505495,14
2024-08-01,2024-07-31,1m,score_value,-0.3093969872615047,14
2024-08-01,2024-07-31,1m,score_quality,-0.24449398516922924,14
2024-08-01,2024-07-31,1m,score_growth,-0.07692307692307693,14
2024-08-01,2024-07-31,1m,score_low_risk,0.032967032967032975,14
2024-08-01,2024-07-31,1m,score_liquidity,0.06813186813186813,14
2024-08-01,2024-07-31,3m,score_momentum,-0.2571428571428571,14
2024-08-01,2024-07-31,3m,score_value,-0.4198959112834707,14
2024-08-01,2024-07-31,3m,score_quality,-0.5132171040038777,14
2024-08-01,2024-07-31,3m,score_growth,-0.2087912087912088,14
2024-08-01,2024-07-31,3m,score_low_risk,0.07692307692307693,14
2024-08-01,2024-07-31,3m,score_liquidity,-0.4153846153846154,14
2024-08-01,2024-07-31,6m,score_momentum,-0.21318681318681318,14
2024-08-01,2024-07-31,6m,score_value,-0.32928679358545854,14
2024-08-01,2024-07-31,6m,score_quality,-0.35242376240609624,14
2024-08-01,2024-07-31,6m,score_growth,-0.12087912087912088,14
2024-08-01,2024-07-31,6m,score_low_risk,-0.01098901098901099,14
2024-08-01,2024-07-31,6m,score_liquidity,-0.42857142857142855,14
2024-09-01,2024-08-29,1m,score_momentum,0.29656862745098045,17
2024-09-01,2024-08-29,1m,score_value,-0.20910351464141141,17
2024-09-01,2024-08-29,1m,score_quality,-0.18895719745362533,17
2024-09-01,2024-08-29,1m,score_growth,0.4754901960784314,17
2024-09-01,2024-08-29,1m,score_low_risk,-0.10294117647058824,17
2024-09-01,2024-08-29,1m,score_liquidity,0.18872549019607845,17
2024-09-01,2024-08-29,3m,score_momentum,0.03921568627450981,17
2024-09-01,2024-08-29,3m,score_value,-0.24846417622097117,17
2024-09-01,2024-08-29,3m,score_quality,-0.25889590040723987,17
2024-09-01,2024-08-29,3m,score_growth,0.3357843137254902,17
2024-09-01,2024-08-29,3m,score_low_risk,0.1985294117647059,17
2024-09-01,2024-08-29,3m,score_liquidity,-0.5539215686274511,17
2024-09-01,2024-08-29,6m,score_momentum,-0.15686274509803924,17
2024-09-01,2024-08-29,6m,score_value,-0.1586726669926004,17
2024-09-01,2024-08-29,6m,score_quality,-0.17177927041238666,17
2024-09-01,2024-08-29,6m,score_growth,0.19117647058823534,17
2024-09-01,2024-08-29,6m,score_low_risk,-0.058823529411764705,17
2024-09-01,2024-08-29,6m,score_liquidity,-0.3970588235294118,17
2024-10-01,2024-09-30,1m,score_momentum,-0.1393188854489164,18
2024-10-01,2024-09-30,1m,score_value,-0.015495876037262742,18
2024-10-01,2024-09-30,1m,score_quality,-0.08268743787931924,18
2024-10-01,2024-09-30,1m,score_growth,-0.08152734778121776,18
2024-10-01,2024-09-30,1m,score_low_risk,0.191017062110198,18
2024-10-01,2024-09-30,1m,score_liquidity,-0.7192982456140351,18
2024-10-01,2024-09-30,3m,score_momentum,0.11248710010319916,18
2024-10-01,2024-09-30,3m,score_value,-0.040289277696883126,18
2024-10-01,2024-09-30,3m,score_quality,-0.06201557840948942,18
2024-10-01,2024-09-30,3m,score_growth,0.1496388028895769,18
2024-10-01,2024-09-30,3m,score_low_risk,0.2219928019118517,18
2024-10-01,2024-09-30,3m,score_liquidity,-0.5025799793601652,18
2024-10-01,2024-09-30,6m,score_momentum,0.09597523219814243,18
2024-10-01,2024-09-30,6m,score_value,-0.026859518464588755,18
2024-10-01,2024-09-30,6m,score_quality,-0.0868218097732852,18
2024-10-01,2024-09-30,6m,score_growth,0.2672858617131063,18
2024-10-01,2024-09-30,6m,score_low_risk,-0.03923593708209472,18
2024-10-01,2024-09-30,6m,score_liquidity,-0.2961816305469556,18
2024-11-03,2024-10-31,1m,score_momentum,0.24395604395604395,14
2024-11-03,2024-10-31,1m,score_value,-0.14301438797118124,14
2024-11-03,2024-10-31,1m,score_quality,0.3586360806046546,14
2024-11-03,2024-10-31,1m,score_growth,0.2,14
2024-11-03,2024-10-31,1m,score_low_risk,0.635863971133406,14
2024-11-03,2024-10-31,1m,score_liquidity,0.1076923076923077,14
2024-11-03,2024-10-31,3m,score_momentum,0.14725274725274726,14
2024-11-03,2024-10-31,3m,score_value,0.11221128902354222,14
2024-11-03,2024-10-31,3m,score_quality,0.3740376300784741,14
2024-11-03,2024-10-31,3m,score_growth,0.1956043956043956,14
2024-11-03,2024-10-31,3m,score_low_risk,0.4312433852669466,14
2024-11-03,2024-10-31,3m,score_liquidity,-0.02417582417582418,14
2024-11-03,2024-10-31,6m,score_momentum,0.0989010989010989,14
2024-11-03,2024-10-31,6m,score_value,0.3190320962434044,14
2024-11-03,2024-10-31,6m,score_quality,0.532453567523475,14
2024-11-03,2024-10-31,6m,score_growth,-0.054945054945054944,14
2024-11-03,2024-10-31,6m,score_low_risk,0.1386139452643757,14
2024-11-03,2024-10-31,6m,score_liquidity,0.21318681318681318,14
2024-12-01,2024-11-28,1m,score_momentum,0.07427792446389848,13
2024-12-01,2024-11-28,1m,score_value,-0.022099784804393195,13
2024-12-01,2024-11-28,1m,score_quality,-0.126722243936299,13
2024-12-01,2024-11-28,1m,score_growth,-0.15384615384615383,13
2024-12-01,2024-11-28,1m,score_low_risk,0.699727173039564,13
2024-12-01,2024-11-28,1m,score_liquidity,-0.06043956043956044,13
2024-12-01,2024-11-28,3m,score_momentum,-0.0027510342394036474,13
2024-12-01,2024-11-28,3m,score_value,-0.022099784804393195,13
2024-12-01,2024-11-28,3m,score_quality,-0.15151572644557487,13
2024-12-01,2024-11-28,3m,score_growth,-0.22527472527472525,13
2024-12-01,2024-11-28,3m,score_low_risk,0.23967033092300027,13
2024-12-01,2024-11-28,3m,score_liquidity,-0.24725274725274726,13
2024-12-01,2024-11-28,6m,score_momentum,0.0,13
2024-12-01,2024-11-28,6m,score_value,0.09944903161976938,13
2024-12-01,2024-11-28,6m,score_quality,-0.30303145289114974,13
2024-12-01,2024-11-28,6m,score_growth,-0.09890109890109891,13
2024-12-01,2024-11-28,6m,score_low_risk,0.27272830760203476,13
2024-12-01,2024-11-28,6m,score_liquidity,-0.13736263736263735,13
2025-01-02,2024-12-31,1m,score_momentum,-0.027972027972027972,12
2025-01-02,2024-12-31,1m,score_value,0.08056054385890983,12
2025-01-02,2024-12-31,1m,score_quality,-0.2556921609434964,12
2025-01-02,2024-12-31,1m,score_growth,0.3362527048024062,12
2025-01-02,2024-12-31,1m,score_low_risk,-0.16402440393375392,12
2025-01-02,2024-12-31,1m,score_liquidity,-0.5174825174825175,12
2025-01-02,2024-12-31,3m,score_momentum,-0.2937062937062937,12
2025-01-02,2024-12-31,3m,score_value,0.21015794050150388,12
2025-01-02,2024-12-31,3m,score_quality,0.07355527917552636,12
2025-01-02,2024-12-31,3m,score_growth,-0.1541158230344362,12
2025-01-02,2024-12-31,3m,score_low_risk,-0.028525983292826768,12
2025-01-02,2024-12-31,3m,score_liquidity,-0.1258741258741259,12
2025-01-02,2024-12-31,6m,score_momentum,-0.2867132867132868,12
2025-01-02,2024-12-31,6m,score_value,0.07005264683383464,12
2025-01-02,2024-12-31,6m,score_quality,-0.143607926009361,12
2025-01-02,2024-12-31,6m,score_growth,0.21716320518488735,12
2025-01-02,2024-12-31,6m,score_low_risk,0.24603660590063087,12
2025-01-02,2024-12-31,6m,score_liquidity,-0.14685314685314685,12
2025-02-02,2025-01-30,1m,score_momentum,-0.10545679480617992,17
2025-02-02,2025-01-30,1m,score_value,-0.25061500707938267,17
2025-02-02,2025-01-30,1m,score_quality,0.19914046095284332,17
2025-02-02,2025-01-30,1m,score_growth,-0.2303921568627451,17
2025-02-02,2025-01-30,1m,score_low_risk,0.02820356140165277,17
2025-02-02,2025-01-30,1m,score_liquidity,0.08578431372549021,17
2025-02-02,2025-01-30,3m,score_momentum,0.366646298221486,17
2025-02-02,2025-01-30,3m,score_value,-0.30221221441925555,17
2025-02-02,2025-01-30,3m,score_quality,0.0848190852206555,17
2025-02-02,2025-01-30,3m,score_growth,0.2720588235294118,17
2025-02-02,2025-01-30,3m,score_low_risk,-0.279583130416384,17
2025-02-02,2025-01-30,3m,score_liquidity,0.3651960784313726,17
2025-02-02,2025-01-30,6m,score_momentum,0.13366035620783268,17
2025-02-02,2025-01-30,6m,score_value,-0.1670766713862551,17
2025-02-02,2025-01-30,6m,score_quality,-0.07498498838347804,17
2025-02-02,2025-01-30,6m,score_growth,0.4093137254901961,17
2025-02-02,2025-01-30,6m,score_low_risk,-0.3175966262186116,17
2025-02-02,2025-01-30,6m,score_liquidity,-0.07598039215686275,17
2025-03-02,2025-02-27,1m,score_momentum,0.5416666666666667,17
2025-03-02,2025-02-27,1m,score_value,0.11036176200646736,17
2025-03-02,2025-02-27,1m,score_quality,0.26151057237907216,17
2025-03-02,2025-02-27,1m,score_growth,0.20846110601221615,17
2025-03-02,2025-02-27,1m,score_low_risk,-0.23298594201365333,17
2025-03-02,2025-02-27,1m,score_liquidity,0.37009803921568635,17
2025-03-02,2025-02-27,3m,score_momentum,0.482843137254902,17
2025-03-02,2025-02-27,3m,score_value,-0.10790927840632364,17
2025-03-02,2025-02-27,3m,score_quality,-0.04910996664395722,17
2025-03-02,2025-02-27,3m,score_growth,0.3335377696195458,17
2025-03-02,2025-02-27,3m,score_low_risk,-0.32618031881911463,17
2025-03-02,2025-02-27,3m,score_liquidity,0.10294117647058824,17
2025-03-02,2025-02-27,6m,score_momentum,0.24019607843137256,17
2025-03-02,2025-02-27,6m,score_value,-0.06744329900395228,17
2025-03-02,2025-02-27,6m,score_quality,-0.13014141160648662,17
2025-03-02,2025-02-27,6m,score_growth,0.4561619496267318,17
2025-03-02,2025-02-27,6m,score_low_risk,-0.35193139662062367,17
2025-03-02,2025-02-27,6m,score_liquidity,-0.3357843137254902,17
2025-04-03,2025-03-27,1m,score_momentum,0.12390295920661491,18
2025-04-03,2025-03-27,1m,score_value,-0.1624423437437373,18
2025-04-03,2025-03-27,1m,score_quality,-0.1496388028895769,18
2025-04-03,2025-03-27,1m,score_growth,0.3944244201410575,18
2025-04-03,2025-03-27,1m,score_low_risk,0.002066116804968366,18
2025-04-03,2025-03-27,1m,score_liquidity,-0.3457172342621259,18
2025-04-03,2025-03-27,3m,score_momentum,-0.13732577978733154,18
2025-04-03,2025-03-27,3m,score_value,-0.11691710091109754,18
2025-04-03,2025-03-27,3m,score_quality,-0.3003095975232198,18
2025-04-03,2025-03-27,3m,score_growth,0.3097573980165373,18
2025-04-03,2025-03-27,3m,score_low_risk,-0.1683885196049218,18
2025-04-03,2025-03-27,3m,score_liquidity,-0.2672858617131063,18
2025-04-03,2025-03-27,6m,score_momentum,-0.13216315648705593,18
2025-04-03,2025-03-27,6m,score_value,-0.24418084792052233,18
2025-04-03,2025-03-27,6m,score_quality,0.08771929824561403,18
2025-04-03,2025-03-27,6m,score_growth,0.3830666488804511,18
2025-04-03,2025-03-27,6m,score_low_risk,-0.002066116804968366,18
2025-04-03,2025-03-27,6m,score_liquidity,-0.40144478844169246,18
2025-05-04,2025-04-30,1m,score_momentum,0.021694226452167842,18
2025-05-04,2025-04-30,1m,score_value,-0.19451694664855168,18
2025-05-04,2025-04-30,1m,score_quality,-0.18181827883721619,18
2025-05-04,2025-04-30,1m,score_growth,-0.034055727554179564,18
2025-05-04,2025-04-30,1m,score_low_risk,-0.09602479338512657,18
2025-05-04,2025-04-30,1m,score_liquidity,-0.021671826625386997,18
2025-05-04,2025-04-30,3m,score_momentum,-0.5330581356818384,18
2025-05-04,2025-04-30,3m,score_value,-0.15933834991423915,18
2025-05-04,2025-04-30,3m,score_quality,-0.2830580022806661,18
2025-05-04,2025-04-30,3m,score_growth,-0.27966976264189886,18
2025-05-04,2025-04-30,3m,score_low_risk,-0.0340733137818191,18
2025-05-04,2025-04-30,3m,score_liquidity,-0.564499484004128,18
2025-05-04,2025-04-30,6m,score_momentum,-0.47830604035017665,18
2025-05-04,2025-04-30,6m,score_value,-0.22555688494353335,18
2025-05-04,2025-04-30,6m,score_quality,-0.060950445746566786,18
2025-05-04,2025-04-30,6m,score_growth,-0.30443756449948395,18
2025-05-04,2025-04-30,6m,score_low_risk,0.19204958677025313,18
2025-05-04,2025-04-30,6m,score_liquidity,-0.4716202270381837,18
2025-07-01,2025-06-30,1m,score_momentum,-0.0382034124220396,18
2025-07-01,2025-06-30,1m,score_value,0.2990180722416566,18
2025-07-01,2025-06-30,1m,score_quality,0.3746130030959752,18
2025-07-01,2025-06-30,1m,score_growth,0.16210637162865452,18
2025-07-01,2025-06-30,1m,score_low_risk,0.5152629756966954,18
2025-07-01,2025-06-30,1m,score_liquidity,-0.5273477812177503,18
2025-07-01,2025-06-30,3m,score_momentum,0.06608157824352796,18
2025-07-01,2025-06-30,3m,score_value,0.1231250885700939,18
2025-07-01,2025-06-30,3m,score_quality,0.2528379772961816,18
2025-07-01,2025-06-30,3m,score_growth,0.28291175685510406,18
2025-07-01,2025-06-30,3m,score_low_risk,0.5959668152636477,18
2025-07-01,2025-06-30,3m,score_liquidity,-0.37048503611971106,18
2025-07-01,2025-06-30,6m,score_momentum,-0.04749613436253572,18
2025-07-01,2025-06-30,6m,score_value,0.16347700835357007,18
2025-07-01,2025-06-30,6m,score_quality,0.1331269349845201,18
2025-07-01,2025-06-30,6m,score_growth,0.09499226872507144,18
2025-07-01,2025-06-30,6m,score_low_risk,0.3973112101757651,18
2025-07-01,2025-06-30,6m,score_liquidity,-0.4220846233230134,18
2025-08-03,2025-07-31,1m,score_momentum,-0.3226996294175549,17
2025-08-03,2025-07-31,1m,score_value,0.059040992369339684,17
2025-08-03,2025-07-31,1m,score_quality,0.02450980392156863,17
2025-08-03,2025-07-31,1m,score_growth,-0.07107843137254903,17
2025-08-03,2025-07-31,1m,score_low_risk,0.6155733836360735,17
2025-08-03,2025-07-31,1m,score_liquidity,-0.30637254901960786,17
2025-08-03,2025-07-31,3m,score_momentum,-0.061349739432995244,17
2025-08-03,2025-07-31,3m,score_value,0.10701179866942818,17
2025-08-03,2025-07-31,3m,score_quality,0.36764705882352944,17
2025-08-03,2025-07-31,3m,score_growth,-0.07598039215686275,17
2025-08-03,2025-07-31,3m,score_low_risk,0.45984067502694737,17
2025-08-03,2025-07-31,3m,score_liquidity,-0.5294117647058825,17
2025-08-03,2025-07-31,6m,score_momentum,-0.013496942675258953,17
2025-08-03,2025-07-31,6m,score_value,0.31980537533392334,17
2025-08-03,2025-07-31,6m,score_quality,-0.04656862745098039,17
2025-08-03,2025-07-31,6m,score_growth,0.04166666666666667,17
2025-08-03,2025-07-31,6m,score_low_risk,0.4684243676274503,17
2025-08-03,2025-07-31,6m,score_liquidity,-0.3995098039215687,17
2025-09-01,2025-08-31,1m,score_momentum,-0.42002063983488136,18
2025-09-01,2025-08-31,1m,score_value,-0.0010335929734914904,18
2025-09-01,2025-08-31,1m,score_quality,-0.021694226452167842,18
2025-09-01,2025-08-31,1m,score_growth,-0.08978328173374613,18
2025-09-01,2025-08-31,1m,score_low_risk,0.5193599040077275,18
2025-09-01,2025-08-31,1m,score_liquidity,0.07946336429308565,18
2025-09-01,2025-08-31,3m,score_momentum,0.09803921568627451,18
2025-09-01,2025-08-31,3m,score_value,0.27803650986921097,18
2025-09-01,2025-08-31,3m,score_quality,0.33884315601481196,18
2025-09-01,2025-08-31,3m,score_growth,0.40350877192982454,18
2025-09-01,2025-08-31,3m,score_low_risk,0.27878165821488354,18
2025-09-01,2025-08-31,3m,score_liquidity,-0.38080495356037153,18
2025-09-01,2025-08-31,6m,score_momentum,0.05056759545923632,18
2025-09-01,2025-08-31,6m,score_value,0.1416022373683342,18
2025-09-01,2025-08-31,6m,score_quality,0.1022727818459341,18
2025-09-01,2025-08-31,6m,score_growth,0.32301341589267285,18
2025-09-01,2025-08-31,6m,score_low_risk,0.3376355638380256,18
2025-09-01,2025-08-31,6m,score_liquidity,-0.2115583075335397,18
2025-10-01,2025-09-30,1m,score_momentum,0.5175622596445756,18
2025-10-01,2025-09-30,1m,score_value,0.02091135187681853,18
2025-10-01,2025-09-30,1m,score_quality,0.28438530318634336,18
2025-10-01,2025-09-30,1m,score_growth,0.22187822497420018,18
2025-10-01,2025-09-30,1m,score_low_risk,-0.5136957078252707,18
2025-10-01,2025-09-30,1m,score_liquidity,-0.36429308565531476,18
2025-10-01,2025-09-30,3m,score_momentum,0.33987621441729615,18
2025-10-01,2025-09-30,3m,score_value,-0.20388568079898065,18
2025-10-01,2025-09-30,3m,score_quality,-0.21199631692072865,18
2025-10-01,2025-09-30,3m,score_growth,0.4716202270381837,18
2025-10-01,2025-09-30,3m,score_low_risk,-0.21085296659226407,18
2025-10-01,2025-09-30,3m,score_liquidity,-0.2631578947368421,18
2025-10-01,2025-09-30,6m,score_momentum,0.13223147551797543,18
2025-10-01,2025-09-30,6m,score_value,-0.16519967982686637,18
2025-10-01,2025-09-30,6m,score_quality,-0.06721834438949933,18
2025-10-01,2025-09-30,6m,score_growth,0.4055727554179567,18
2025-10-01,2025-09-30,6m,score_low_risk,0.18708032820195977,18
2025-10-01,2025-09-30,6m,score_liquidity,-0.21775025799793604,18
2025-11-02,2025-10-30,1m,score_momentum,0.48441558441558447,21
2025-11-02,2025-10-30,1m,score_value,0.03980471811752452,21
2025-11-02,2025-10-30,1m,score_quality,0.10526318011602834,21
2025-11-02,2025-10-30,1m,score_growth,0.6404677180921738,21
2025-11-02,2025-10-30,1m,score_low_risk,0.05717999907537343,21
2025-11-02,2025-10-30,1m,score_liquidity,0.044155844155844164,21
2025-11-02,2025-10-30,3m,score_momentum,0.1155844155844156,21
2025-11-02,2025-10-30,3m,score_value,0.14225292704295647,21
2025-11-02,2025-10-30,3m,score_quality,-0.007147499884421679,21
2025-11-02,2025-10-30,3m,score_growth,0.43455669716395967,21
2025-11-02,2025-10-30,3m,score_low_risk,0.11760886173457491,21
2025-11-02,2025-10-30,3m,score_liquidity,0.24545454545454545,21
2025-11-02,2025-10-30,6m,score_momentum,,0
2025-11-02,2025-10-30,6m,score_value,,0
2025-11-02,2025-10-30,6m,score_quality,,0
2025-11-02,2025-10-30,6m,score_growth,,0
2025-11-02,2025-10-30,6m,score_low_risk,,0
2025-11-02,2025-10-30,6m,score_liquidity,,0
2025-12-01,2025-11-30,1m,score_momentum,0.06315789473684211,19
2025-12-01,2025-11-30,1m,score_value,-0.04317222508135748,19
2025-12-01,2025-11-30,1m,score_quality,-0.1387182273000491,19
2025-12-01,2025-11-30,1m,score_growth,0.13333333333333333,19
2025-12-01,2025-11-30,1m,score_low_risk,-0.24495180643489686,19
2025-12-01,2025-11-30,1m,score_liquidity,-0.28771929824561404,19
2025-12-01,2025-11-30,3m,score_momentum,0.15087719298245614,19
2025-12-01,2025-11-30,3m,score_value,-0.07489059452888544,19
2025-12-01,2025-11-30,3m,score_quality,-0.05355577129938605,19
2025-12-01,2025-11-30,3m,score_growth,0.5982456140350877,19
2025-12-01,2025-11-30,3m,score_low_risk,0.1597893504342338,19
2025-12-01,2025-11-30,3m,score_liquidity,-0.12456140350877193,19
2025-12-01,2025-11-30,6m,score_momentum,,0
2025-12-01,2025-11-30,6m,score_value,,0
2025-12-01,2025-11-30,6m,score_quality,,0
2025-12-01,2025-11-30,6m,score_growth,,0
2025-12-01,2025-11-30,6m,score_low_risk,,0
2025-12-01,2025-11-30,6m,score_liquidity,,0
2026-01-04,2025-12-31,1m,score_momentum,0.15533130060501543,19
2026-01-04,2025-12-31,1m,score_value,0.21447893904532367,19
2026-01-04,2025-12-31,1m,score_quality,0.3081651758374509,19
2026-01-04,2025-12-31,1m,score_growth,0.25208629696727225,19
2026-01-04,2025-12-31,1m,score_low_risk,0.16498465826973394,19
2026-01-04,2025-12-31,1m,score_liquidity,0.27543859649122804,19
2026-01-04,2025-12-31,3m,score_momentum,,0
2026-01-04,2025-12-31,3m,score_value,,0
2026-01-04,2025-12-31,3m,score_quality,,0
2026-01-04,2025-12-31,3m,score_growth,,0
2026-01-04,2025-12-31,3m,score_low_risk,,0
2026-01-04,2025-12-31,3m,score_liquidity,,0
2026-01-04,2025-12-31,6m,score_momentum,,0
2026-01-04,2025-12-31,6m,score_value,,0
2026-01-04,2025-12-31,6m,score_quality,,0
2026-01-04,2025-12-31,6m,score_growth,,0
2026-01-04,2025-12-31,6m,score_low_risk,,0
2026-01-04,2025-12-31,6m,score_liquidity,,0
2026-02-01,2026-01-28,1m,score_momentum,0.41298701298701296,21
2026-02-01,2026-01-28,1m,score_value,-0.319871403793421,21
2026-02-01,2026-01-28,1m,score_quality,-0.15274625394405747,21
2026-02-01,2026-01-28,1m,score_growth,0.20779220779220778,21
2026-02-01,2026-01-28,1m,score_low_risk,0.3673605186685239,21
2026-02-01,2026-01-28,1m,score_liquidity,-0.2636363636363636,21
2026-02-01,2026-01-28,3m,score_momentum,,0
2026-02-01,2026-01-28,3m,score_value,,0
2026-02-01,2026-01-28,3m,score_quality,,0
2026-02-01,2026-01-28,3m,score_growth,,0
2026-02-01,2026-01-28,3m,score_low_risk,,0
2026-02-01,2026-01-28,3m,score_liquidity,,0
2026-02-01,2026-01-28,6m,score_momentum,,0
2026-02-01,2026-01-28,6m,score_value,,0
2026-02-01,2026-01-28,6m,score_quality,,0
2026-02-01,2026-01-28,6m,score_growth,,0
2026-02-01,2026-01-28,6m,score_low_risk,,0
2026-02-01,2026-01-28,6m,score_liquidity,,0
2026-03-01,2026-02-26,1m,score_momentum,-0.11748094227299287,22
2026-03-01,2026-02-26,1m,score_value,-0.06306941365469704,22
2026-03-01,2026-02-26,1m,score_quality,0.11488427851342574,22
2026-03-01,2026-02-26,1m,score_growth,-0.1745269767420904,22
2026-03-01,2026-02-26,1m,score_low_risk,0.3298503379203261,22
2026-03-01,2026-02-26,1m,score_liquidity,0.1225296442687747,22
2026-03-01,2026-02-26,3m,score_momentum,,0
2026-03-01,2026-02-26,3m,score_value,,0
2026-03-01,2026-02-26,3m,score_quality,,0
2026-03-01,2026-02-26,3m,score_growth,,0
2026-03-01,2026-02-26,3m,score_low_risk,,0
2026-03-01,2026-02-26,3m,score_liquidity,,0
2026-03-01,2026-02-26,6m,score_momentum,,0
2026-03-01,2026-02-26,6m,score_value,,0
2026-03-01,2026-02-26,6m,score_quality,,0
2026-03-01,2026-02-26,6m,score_growth,,0
2026-03-01,2026-02-26,6m,score_low_risk,,0
2026-03-01,2026-02-26,6m,score_liquidity,,0
2026-04-01,2026-03-31,1m,score_momentum,,0
2026-04-01,2026-03-31,1m,score_value,,0
2026-04-01,2026-03-31,1m,score_quality,,0
2026-04-01,2026-03-31,1m,score_growth,,0
2026-04-01,2026-03-31,1m,score_low_risk,,0
2026-04-01,2026-03-31,1m,score_liquidity,,0
2026-04-01,2026-03-31,3m,score_momentum,,0
2026-04-01,2026-03-31,3m,score_value,,0
2026-04-01,2026-03-31,3m,score_quality,,0
2026-04-01,2026-03-31,3m,score_growth,,0
2026-04-01,2026-03-31,3m,score_low_risk,,0
2026-04-01,2026-03-31,3m,score_liquidity,,0
2026-04-01,2026-03-31,6m,score_momentum,,0
2026-04-01,2026-03-31,6m,score_value,,0
2026-04-01,2026-03-31,6m,score_quality,,0
2026-04-01,2026-03-31,6m,score_growth,,0
2026-04-01,2026-03-31,6m,score_low_risk,,0
2026-04-01,2026-03-31,6m,score_liquidity,,0
